0,randomseed,[2],modified_value,[i],x[2.000000],from,[1],simul_tick,[295],-2,0.1094813122,-1.6560025322,-0.3362056525,-1.5260222087,-0.4192189603,-1.9480212603,-0.6699059009,-1.6777604262,5.882,2.15,0.534,-1.85,-2.35,0.69,0.4698097874,-1.6479189637,0.2067032828,-1.5037837243,0.2134317561,-1.8037082608,-0.0496747484,-1.6595730214,False,null,null,295,null
0,randomseed,[3],modified_value,[i],x[2.000000],from,[1],simul_tick,[285],-2,0.2616093559,-2.0604065305,-0.1893657214,-1.8186720595,-0.2025194712,-2.1790315022,-0.5277389078,-2.0233326222,5.602,2.15,0.674,-1.85,-2.35,0.59,0.6354616816,-2.0661221207,0.3779774046,-1.9121680785,0.3733914315,-2.2121330245,0.1159071545,-2.0581789822,False,null,null,285,null
0,randomseed,[4],modified_value,[i],x[2.000000],from,[1],simul_tick,[307],-2,-0.0578029274,-1.7807426456,-0.5445260162,-1.6287743677,-0.5866200026,-2.0256011388,-0.8901327195,-1.8042288841,6.218,2.15,0.366,-1.85,-2.35,0.81,0.2466845625,-1.7686113996,-0.0188885926,-1.6290732353,-0.0069456101,-1.9288354163,-0.2725187652,-1.7892972521,False,null,null,307,null
0,randomseed,[5],modified_value,[i],x[2.000000],from,[1],simul_tick,[321],-2,-0.2206527052,-1.5511479211,-0.6114638243,-1.4832892112,-0.9020203579,-1.941410075,-1.0306990293,-1.6024837715,6.61,2.15,0.17,-1.85,-2.35,0.95,-0.1667939658,-1.5434901738,-0.4451295941,-1.4315559163,-0.4028996905,-1.72856877,-0.6812353188,-1.6166345125,False,null,null,321,null
0,randomseed,[6],modified_value,[i],x[2.000000],from,[1],simul_tick,[288],-2,0.2297587073,-1.5316041388,-0.3817505099,-1.4181522828,-0.1175558293,-1.8009342467,-0.4632303195,-1.7603335758,5.686,2.15,0.632,-1.85,-2.35,0.62,0.5737765498,-1.4533336056,0.2871656916,-1.3647095912,0.3537204729,-1.6572338827,0.0671096146,-1.5686098683,False,null,null,288,null
0,randomseed,[8],modified_value,[i],x[2.000000],from,[1],simul_tick,[279],-2,0.3200964837,-1.7430336618,-0.0460985371,-1.6191933009,-0.404572682,-2.0311594289,-0.6090697365,-1.7281230808,5.434,2.15,0.758,-1.85,-2.35,0.53,0.5741346122,-1.7256812838,0.3047088651,-1.5937352085,0.3251530855,-1.8930377876,0.0557273384,-1.7610917123,False,null,null,279,null
0,randomseed,[9],modified_value,[i],x[2.000000],from,[1],simul_tick,[292],-2,0.1556408835,-1.7436089259,-0.6182434556,-1.6021676315,-0.5470810263,-1.9851049774,-0.2395075432,-1.7059071146,5.798,2.15,0.576,-1.85,-2.35,0.66,0.4410639816,-1.764743268,0.1930422022,-1.5959676864,0.1708891506,-1.8951486389,-0.0771326287,-1.7263730572,False,null,null,292,null
0,randomseed,[12],modified_value,[i],x[2.000000],from,[1],simul_tick,[303],-2,6.86758388483E-05,-1.7697994936,-0.5761320129,-1.9535701354,-0.5535287166,-1.6564591949,-0.2822826706,-1.8912335177,6.106,2.15,0.422,-1.85,-2.35,0.77,0.3816790774,-1.7077023375,0.1011526383,-1.6013777545,0.1493360679,-1.8974830687,-0.1311903712,-1.7911584856,False,null,null,303,null
0,randomseed,[13],modified_value,[i],x[2.000000],from,[1],simul_tick,[288],-2,0.2797772639,-1.5162688688,-0.1202231515,-1.4141482001,-0.3092565426,-1.8388147875,-0.5631929723,-1.5750904201,5.686,2.15,0.632,-1.85,-2.35,0.62,0.5506799181,-1.4977008693,0.2812233118,-1.3658178253,0.3017375485,-1.6651156136,0.0322809421,-1.5332325695,False,null,null,288,null
0,randomseed,[14],modified_value,[i],x[2.000000],from,[1],simul_tick,[337],-2,-0.4768137892,-1.8431162738,-0.8305665458,-1.9300572755,-1.2355061142,-1.968732119,-0.9766680803,-1.6584452565,7.058,2.15,-0.054,-1.85,-2.35,1.11,-0.3755895371,-1.8437427146,-0.6344639044,-1.6921377609,-0.6363204619,-1.9921320162,-0.8951948292,-1.8405270625,False,null,null,337,null
0,randomseed,[15],modified_value,[i],x[2.000000],from,[1],simul_tick,[293],-2,0.1934398528,-1.5342174544,-0.2626993531,-1.3964464849,-0.2429717943,-1.8017413916,-0.5656656751,-1.6110984765,5.826,2.15,0.562,-1.85,-2.35,0.67,0.5649596756,-1.5137358517,0.2972891175,-1.3782645546,0.3138028118,-1.6778097063,0.0461322537,-1.5423384093,False,null,null,293,null
0,randomseed,[16],modified_value,[i],x[2.000000],from,[1],simul_tick,[301],-2,0.0441230186,-1.6460184647,-0.4536832384,-1.5380880783,-0.4696854571,-1.9361125027,-0.7906087919,-1.7404097455,6.05,2.15,0.45,-1.85,-2.35,0.75,0.3376506766,-1.6088439999,0.0610553748,-1.4926758501,0.0987484569,-1.7902984829,-0.1778468449,-1.6741303331,False,null,null,301,null
0,randomseed,[18],modified_value,[i],x[2.000000],from,[1],simul_tick,[297],-2,0.1374844776,-1.5224833988,-0.3476981054,-1.4339124635,-0.5204001033,-1.8737104651,-0.6533589973,-1.5315587496,5.938,2.15,0.506,-1.85,-2.35,0.71,0.4165099903,-1.5196617076,0.1551988309,-1.3722965898,0.1582324749,-1.6722812511,-0.1030786846,-1.5249161332,False,null,null,297,null
0,randomseed,[19],modified_value,[i],x[2.000000],from,[1],simul_tick,[281],-2,0.3008773896,-1.8855147165,-0.0321100653,-1.7200074807,-0.39428903,-2.0781424101,-0.6362260637,-1.8070298136,5.49,2.15,0.73,-1.85,-2.35,0.55,0.5854771508,-1.8951892186,0.3309155703,-1.736449174,0.3207234494,-2.0362759918,0.0661618689,-1.8775359473,False,null,null,281,null
0,randomseed,[23],modified_value,[i],x[2.000000],from,[1],simul_tick,[302],-2,-0.0030998963,-1.7411287768,-0.385834345,-1.6086528377,-0.726651473,-2.0380702701,-0.8472613763,-1.6931511098,6.078,2.15,0.436,-1.85,-2.35,0.76,0.3092384158,-1.7502914392,0.0539409781,-1.5927375808,0.0451440532,-1.8926085766,-0.2101533846,-1.7350547182,False,null,null,302,null
0,randomseed,[24],modified_value,[i],x[2.000000],from,[1],simul_tick,[285],-2,0.2316249597,-1.698971061,-0.2925280008,-1.5445526374,-0.2909046109,-1.9481387746,-0.6097115954,-1.7446448237,5.602,2.15,0.674,-1.85,-2.35,0.59,0.5038842165,-1.6784843523,0.2335537777,-1.5484018636,0.2560642573,-1.8475561353,-0.0142661815,-1.7174736466,False,null,null,285,null
0,randomseed,[25],modified_value,[i],x[2.000000],from,[1],simul_tick,[286],-2,0.2370584557,-1.6295092196,-0.4934705625,-1.8384082113,-0.4752510231,-1.5350809081,-0.1693580626,-1.6945112164,5.63,2.15,0.66,-1.85,-2.35,0.6,0.5499227017,-1.6362119281,0.2933874998,-1.4806815767,0.2869618654,-1.7806127542,0.0304266635,-1.6250824029,False,null,null,286,null
0,randomseed,[26],modified_value,[i],x[2.000000],from,[1],simul_tick,[287],-2,0.2094505193,-1.8314141293,-0.5663417746,-1.6070874496,-0.2382706713,-1.8365423756,-0.4823309199,-1.9553455082,5.658,2.15,0.646,-1.85,-2.35,0.61,0.3743831905,-1.8480507886,0.130941311,-1.6727337863,0.1008332731,-1.9712191395,-0.1426086065,-1.7959021372,False,null,null,287,null
0,randomseed,[27],modified_value,[i],x[2.000000],from,[1],simul_tick,[291],-2,0.1735073114,-1.9268271014,-0.0824267011,-1.7046025285,-0.5158252061,-2.1316731204,-0.4705440177,-1.7803495814,5.77,2.15,0.59,-1.85,-2.35,0.65,0.5396566765,-1.9526024411,0.2910237057,-1.7847285426,0.2699571303,-2.0839879608,0.0213241595,-1.9161140623,False,null,null,291,null
0,randomseed,[28],modified_value,[i],x[2.000000],from,[1],simul_tick,[285],-2,0.2590550353,-1.6549016164,-0.4984246316,-1.439768455,-0.0535638227,-1.7801448618,-0.4008837023,-1.775662929,5.602,2.15,0.674,-1.85,-2.35,0.59,0.3814641808,-1.666568535,0.1370607755,-1.4925944695,0.1085965178,-1.79124106,-0.1358068875,-1.6172669945,False,null,null,285,null
0,randomseed,[30],modified_value,[i],x[2.000000],from,[1],simul_tick,[289],-2,0.2448041024,-1.5258095739,-0.0666613096,-1.6022270171,-0.5156874992,-1.7725411396,-0.3130191783,-1.4220256351,5.714,2.15,0.618,-1.85,-2.35,0.63,0.597971541,-1.4980144746,0.327195876,-1.3688613125,0.3507337891,-1.6679364981,0.0799581242,-1.538783336,False,null,null,289,null
0,randomseed,[32],modified_value,[i],x[2.000000],from,[1],simul_tick,[307],-2,-0.015180608,-1.5141148034,-0.8156090289,-1.4449875775,-0.5234826506,-1.6175594327,-0.4282463522,-1.897075961,6.218,2.15,0.366,-1.85,-2.35,0.81,0.265198363,-1.4950837461,-0.0041708843,-1.363022364,0.0161452276,-1.6623336662,-0.2532240196,-1.5302722841,False,null,null,307,null
0,randomseed,[33],modified_value,[i],x[2.000000],from,[1],simul_tick,[325],-2,-0.3368586332,-1.6363774372,-0.8525147613,-2.0774583693,-1.0924130317,-1.5874085656,-0.9119261994,-1.8052228905,6.722,2.15,0.114,-1.85,-2.35,0.99,-0.0454328142,-1.6317599811,-0.3075841859,-1.4858947752,-0.3028314739,-1.7858571257,-0.5649828456,-1.6399919198,False,null,null,325,null
0,randomseed,[34],modified_value,[i],x[2.000000],from,[1],simul_tick,[307],-2,-0.0509808833,-1.7697942126,-0.4251166236,-1.6245019113,-0.701682323,-1.7567817203,-0.6213192255,-2.0671944556,6.218,2.15,0.366,-1.85,-2.35,0.81,0.3417925658,-1.7401116448,0.0714201465,-1.6101164338,0.094027201,-1.9092634229,-0.1763452183,-1.7792682119,False,null,null,307,null
0,randomseed,[36],modified_value,[i],x[2.000000],from,[1],simul_tick,[320],-2,-0.2223176778,-1.6801096279,-0.8201076879,-1.9158256083,-0.5644230293,-1.6931071885,-0.9221455114,-1.6057551941,6.582,2.15,0.184,-1.85,-2.35,0.94,0.1668669439,-1.6400777027,-0.1069252268,-1.5174488021,-0.0762288846,-1.8158742275,-0.3500210553,-1.6932453269,False,null,null,320,null
0,randomseed,[37],modified_value,[i],x[2.000000],from,[1],simul_tick,[289],-2,0.2658395658,-1.5223972283,-0.4672312013,-1.6801216039,-0.3622469625,-1.3906973459,-0.160395155,-1.7027507184,5.714,2.15,0.618,-1.85,-2.35,0.63,0.5486176322,-1.4834861204,0.2707875266,-1.3703029396,0.3116830695,-1.6675024594,0.0338529639,-1.5543192786,False,null,null,289,null
0,randomseed,[38],modified_value,[i],x[2.000000],from,[1],simul_tick,[300],-2,0.0481613413,-1.692069688,-0.2522781498,-1.5334978575,-0.6805700886,-2.0493338219,-0.5698891536,-1.6964906239,6.022,2.15,0.464,-1.85,-2.35,0.74,0.054065984,-1.6908289877,-0.2310342236,-1.5974594445,-0.1693445162,-1.8910482385,-0.4544447238,-1.7976786953,False,null,null,300,null
0,randomseed,[39],modified_value,[i],x[2.000000],from,[1],simul_tick,[301],-2,0.0363025456,-1.9246875921,-0.2855820941,-1.7573293249,-0.425745137,-2.15171118,-0.6626041326,-1.9021273841,6.05,2.15,0.45,-1.85,-2.35,0.75,0.425476257,-1.8885525731,0.1529134363,-1.7632149938,0.180649319,-2.0619301103,-0.0919135017,-1.9365925311,False,null,null,301,null
0,randomseed,[40],modified_value,[i],x[2.000000],from,[1],simul_tick,[302],-2,0.0039597921,-1.6067588181,-0.5624966161,-1.5121572353,-0.412842984,-1.884782268,-0.8594934288,-1.7389472459,6.078,2.15,0.436,-1.85,-2.35,0.76,0.3073913113,-1.5651890557,0.0296283705,-1.4518411457,0.0703476714,-1.7490648637,-0.2074152694,-1.6357169537,False,null,null,302,null
0,randomseed,[42],modified_value,[i],x[2.000000],from,[1],simul_tick,[299],-2,0.0540344218,-1.7894591075,-0.3495183503,-1.5997743481,-0.5937085326,-1.9582491898,-0.8734502163,-1.7358418733,5.994,2.15,0.478,-1.85,-2.35,0.73,0.3636728071,-1.8347171015,0.128290844,-1.6487188987,0.0849026569,-1.9455647598,-0.1504793062,-1.759566557,False,null,null,299,null
0,randomseed,[43],modified_value,[i],x[2.000000],from,[1],simul_tick,[288],-2,0.1962520217,-1.6885918551,-0.1125421231,-1.5271437022,-0.5268822059,-2.0007236279,-0.4463715602,-1.6434514271,5.686,2.15,0.632,-1.85,-2.35,0.62,0.5353780976,-1.6542338154,0.2617740643,-1.5311857235,0.2920133075,-1.8296578129,0.0184092741,-1.706609721,False,null,null,288,null
0,randomseed,[47],modified_value,[i],x[2.000000],from,[1],simul_tick,[301],-2,0.0286186802,-1.6922496147,-0.2998805674,-1.5676988444,-0.6299598903,-2.0309184027,-0.7164305477,-1.6858932984,6.05,2.15,0.45,-1.85,-2.35,0.75,0.3796386408,-1.646952011,0.1027699687,-1.5314369106,0.1411652932,-1.8289697643,-0.1357033788,-1.7134546639,False,null,null,301,null
0,randomseed,[49],modified_value,[i],x[2.000000],from,[1],simul_tick,[323],-2,-0.2953586015,-2.0164943042,-0.563327601,-1.7970353283,-1.0198305051,-2.1657287978,-1.0605776647,-1.823410245,6.666,2.15,0.142,-1.85,-2.35,0.97,0.0582589135,-2.0788864612,-0.1715333435,-1.8860250637,-0.2236600846,-2.1814616946,-0.4534523416,-1.9886002972,False,null,null,323,null
0,randomseed,[50],modified_value,[i],x[2.000000],from,[1],simul_tick,[297],-2,0.0914884663,-1.7298605545,-0.4213096997,-1.9261303453,-0.6525813811,-1.8714035076,-0.4314083563,-1.5744277808,5.938,2.15,0.506,-1.85,-2.35,0.71,0.453980484,-1.7381386991,0.1976652053,-1.5822461789,0.1908159619,-1.8821679818,-0.0654993169,-1.7262754615,False,null,null,297,null
0,randomseed,[51],modified_value,[i],x[2.000000],from,[1],simul_tick,[285],-2,0.2928954869,-1.500786809,-0.040775023,-1.3928436551,-0.363818659,-1.8889727599,-0.5691736442,-1.585552826,5.602,2.15,0.674,-1.85,-2.35,0.59,0.5833121554,-1.4421806289,0.2989664682,-1.3465379073,0.3583102852,-1.6406098566,0.0739645981,-1.5449671351,False,null,null,285,null
0,randomseed,[55],modified_value,[i],x[2.000000],from,[1],simul_tick,[299],-2,0.0548367729,-1.6929920505,-0.2626931049,-1.5520005221,-0.6299152049,-2.022066434,-0.7362890974,-1.6783546923,5.994,2.15,0.478,-1.85,-2.35,0.73,0.3679176672,-1.661381397,0.0943559229,-1.5382393164,0.124492625,-1.8367217768,-0.1490691194,-1.7135796962,False,null,null,299,null
0,randomseed,[58],modified_value,[i],x[2.000000],from,[1],simul_tick,[326],-2,-0.3346857093,-1.6730428358,-0.6361563132,-1.531258071,-0.9518004512,-1.6790522555,-1.0665377894,-1.9670665091,6.75,2.15,0.1,-1.85,-2.35,1,0.0297847368,-1.619579918,-0.2490420831,-1.508874884,-0.2055020449,-1.8056985102,-0.4843288647,-1.6949934763,False,null,null,326,null
0,randomseed,[61],modified_value,[i],x[2.000000],from,[1],simul_tick,[304],-2,-0.0164981915,-1.8300986098,-0.7075988086,-1.9688993159,-0.4285975802,-1.7811414061,-0.8041765966,-1.6574548952,6.134,2.15,0.408,-1.85,-2.35,0.78,0.2800713138,-1.8566150345,0.0346542742,-1.6840738026,0.007937704,-1.9828818093,-0.2374793355,-1.8103405774,False,null,null,304,null
0,randomseed,[63],modified_value,[i],x[2.000000],from,[1],simul_tick,[286],-2,0.2444324865,-1.6057036699,-0.2504016991,-1.5001788113,-0.5144976634,-1.7057932297,-0.3481171729,-1.9926728978,5.63,2.15,0.66,-1.85,-2.35,0.6,0.5625859264,-1.5098445259,0.2705511924,-1.4411734684,0.3570976791,-1.7284184955,0.0650629451,-1.659747438,False,null,null,286,null
0,randomseed,[68],modified_value,[i],x[2.000000],from,[1],simul_tick,[317],-2,-0.2195133653,-1.687393097,-0.7438295782,-1.5779571652,-0.8386088494,-1.9944656369,-1.0793915588,-1.7215605497,6.498,2.15,0.226,-1.85,-2.35,0.91,0.0496923958,-1.7011344661,-0.2021307592,-1.5380850913,-0.2174240824,-1.8376950281,-0.4692472373,-1.6746456532,False,null,null,317,null
0,randomseed,[69],modified_value,[i],x[2.000000],from,[1],simul_tick,[350],-2,-0.6095984494,-1.5318645754,-0.8865738008,-1.4740549902,-1.3294820252,-1.8275292428,-1.1696100755,-1.4765441211,7.422,2.15,-0.236,-1.85,-2.35,1.24,-0.5233819327,-1.5316528229,-0.7835571775,-1.3822913753,-0.782820363,-1.6822904705,-1.0429956078,-1.532929023,False,null,null,350,null
0,randomseed,[70],modified_value,[i],x[2.000000],from,[1],simul_tick,[283],-2,0.2493403836,-1.7550054983,-0.175163747,-1.5987174658,-0.3716559241,-1.9915424848,-0.590215971,-1.6943875708,5.546,2.15,0.702,-1.85,-2.35,0.57,0.5598333368,-1.7804918084,0.313167804,-1.6097401907,0.2886253318,-1.9087346172,0.041959799,-1.7379829996,False,null,null,283,null
0,randomseed,[71],modified_value,[i],x[2.000000],from,[1],simul_tick,[298],-2,0.132072308,-1.4733206304,-0.1924306638,-1.3431713467,-0.4772351263,-1.5339898086,-0.5939028234,-1.8192866168,5.966,2.15,0.492,-1.85,-2.35,0.72,0.4733724043,-1.4016406525,0.1882813586,-1.3082431381,0.2499422613,-1.6018379832,-0.0351487843,-1.5084404688,False,null,null,298,null
0,randomseed,[72],modified_value,[i],x[2.000000],from,[1],simul_tick,[298],-2,0.0822469707,-1.8081162495,-0.2100669943,-1.6479937287,-0.6225395225,-2.1056088466,-0.7847919532,-1.7931941432,5.966,2.15,0.492,-1.85,-2.35,0.72,0.4057952538,-1.7497866365,0.1234963321,-1.6482616702,0.176722593,-1.943502191,-0.1055763287,-1.8419772247,False,null,null,298,null
0,randomseed,[73],modified_value,[i],x[2.000000],from,[1],simul_tick,[303],-2,-0.0215857725,-1.7776703017,-0.706727915,-1.6309298533,-0.6941697314,-2.0385971471,-0.3943553594,-1.8203152109,6.106,2.15,0.422,-1.85,-2.35,0.77,0.3249044338,-1.7582555395,0.057111975,-1.6230253691,0.0738954415,-1.9225555266,-0.1938970174,-1.7873253562,False,null,null,303,null
0,randomseed,[74],modified_value,[i],x[2.000000],from,[1],simul_tick,[299],-2,0.0325524785,-1.7450590593,-0.4809280212,-1.6341356828,-0.4503314563,-2.0196557624,-0.8117399109,-1.8489731055,5.994,2.15,0.478,-1.85,-2.35,0.73,0.337233906,-1.6803319425,0.0519271188,-1.5875955571,0.1142684468,-1.8810466754,-0.1710383404,-1.78831029,False,null,null,299,null
0,randomseed,[75],modified_value,[i],x[2.000000],from,[1],simul_tick,[302],-2,0.0281752731,-1.5857463525,-0.5081461554,-1.8733633687,-0.6051981526,-1.5870563293,-0.3132579318,-1.6023455716,6.078,2.15,0.436,-1.85,-2.35,0.76,0.3957935028,-1.546429655,0.1215076275,-1.4249090452,0.15341063,-1.723207886,-0.1208752453,-1.6016872762,False,null,null,302,null
0,randomseed,[76],modified_value,[i],x[2.000000],from,[1],simul_tick,[379],-2,-1.0543511385,-1.716009491,-1.9808060318,-1.4824856895,-1.3985042019,-1.8674468698,-1.9298541811,-1.8002946391,8.234,2.15,-0.642,-1.85,-2.35,1.53,-0.877594285,-1.6752131407,-1.1644804419,-1.587484394,-1.0970126867,-1.8797994672,-1.3838988436,-1.7920707204,False,null,null,379,null
0,randomseed,[79],modified_value,[i],x[2.000000],from,[1],simul_tick,[290],-2,0.3154194298,-1.4322244486,-0.4741921749,-1.4027831841,-0.0896833884,-1.360238427,-0.1242214291,-1.6747821585,5.742,2.15,0.604,-1.85,-2.35,0.64,0.6690950651,-1.4176896742,0.4033473101,-1.2784843198,0.4156658143,-1.5782313038,0.1499180593,-1.4390259494,False,null,null,290,null
0,randomseed,[81],modified_value,[i],x[2.000000],from,[1],simul_tick,[302],-2,0.0182032164,-1.5959705837,-0.6011420554,-1.8670940979,-0.6836241327,-1.5757388591,-0.3818582174,-1.5972998424,6.078,2.15,0.436,-1.85,-2.35,0.76,0.3894565998,-1.5945135644,0.1290622947,-1.4455343515,0.1302396643,-1.7455320411,-0.1301546408,-1.5965528283,False,null,null,302,null
0,randomseed,[83],modified_value,[i],x[2.000000],from,[1],simul_tick,[306],-2,-0.0035804587,-1.5304835497,-0.6215316416,-1.7832025343,-0.6192863278,-1.4844924629,-0.3291904864,-1.6999236376,6.19,2.15,0.38,-1.85,-2.35,0.8,0.387648693,-1.4357083109,0.0998285515,-1.3510940913,0.1704605586,-1.6426607554,-0.1173595829,-1.5580465358,False,null,null,306,null
0,randomseed,[86],modified_value,[i],x[2.000000],from,[1],simul_tick,[299],-2,0.0799047543,-2.1564414318,-0.143298991,-1.8698663974,-0.7150576965,-2.1815125317,-0.4469705696,-1.9279038989,5.994,2.15,0.478,-1.85,-2.35,0.73,0.3487804425,-2.2571763288,0.158112883,-2.0255605225,0.0528614905,-2.3064913759,-0.137806069,-2.0748755696,False,null,null,299,null
0,randomseed,[87],modified_value,[i],x[2.000000],from,[1],simul_tick,[289],-2,0.3266609025,-1.4507592487,-0.3835569708,-1.3905478048,-0.0707090479,-1.775648339,-0.3724256818,-1.7238822734,5.714,2.15,0.618,-1.85,-2.35,0.63,0.6310159494,-1.3934873832,0.3479501834,-1.294120527,0.4034288446,-1.5889460994,0.1203630786,-1.4895792431,False,null,null,289,null
0,randomseed,[88],modified_value,[i],x[2.000000],from,[1],simul_tick,[313],-2,-0.1727777513,-1.7037794044,-0.5347452916,-1.619767906,-0.803695404,-1.6929025986,-0.8736111712,-1.9933258191,6.386,2.15,0.282,-1.85,-2.35,0.87,0.1748515986,-1.6720174833,-0.0975265639,-1.5462791178,-0.0702301014,-1.8450347088,-0.342608264,-1.7192963433,False,null,null,313,null
0,randomseed,[90],modified_value,[i],x[2.000000],from,[1],simul_tick,[300],-2,0.1172468241,-2.1980709914,-0.2136542502,-2.0562883686,-0.5130480706,-2.2308691567,-0.5680997248,-1.9152379856,6.022,2.15,0.464,-1.85,-2.35,0.74,0.4279583209,-2.4256881224,0.307015909,-2.1511468086,0.1297273628,-2.3931566666,0.0087849509,-2.1186153528,False,null,null,300,null
0,randomseed,[93],modified_value,[i],x[2.000000],from,[1],simul_tick,[291],-2,0.2389495063,-1.5126411533,-0.3967137965,-1.6591632808,-0.2114462255,-1.4114936893,-0.0831750617,-1.7902302887,5.77,2.15,0.59,-1.85,-2.35,0.65,0.6235529307,-1.4246464954,0.3368349282,-1.3363697318,0.4037440096,-1.6288131876,0.117026007,-1.540536424,False,null,null,291,null
0,randomseed,[94],modified_value,[i],x[2.000000],from,[1],simul_tick,[291],-2,0.1727244555,-1.6480805481,-0.5563955606,-1.7860681988,-0.4511663864,-1.4916009243,-0.2103479154,-1.7634219075,5.77,2.15,0.59,-1.85,-2.35,0.65,0.4219431592,-1.6491389901,0.1627749315,-1.4980369393,0.1615008308,-1.7980342337,-0.0976673969,-1.6469321829,False,null,null,291,null
0,randomseed,[95],modified_value,[i],x[2.000000],from,[1],simul_tick,[293],-2,0.1008529684,-1.6912715697,-0.4260779021,-1.5767628729,-0.380485255,-1.9687457772,-0.7264170999,-1.8052022417,5.826,2.15,0.562,-1.85,-2.35,0.67,0.4179954048,-1.6374493909,0.1367526589,-1.5330342678,0.1869478828,-1.8288051919,-0.0942948631,-1.7243900688,False,null,null,293,null
0,randomseed,[96],modified_value,[i],x[2.000000],from,[1],simul_tick,[284],-2,0.2478372435,-2.0254687481,-0.369098778,-1.7183726342,-0.0910244335,-2.1252624374,-0.3997281145,-2.0667528793,5.574,2.15,0.688,-1.85,-2.35,0.58,0.6320689647,-2.0801942829,0.3960079436,-1.8950586723,0.3537063122,-2.1920613187,0.1176452911,-2.006925708,False,null,null,284,null
0,randomseed,[97],modified_value,[i],x[2.000000],from,[1],simul_tick,[282],-2,0.2696547571,-1.7646662428,-0.4849161916,-1.6350711844,-0.1872379537,-1.8424243912,-0.3984245379,-2.0167174673,5.518,2.15,0.716,-1.85,-2.35,0.56,0.5619566848,-1.7106474766,0.2792160147,-1.6103593242,0.3337342621,-1.9053640033,0.0509935921,-1.805075851,False,null,null,282,null
0,randomseed,[99],modified_value,[i],x[2.000000],from,[1],simul_tick,[286],-2,0.2405889882,-1.5709415695,-0.5023380777,-1.4118508709,-0.1052567471,-1.5242551494,-0.3278738711,-1.7552612628,5.63,2.15,0.66,-1.85,-2.35,0.6,0.3526703738,-1.5703153785,0.0920287807,-1.4217692242,0.093704834,-1.7217645423,-0.1669367591,-1.5732183879,False,null,null,286,null
0,randomseed,[104],modified_value,[i],x[2.000000],from,[1],simul_tick,[291],-2,0.1781803945,-1.7465735229,-0.1619446254,-1.6073814353,-0.4322942056,-2.0305794026,-0.6274986888,-1.7195211756,5.77,2.15,0.59,-1.85,-2.35,0.65,0.5148650962,-1.7364428776,0.2506636363,-1.5943246571,0.2596863769,-1.8941889433,-0.0045150829,-1.7520707227,False,null,null,291,null
0,randomseed,[105],modified_value,[i],x[2.000000],from,[1],simul_tick,[299],-2,0.1257308879,-1.5060922945,-0.4288078703,-1.411887443,-0.4185737573,-1.8088684583,-0.7453506871,-1.6263075604,5.994,2.15,0.478,-1.85,-2.35,0.73,0.422247106,-1.4879270294,0.1537535058,-1.354094348,0.1720978039,-1.6535329673,-0.0963957963,-1.5197002858,False,null,null,299,null
0,randomseed,[106],modified_value,[i],x[2.000000],from,[1],simul_tick,[282],-2,0.2920903888,-1.777929721,-0.4544528904,-1.5651170015,-0.1289787453,-1.7301660034,-0.3738974913,-1.9171048554,5.518,2.15,0.716,-1.85,-2.35,0.56,0.3549859585,-1.7795920919,0.0992322517,-1.6227799703,0.0913058241,-1.9226752382,-0.1644478826,-1.7658631166,False,null,null,282,null
0,randomseed,[107],modified_value,[i],x[2.000000],from,[1],simul_tick,[325],-2,-0.3122210846,-1.9134475633,-0.6794935684,-1.9966530284,-1.0264325012,-1.9793641397,-0.7135557034,-1.6761482518,6.722,2.15,0.114,-1.85,-2.35,0.99,0.0733107039,-1.9929707833,-0.1508378419,-1.793578132,-0.2114426703,-2.0873927926,-0.4355912162,-1.8880001413,False,null,null,325,null
0,randomseed,[110],modified_value,[i],x[2.000000],from,[1],simul_tick,[288],-2,0.2204040621,-1.6505684827,-0.0760048785,-1.5145836543,-0.4670172547,-2.0282644832,-0.6476093646,-1.7198847661,5.686,2.15,0.632,-1.85,-2.35,0.62,0.5220794421,-1.5764427699,0.2339842382,-1.492769874,0.3055689868,-1.7841040872,0.0174737829,-1.7004311914,False,null,null,288,null
0,randomseed,[111],modified_value,[i],x[2.000000],from,[1],simul_tick,[286],-2,0.2539132522,-1.6678819825,-0.3950229499,-1.4876841323,-0.0678362318,-1.8631427281,-0.3727767563,-1.8337623192,5.63,2.15,0.66,-1.85,-2.35,0.6,0.6134102252,-1.6335607005,0.3405228653,-1.5089312945,0.3690343136,-1.8075733835,0.0961469538,-1.6829439775,False,null,null,286,null
0,randomseed,[112],modified_value,[i],x[2.000000],from,[1],simul_tick,[304],-2,0.137024812,-1.4295451007,-0.3864212367,-1.3154370138,-0.2782952885,-1.7060854128,-0.6434168895,-1.576649427,6.134,2.15,0.408,-1.85,-2.35,0.78,0.4666567996,-1.4104285719,0.198600538,-1.2757220737,0.2159694193,-1.5752188549,-0.0520868422,-1.4405123567,False,null,null,304,null
0,randomseed,[115],modified_value,[i],x[2.000000],from,[1],simul_tick,[290],-2,0.2020801705,-1.530712848,-0.441725652,-1.4211245351,-0.2266229447,-1.7856280041,-0.6876649907,-1.6787456163,5.742,2.15,0.604,-1.85,-2.35,0.64,0.5062532138,-1.5064066188,0.2353228444,-1.3775783029,0.2592194348,-1.6766250434,-0.0117109345,-1.5477967275,False,null,null,290,null
0,randomseed,[116],modified_value,[i],x[2.000000],from,[1],simul_tick,[276],-2,0.3581511108,-1.7488263382,-0.0392319251,-1.572099937,-0.2884388286,-1.941602206,-0.5658771524,-1.7054376477,5.35,2.15,0.8,-1.85,-2.35,0.5,0.643458937,-1.7751957948,0.3985587846,-1.6019216902,0.3709490844,-1.9006484959,0.126048932,-1.7273743913,False,null,null,276,null
0,randomseed,[117],modified_value,[i],x[2.000000],from,[1],simul_tick,[284],-2,0.2503643623,-1.871339785,-0.4883407959,-1.6540357472,-0.1618084124,-1.8132778309,-0.3613666257,-2.0364631978,5.574,2.15,0.688,-1.85,-2.35,0.58,0.5547257865,-1.8850980376,0.3019568342,-1.7235187793,0.2884095679,-2.0232127425,0.0356406155,-1.8616334841,False,null,null,284,null
0,randomseed,[119],modified_value,[i],x[2.000000],from,[1],simul_tick,[301],-2,0.0912197268,-1.5046857595,-0.5191044688,-1.4118230583,-0.3264201369,-1.7758472837,-0.7942810001,-1.6539962862,6.05,2.15,0.45,-1.85,-2.35,0.75,0.3591337165,-1.4883030397,0.0906552009,-1.3544400999,0.1089657521,-1.6538807847,-0.1595127634,-1.5200178448,False,null,null,301,null
0,randomseed,[120],modified_value,[i],x[2.000000],from,[1],simul_tick,[297],-2,0.0733454671,-1.5744804942,-0.5604765008,-1.807291112,-0.532071838,-1.5024205205,-0.236303877,-1.7138317587,5.938,2.15,0.506,-1.85,-2.35,0.71,0.4766399612,-1.5297537846,0.2018813777,-1.4093057841,0.2349496412,-1.7074776975,-0.0398089423,-1.587029697,False,null,null,297,null
0,randomseed,[122],modified_value,[i],x[2.000000],from,[1],simul_tick,[284],-2,0.3261529838,-1.5307169796,-0.434203339,-1.4026645075,-0.0537322675,-1.563244749,-0.3123530059,-1.7372783913,5.574,2.15,0.688,-1.85,-2.35,0.58,0.3995394577,-1.5271924647,0.1328352306,-1.3898285128,0.1472266723,-1.6894831247,-0.1194775548,-1.5521191728,False,null,null,284,null
0,randomseed,[123],modified_value,[i],x[2.000000],from,[1],simul_tick,[310],-2,-0.0888373698,-2.0742289379,-0.3935163127,-2.1643214487,-0.864204766,-2.1437302721,-0.5560452213,-1.91388868,6.302,2.15,0.324,-1.85,-2.35,0.84,0.0555746048,-2.0225967098,-0.239566263,-1.9688206168,-0.1385672918,-2.2513081525,-0.4337081596,-2.1975320594,False,null,null,310,null
0,randomseed,[125],modified_value,[i],x[2.000000],from,[1],simul_tick,[285],-2,0.2268966149,-1.8427574993,-0.5417098445,-1.6572878888,-0.1971468965,-1.7393311999,-0.3346328949,-2.0166161979,5.602,2.15,0.674,-1.85,-2.35,0.59,0.4446862336,-1.8419844739,0.1843478403,-1.6929075776,0.1854126576,-1.9929056879,-0.0749257356,-1.8438287916,False,null,null,285,null
0,randomseed,[126],modified_value,[i],x[2.000000],from,[1],simul_tick,[286],-2,0.2587263197,-1.7354176487,-0.5110818265,-1.6207710257,-0.1998838981,-1.7461740282,-0.253809969,-2.0432882615,5.63,2.15,0.66,-1.85,-2.35,0.6,0.5887662375,-1.7038597443,0.3158605835,-1.5792704028,0.3444158757,-1.8779083027,0.0715102217,-1.7533189612,False,null,null,286,null
0,randomseed,[127],modified_value,[i],x[2.000000],from,[1],simul_tick,[306],-2,0.0072002531,-2.1760337704,-0.2818074043,-1.9817775302,-0.7686935622,-2.1915914558,-0.6581168719,-1.8514589335,6.19,2.15,0.38,-1.85,-2.35,0.8,0.1970372461,-2.3223895201,0.0828642843,-2.0449646928,-0.1003061829,-2.2825537917,-0.2144791446,-2.0051289644,False,null,null,306,null
0,randomseed,[128],modified_value,[i],x[2.000000],from,[1],simul_tick,[287],-2,0.2324471082,-1.975146608,-0.4589251599,-1.7040673297,-0.1593674221,-1.9416043026,-0.3993338047,-2.0762430361,5.658,2.15,0.646,-1.85,-2.35,0.61,0.6076312712,-2.0120628689,0.3637605898,-1.8373428336,0.3343839413,-2.1359010566,0.0905132599,-1.9611810212,False,null,null,287,null
0,randomseed,[129],modified_value,[i],x[2.000000],from,[1],simul_tick,[340],-2,-0.5333340859,-1.8421856607,-1.0116637334,-1.6938613289,-1.0182260664,-2.0739793833,-1.3603443598,-1.8281198124,7.142,2.15,-0.096,-1.85,-2.35,1.14,-0.1948331008,-1.8818677591,-0.4354089568,-1.7026381368,-0.4703384349,-2.0005977508,-0.7109142909,-1.8213681285,False,null,null,340,null
0,randomseed,[133],modified_value,[i],x[2.000000],from,[1],simul_tick,[309],-2,-0.0954941248,-1.6956189133,-0.5489466316,-1.8782691253,-0.816360992,-1.8541008476,-0.504447633,-1.5429685804,6.274,2.15,0.338,-1.85,-2.35,0.83,0.2781955802,-1.6360383932,-0.0019889292,-1.5288160042,0.0452460128,-1.8250741016,-0.2349384966,-1.7178517126,False,null,null,309,null
0,randomseed,[134],modified_value,[i],x[2.000000],from,[1],simul_tick,[328],-2,-0.3698354989,-1.8141905957,-0.6618573799,-1.6546896633,-1.0965087234,-2.0975088083,-1.0605270977,-1.740900576,6.806,2.15,0.072,-1.85,-2.35,1.02,-0.0044051957,-1.8013317531,-0.2693270863,-1.6605610462,-0.2587771492,-1.9603754869,-0.5236990397,-1.8196047801,False,null,null,328,null
0,randomseed,[135],modified_value,[i],x[2.000000],from,[1],simul_tick,[301],-2,0.2499024057,-1.4063864551,-0.1149536576,-1.3687535774,-0.4420047615,-1.4892420883,-0.4008835965,-1.7944531236,6.05,2.15,0.45,-1.85,-2.35,0.75,0.2736275639,-1.4363395496,0.2298962248,-1.1395440476,-0.00527055,-1.3258142492,-0.0490018891,-1.0290187472,False,null,null,301,null
0,randomseed,[136],modified_value,[i],x[2.000000],from,[1],simul_tick,[316],-2,-0.199840919,-1.9621458617,-0.4804859511,-1.805949313,-0.9507314747,-2.0871874375,-0.7912147541,-1.7653551289,6.47,2.15,0.24,-1.85,-2.35,0.9,-0.1001678876,-1.967869932,-0.3509480376,-1.8032208616,-0.3681482403,-2.1027273774,-0.6189283902,-1.938078307,False,null,null,316,null
0,randomseed,[137],modified_value,[i],x[2.000000],from,[1],simul_tick,[304],-2,0.1633684142,-1.4159459711,-0.3414150929,-1.3788303332,-0.3695030829,-1.7974016597,-0.676242663,-1.598070332,6.134,2.15,0.408,-1.85,-2.35,0.78,0.4166870528,-1.375548637,0.136498996,-1.2683355181,0.1837437399,-1.5645920526,-0.0964443169,-1.4573789337,False,null,null,304,null
0,randomseed,[138],modified_value,[i],x[2.000000],from,[1],simul_tick,[291],-2,0.1486338123,-1.9625314633,-0.373829925,-1.7124849098,-0.3678626851,-2.1052873606,-0.7074909687,-1.8682049659,5.77,2.15,0.59,-1.85,-2.35,0.65,0.3900476961,-2.0358959289,0.1850799513,-1.8168337835,0.0978504407,-2.1038721302,-0.1071173041,-1.8848099847,False,null,null,291,null
0,randomseed,[139],modified_value,[i],x[2.000000],from,[1],simul_tick,[289],-2,0.1713405484,-1.7916433677,-0.5508499858,-1.6727340371,-0.2165777169,-1.7973234175,-0.396638221,-2.044024619,5.714,2.15,0.618,-1.85,-2.35,0.63,0.2999379858,-1.7638907208,0.0143340079,-1.6720736865,0.0776201126,-1.965322504,-0.2079838653,-1.8735054696,False,null,null,289,null
0,randomseed,[140],modified_value,[i],x[2.000000],from,[1],simul_tick,[383],-2,-1.1386302076,-1.6794626603,-1.6373884104,-1.6956212573,-1.875813544,-1.6976813386,-1.7371869916,-1.9950436944,8.346,2.15,-0.698,-1.85,-2.35,1.57,-0.8566483668,-1.5555977076,-1.1548448244,-1.5227515102,-1.034192237,-1.7974203165,-1.3323886946,-1.7645741191,False,null,null,383,null
0,randomseed,[142],modified_value,[i],x[2.000000],from,[1],simul_tick,[312],-2,-0.0788267964,-1.5292388843,-0.3720819876,-1.4091121858,-0.5922466164,-1.6558981959,-0.5900129869,-1.9654980752,6.358,2.15,0.296,-1.85,-2.35,0.86,0.207010037,-1.3288050361,-0.0918305892,-1.3551542325,0.0804087974,-1.6007832083,-0.2184318288,-1.6271324046,False,null,null,312,null
0,randomseed,[143],modified_value,[i],x[2.000000],from,[1],simul_tick,[294],-2,0.1098604983,-1.7603132649,-0.2422421399,-1.6008510475,-0.5728116146,-1.9561441129,-0.8319226215,-1.7209319815,5.854,2.15,0.548,-1.85,-2.35,0.68,0.4052803571,-1.7794232663,0.1556975186,-1.6129648429,0.1363317144,-1.9123391331,-0.113251124,-1.7458807096,False,null,null,294,null
0,randomseed,[144],modified_value,[i],x[2.000000],from,[1],simul_tick,[290],-2,0.2592407686,-1.5155661033,-0.5222499117,-1.4137664851,-0.0555689803,-1.6740581478,-0.3828243134,-1.7449443106,5.742,2.15,0.604,-1.85,-2.35,0.64,0.6249812486,-1.4831639478,0.3529501014,-1.356676577,0.3794243986,-1.6555061465,0.1073932515,-1.5290187757,False,null,null,290,null
0,randomseed,[146],modified_value,[i],x[2.000000],from,[1],simul_tick,[295],-2,0.1103453364,-1.9800522602,-0.427366431,-1.758506574,-0.3815198551,-2.139599179,-0.7666088788,-1.9323987215,5.882,2.15,0.534,-1.85,-2.35,0.69,0.2771399727,-1.9886076997,0.0253573417,-1.8254957543,0.0099895688,-2.1251018817,-0.2417930622,-1.9619899363,False,null,null,295,null
0,randomseed,[147],modified_value,[i],x[2.000000],from,[1],simul_tick,[293],-2,0.1941624927,-1.5257021319,-0.4544518065,-1.7134174303,-0.3540119217,-1.4197615989,-0.1295833607,-1.7027589896,5.826,2.15,0.562,-1.85,-2.35,0.67,0.5809866097,-1.4893401326,0.308280981,-1.3643135752,0.3363576204,-1.6629968561,0.0636519917,-1.5379702986,False,null,null,293,null
0,randomseed,[149],modified_value,[i],x[2.000000],from,[1],simul_tick,[294],-2,0.1300420005,-1.7688291697,-0.4315089785,-1.9191992952,-0.3300417133,-1.6334049622,-0.1217176298,-2.0243512626,5.854,2.15,0.548,-1.85,-2.35,0.68,0.5024899469,-1.6713712806,0.2131729001,-1.5920261709,0.2891165428,-1.882254638,-0.000200504,-1.8029095283,False,null,null,294,null
0,randomseed,[151],modified_value,[i],x[2.000000],from,[1],simul_tick,[285],-2,0.327792447,-1.4837739037,-0.4387558288,-1.4513548353,-0.0734764965,-1.5224902783,-0.225704197,-1.7923144078,5.602,2.15,0.674,-1.85,-2.35,0.59,0.6625522717,-1.4143603365,0.377700857,-1.3202345084,0.4386112061,-1.6139859839,0.1537597913,-1.5198601558,False,null,null,285,null
0,randomseed,[153],modified_value,[i],x[2.000000],from,[1],simul_tick,[292],-2,0.1522955582,-1.5601518522,-0.1580613484,-1.4303619298,-0.3238208862,-1.9336600064,-0.4967884653,-1.6127286606,5.798,2.15,0.576,-1.85,-2.35,0.66,0.520312162,-1.4731209703,0.2329575517,-1.3869390235,0.3019991016,-1.6788863893,0.0146444913,-1.5927044426,False,null,null,292,null
0,randomseed,[154],modified_value,[i],x[2.000000],from,[1],simul_tick,[283],-2,0.2993128737,-1.6270005246,-0.2005907638,-1.5113083201,-0.2239526555,-1.9189538945,-0.5266548963,-1.7090913751,5.546,2.15,0.702,-1.85,-2.35,0.57,0.6224185721,-1.5858080943,0.3457271293,-1.469869121,0.3836667546,-1.7674604261,0.1069753118,-1.6515214528,False,null,null,283,null
0,randomseed,[155],modified_value,[i],x[2.000000],from,[1],simul_tick,[304],-2,-0.0494949304,-1.6438541632,-0.5764958437,-1.5893158902,-0.5233170841,-1.9700686706,-0.9087513748,-1.820073268,6.134,2.15,0.408,-1.85,-2.35,0.78,0.2160564976,-1.5359164695,-0.0811107758,-1.4947872629,0.0318539231,-1.7727062741,-0.2653133503,-1.7315770675,False,null,null,304,null
0,randomseed,[156],modified_value,[i],x[2.000000],from,[1],simul_tick,[293],-2,0.1223799383,-1.8326820555,-0.1569748954,-1.6625573739,-0.5806042085,-1.7905207107,-0.6318552654,-2.106806697,5.826,2.15,0.562,-1.85,-2.35,0.67,0.3853307998,-1.7865781374,0.1035220916,-1.6837002874,0.1553316141,-1.9791927127,-0.126477094,-1.8763148627,False,null,null,293,null
0,randomseed,[157],modified_value,[i],x[2.000000],from,[1],simul_tick,[291],-2,0.2604662342,-1.4826266807,-0.3441500991,-1.3914995436,-0.0702257886,-1.7349793557,-0.6007595258,-1.6556234095,5.77,2.15,0.59,-1.85,-2.35,0.65,0.5883291125,-1.3941470695,0.2984129078,-1.3170199391,0.3765769559,-1.6066583026,0.0866607512,-1.5295311721,False,null,null,291,null
0,randomseed,[158],modified_value,[i],x[2.000000],from,[1],simul_tick,[278],-2,0.3404791793,-2.0810064115,0.0088184244,-1.8894164293,-0.365240536,-2.17895246,-0.5657485754,-1.8995119814,5.406,2.15,0.772,-1.85,-2.35,0.52,0.5326185302,-2.0613349765,0.2588846305,-1.9385760577,0.2894392381,-2.2370160281,0.0157053384,-2.1142571093,False,null,null,278,null
0,randomseed,[161],modified_value,[i],x[2.000000],from,[1],simul_tick,[296],-2,0.1410091259,-1.5352979226,-0.2693060179,-1.4386717815,-0.6549716699,-1.5762529012,-0.5200924487,-1.8684174187,5.91,2.15,0.52,-1.85,-2.35,0.7,0.4708238595,-1.5201434467,0.2044050622,-1.3822267166,0.2181750689,-1.6819105281,-0.0482437284,-1.543993798,False,null,null,296,null
0,randomseed,[162],modified_value,[i],x[2.000000],from,[1],simul_tick,[288],-2,0.2790998468,-1.4975371275,-0.3279096799,-1.3271267259,0.0121441387,-1.7403861369,-0.3213956405,-1.6738644563,5.686,2.15,0.632,-1.85,-2.35,0.62,0.6424700897,-1.4699135287,0.3720396882,-1.3400389817,0.394780232,-1.6391758529,0.1243498305,-1.5093013059,False,null,null,288,null
0,randomseed,[163],modified_value,[i],x[2.000000],from,[1],simul_tick,[298],-2,0.0756131197,-1.6184089792,-0.4966646277,-1.8428439082,-0.5382322314,-1.5432351041,-0.236330035,-1.6153523129,5.966,2.15,0.492,-1.85,-2.35,0.72,0.4525790891,-1.6269189026,0.1962229987,-1.4710935038,0.18945229,-1.7710170899,-0.0669038004,-1.6151916912,False,null,null,298,null
0,randomseed,[165],modified_value,[i],x[2.000000],from,[1],simul_tick,[296],-2,0.3093825828,-1.4059739929,-0.4514890241,-1.3546243559,-0.0662675648,-1.3791206872,-0.1975416398,-1.6605746628,5.91,2.15,0.52,-1.85,-2.35,0.7,0.461089665,-1.3922913945,0.1888583851,-1.2662353346,0.2158062748,-1.5650225686,-0.056425005,-1.4389665087,False,null,null,296,null
0,randomseed,[167],modified_value,[i],x[2.000000],from,[1],simul_tick,[284],-2,0.2928481018,-2.1633407488,-0.3777371046,-1.863787824,-0.0874436897,-2.0382638248,-0.2922337571,-2.1999507455,5.574,2.15,0.688,-1.85,-2.35,0.58,0.637896255,-2.2724982581,0.4354315972,-2.0511206117,0.3449452605,-2.3371489719,0.1424806027,-2.1157713255,False,null,null,284,null
0,randomseed,[169],modified_value,[i],x[2.000000],from,[1],simul_tick,[286],-2,0.2456690704,-1.9004060657,-0.0902697318,-1.7086793923,-0.3483165883,-2.0725543624,-0.5830066993,-1.8000156861,5.63,2.15,0.66,-1.85,-2.35,0.6,0.5732910554,-1.9068431389,0.316480179,-1.7517684029,0.3105869563,-2.0517105138,0.0537760799,-1.8966357778,False,null,null,286,null
0,randomseed,[170],modified_value,[i],x[2.000000],from,[1],simul_tick,[283],-2,0.2632470536,-1.6641236299,-0.0760189492,-1.565209933,-0.4018485508,-1.9942814513,-0.5925120063,-1.6997220845,5.546,2.15,0.702,-1.85,-2.35,0.57,0.3228329597,-1.6522696201,0.038751374,-1.5558452839,0.0972862421,-1.8500793221,-0.1867953437,-1.7536549858,False,null,null,283,null
0,randomseed,[171],modified_value,[i],x[2.000000],from,[1],simul_tick,[281],-2,0.2789158689,-1.7712062832,-0.4765048262,-1.5516293464,-0.1585187366,-1.8374370674,-0.420567331,-1.897902872,5.49,2.15,0.73,-1.85,-2.35,0.55,0.5876730951,-1.7833995054,0.3339869107,-1.6232641882,0.3221487502,-1.9230305272,0.0684625657,-1.76289521,False,null,null,281,null
0,randomseed,[172],modified_value,[i],x[2.000000],from,[1],simul_tick,[330],-2,-0.3521793184,-1.5399368018,-0.7938566594,-1.8062881805,-1.0410734329,-1.7514853588,-0.8320781707,-1.4412275238,6.862,2.15,0.044,-1.85,-2.35,1.04,0.0006355332,-1.5279327155,-0.2641224516,-1.3868539804,-0.2539212277,-1.6866804886,-0.5186792125,-1.5456017535,False,null,null,330,null
0,randomseed,[174],modified_value,[i],x[2.000000],from,[1],simul_tick,[281],-2,0.3131578184,-1.5557546679,-0.0708082983,-1.4298638112,-0.3421455544,-1.8157963812,-0.6339225112,-1.6114264298,5.49,2.15,0.73,-1.85,-2.35,0.55,0.6156610733,-1.5458354291,0.3510770788,-1.404430656,0.3609089502,-1.7042695032,0.0963249558,-1.56286473,False,null,null,281,null
0,randomseed,[175],modified_value,[i],x[2.000000],from,[1],simul_tick,[311],-2,-0.1402893051,-1.7034966136,-0.7457279521,-1.5952817834,-0.5339822558,-1.9548547337,-1.0257988858,-1.7946009622,6.33,2.15,0.31,-1.85,-2.35,0.85,0.1957848262,-1.6799439231,-0.0738736719,-1.5484741758,-0.0529005638,-1.8477401591,-0.3225590618,-1.7162704119,False,null,null,311,null
0,randomseed,[176],modified_value,[i],x[2.000000],from,[1],simul_tick,[284],-2,0.2726746015,-1.9248430436,-0.3865476828,-2.110270147,-0.2920926268,-1.8126792224,0.0056442921,-2.0914146877,5.574,2.15,0.688,-1.85,-2.35,0.58,0.6365625146,-1.7693375837,0.3387107426,-1.733500146,0.4566004971,-2.0093660659,0.1587487252,-1.9735286282,False,null,null,284,null
0,randomseed,[177],modified_value,[i],x[2.000000],from,[1],simul_tick,[310],-2,-0.0730003308,-1.5864507448,-0.378776408,-1.418985444,-0.7119561855,-1.5846453846,-0.8006196141,-1.8821844376,6.302,2.15,0.324,-1.85,-2.35,0.84,0.2949645225,-1.5616007793,0.025640337,-1.4294475231,0.0458543527,-1.7287657377,-0.2234698328,-1.5966124815,False,null,null,310,null
0,randomseed,[178],modified_value,[i],x[2.000000],from,[1],simul_tick,[306],-2,-0.0375191564,-1.9814791073,-0.6416245669,-2.0763604218,-0.3278867204,-2.0528210987,-0.6440840798,-1.7651160305,6.19,2.15,0.38,-1.85,-2.35,0.8,0.3436383548,-1.9657655712,0.0778726064,-1.8265945721,0.0902298599,-2.1263399612,-0.1755358885,-1.9871689621,False,null,null,306,null
0,randomseed,[179],modified_value,[i],x[2.000000],from,[1],simul_tick,[298],-2,0.0325815625,-1.655444886,-0.6372862962,-1.8605413102,-0.2937119869,-1.7818025477,-0.6890539023,-1.5490016141,5.966,2.15,0.492,-1.85,-2.35,0.72,0.3663660911,-1.6103712839,0.0888218809,-1.4964888384,0.1289688951,-1.7937903978,-0.148575315,-1.6799079522,False,null,null,298,null
0,randomseed,[181],modified_value,[i],x[2.000000],from,[1],simul_tick,[387],-2,-1.1918553153,-1.7664553897,-1.9851757845,-1.457303443,-1.5338072111,-1.8648392823,-1.9989632894,-1.7498867256,8.458,2.15,-0.754,-1.85,-2.35,1.61,-0.8506622241,-1.7090111686,-1.131767988,-1.6042278232,-1.0819601451,-1.9000642286,-1.3630659091,-1.7952808832,False,null,null,387,null
0,randomseed,[182],modified_value,[i],x[2.000000],from,[1],simul_tick,[330],-2,-0.3652420015,-1.9598006459,-0.927475206,-2.1808791887,-0.9797755272,-1.6434642382,-0.9609795084,-1.921344193,6.862,2.15,0.044,-1.85,-2.35,1.04,-0.100142605,-2.0265927891,-0.315429509,-1.8176632579,-0.3887243386,-2.1085719514,-0.6040112425,-1.8996424203,False,null,null,330,null
0,randomseed,[184],modified_value,[i],x[2.000000],from,[1],simul_tick,[306],-2,0.040660589,-1.4732301025,-0.382498391,-1.3955916636,-0.5299007335,-1.8226711872,-0.7919136385,-1.5728060177,6.19,2.15,0.38,-1.85,-2.35,0.8,0.3654344786,-1.4449068698,0.0935773314,-1.3180459556,0.1196411305,-1.6169116083,-0.1522160166,-1.4900506941,False,null,null,306,null
0,randomseed,[186],modified_value,[i],x[2.000000],from,[1],simul_tick,[389],-2,-1.2375503598,-1.8523960596,-1.7072706828,-1.7302913474,-1.7326975847,-2.0521871232,-1.9796143701,-1.6151381226,8.514,2.15,-0.782,-1.85,-2.35,1.63,-0.8754940391,-1.837222906,-1.1413545372,-1.6982329943,-1.1287930825,-1.9979698953,-1.3946535806,-1.8589799836,False,null,null,389,null
0,randomseed,[187],modified_value,[i],x[2.000000],from,[1],simul_tick,[290],-2,0.1540022465,-1.6877401883,-0.4240990684,-1.5361930026,-0.3104554975,-1.9179737151,-0.7465461715,-1.7404352975,5.742,2.15,0.604,-1.85,-2.35,0.64,0.4487417733,-1.6878576244,0.1889939389,-1.5377541185,0.1888744067,-1.8377540947,-0.0708734277,-1.6876505887,False,null,null,290,null
0,randomseed,[188],modified_value,[i],x[2.000000],from,[1],simul_tick,[307],-2,-0.041677324,-1.5764038909,-0.4362447711,-1.8224847491,-0.5822981592,-1.5548995848,-0.8669832148,-1.7066699915,6.218,2.15,0.366,-1.85,-2.35,0.81,0.2753789447,-1.5538190893,0.0055700594,-1.4226582514,0.0268858845,-1.7219000192,-0.2429230009,-1.5907391814,False,null,null,307,null
0,randomseed,[189],modified_value,[i],x[2.000000],from,[1],simul_tick,[296],-2,0.1095310997,-1.9039717325,-0.5416789347,-2.0191807683,-0.4546330874,-1.7259374404,-0.2027776302,-1.9898295795,5.91,2.15,0.52,-1.85,-2.35,0.7,0.4764943881,-1.9259129556,0.2261026428,-1.7606738141,0.2081972212,-2.0601389971,-0.0421945241,-1.8948998556,False,null,null,296,null
0,randomseed,[190],modified_value,[i],x[2.000000],from,[1],simul_tick,[284],-2,0.3089261652,-1.5466422895,-0.2871742287,-1.4429985413,-0.2416327441,-1.8299094387,-0.6116581406,-1.6702521284,5.574,2.15,0.688,-1.85,-2.35,0.58,0.5872498157,-1.5174159687,0.3131977461,-1.3953689977,0.3445280035,-1.6937285375,0.0704759339,-1.5716815664,False,null,null,284,null
0,randomseed,[192],modified_value,[i],x[2.000000],from,[1],simul_tick,[323],-2,-0.292066389,-1.8597951976,-0.8022580109,-1.7154133498,-0.8701864546,-2.1074391126,-1.1586391017,-1.869509863,6.666,2.15,0.142,-1.85,-2.35,0.97,-0.0067469174,-1.8250102327,-0.2827979441,-1.7075545785,-0.2464920111,-2.0053496074,-0.5225430377,-1.8878939533,False,null,null,323,null
0,randomseed,[194],modified_value,[i],x[2.000000],from,[1],simul_tick,[292],-2,0.1738429663,-1.5670004814,-0.1234120655,-1.6661354003,-0.5725109223,-1.8171512797,-0.3641070724,-1.4638274971,5.798,2.15,0.576,-1.85,-2.35,0.66,0.5015079397,-1.5348868709,0.2283081692,-1.4109437975,0.2575702043,-1.7095132757,-0.0156295661,-1.5855702023,False,null,null,292,null
0,randomseed,[195],modified_value,[i],x[2.000000],from,[1],simul_tick,[291],-2,0.1815685681,-1.699359774,-0.4213195735,-1.5478573267,-0.3538855739,-1.9333855803,-0.7432471897,-1.7480660032,5.77,2.15,0.59,-1.85,-2.35,0.65,0.4605811031,-1.6997045865,0.2009590549,-1.5493836228,0.2005883057,-1.8493833937,-0.0590337424,-1.69906243,False,null,null,291,null
0,randomseed,[196],modified_value,[i],x[2.000000],from,[1],simul_tick,[301],-2,0.0150970106,-1.9105231265,-0.4285632371,-1.6606800995,-0.7038400007,-1.8639189321,-0.5095942398,-2.1257587348,6.05,2.15,0.45,-1.85,-2.35,0.75,0.3224407884,-1.9591279349,0.0892528616,-1.770386337,0.0423918064,-2.0667038044,-0.1907961204,-1.8779622065,False,null,null,301,null
0,randomseed,[197],modified_value,[i],x[2.000000],from,[1],simul_tick,[323],-2,-0.2614691944,-2.0844929801,-0.8991165932,-1.7590432136,-0.9775827996,-2.1390643207,-0.6119197379,-1.9955670372,6.666,2.15,0.142,-1.85,-2.35,0.97,-0.1392485947,-2.119199242,-0.3482004304,-1.9039339863,-0.4301496926,-2.1925242121,-0.6391015283,-1.9772589563,False,null,null,323,null
0,randomseed,[199],modified_value,[i],x[2.000000],from,[1],simul_tick,[288],-2,0.2058481142,-1.6044008624,-0.2144556702,-1.4905346466,-0.3884991478,-1.9085392309,-0.6236588636,-1.6324976923,5.686,2.15,0.632,-1.85,-2.35,0.62,0.5256482683,-1.5757779613,0.2535031389,-1.4495360169,0.2802469728,-1.7483415847,0.0081018433,-1.6220996404,False,null,null,288,null
0,randomseed,[205],modified_value,[i],x[2.000000],from,[1],simul_tick,[296],-2,0.0933652279,-1.6503057768,-0.3245432491,-1.755282492,-0.6095855505,-1.8300933046,-0.3600832435,-1.4367750058,5.91,2.15,0.52,-1.85,-2.35,0.7,0.4715927808,-1.6511570814,0.212123433,-1.5005726947,0.2114482026,-1.8005719348,-0.0480211453,-1.6499875481,False,null,null,296,null
0,randomseed,[207],modified_value,[i],x[2.000000],from,[1],simul_tick,[283],-2,0.3179808087,-1.5412754848,-0.2721488783,-1.4370321071,-0.191274168,-1.8196998554,-0.583084652,-1.6732247744,5.546,2.15,0.702,-1.85,-2.35,0.57,0.5950271334,-1.5090527812,0.319629781,-1.390072538,0.354288544,-1.6880637629,0.0788911916,-1.5690835197,False,null,null,283,null
0,randomseed,[208],modified_value,[i],x[2.000000],from,[1],simul_tick,[296],-2,0.1198026734,-1.5938415043,-0.2758652415,-1.5525255598,-0.5428894644,-1.5711164281,-0.5809258841,-1.876472419,5.91,2.15,0.52,-1.85,-2.35,0.7,0.4540386291,-1.5864972011,0.190998491,-1.4422408816,0.1975889227,-1.7421684832,-0.0654512155,-1.5979121637,False,null,null,296,null
0,randomseed,[209],modified_value,[i],x[2.000000],from,[1],simul_tick,[311],-2,0.0549799018,-1.4258159655,-0.3631343195,-1.6794798667,-0.4109821952,-1.3749934121,-0.7000617129,-1.5722956202,6.33,2.15,0.31,-1.85,-2.35,0.85,0.4213214854,-1.3949144021,0.1498252637,-1.267282895,0.1750412471,-1.5662212735,-0.0964549746,-1.4385897664,False,null,null,311,null
0,randomseed,[210],modified_value,[i],x[2.000000],from,[1],simul_tick,[336],-2,-0.4434950666,-1.7453610451,-0.7208320668,-1.5489050504,-1.163063424,-2.0181060665,-0.9970365853,-1.6977673165,7.03,2.15,-0.04,-1.85,-2.35,1.1,-0.3081038272,-1.7263807285,-0.5862201537,-1.613902691,-0.5445708283,-1.9109975137,-0.8226871548,-1.7985194762,False,null,null,336,null
0,randomseed,[211],modified_value,[i],x[2.000000],from,[1],simul_tick,[319],-2,-0.2162888638,-1.9979930828,-0.5855740335,-1.8052174362,-0.8996041732,-1.864667628,-0.8489683125,-2.1691195591,6.554,2.15,0.198,-1.85,-2.35,0.93,0.1609400013,-2.0148391289,-0.0919170072,-1.8533977054,-0.1053008769,-2.1530990101,-0.3581578855,-1.9916575865,False,null,null,319,null
0,randomseed,[213],modified_value,[i],x[2.000000],from,[1],simul_tick,[286],-2,0.2454943115,-1.5502233485,-0.3985380914,-1.4136108687,-0.3521538446,-1.8051539066,-0.7082572234,-1.6337432666,5.63,2.15,0.66,-1.85,-2.35,0.6,0.4991352831,-1.5506737054,0.2395944064,-1.4002126364,0.2390617367,-1.7002121635,-0.0204791401,-1.5497510945,False,null,null,286,null
0,randomseed,[215],modified_value,[i],x[2.000000],from,[1],simul_tick,[299],-2,0.0200961997,-1.6359536513,-0.4504056745,-1.5154246294,-0.5150862225,-1.9347810562,-0.7807331604,-1.6743056378,5.994,2.15,0.478,-1.85,-2.35,0.73,0.3386691527,-1.6430043771,0.0822441595,-1.4872923903,0.0756061198,-1.787218942,-0.1808188734,-1.6315069552,False,null,null,299,null
0,randomseed,[216],modified_value,[i],x[2.000000],from,[1],simul_tick,[322],-2,-0.2707157603,-1.9506273238,-0.6106701374,-2.0635710631,-1.023539484,-2.081473932,-0.7104323264,-1.7642053216,6.638,2.15,0.156,-1.85,-2.35,0.96,-0.0237231306,-1.9357222498,-0.2920944707,-1.8016445715,-0.2740234761,-2.1010998089,-0.5423948162,-1.9670221306,False,null,null,322,null
0,randomseed,[217],modified_value,[i],x[2.000000],from,[1],simul_tick,[378],-2,-1.0634156782,-1.8910306308,-1.5865429616,-1.7691164027,-1.5210623188,-2.1097138629,-1.894775302,-1.7369307912,8.206,2.15,-0.628,-1.85,-2.35,1.52,-0.7241182306,-1.814367617,-1.0105962222,-1.7253150464,-0.9444790148,-2.01793855,-1.2309570064,-1.9288859794,False,null,null,378,null
0,randomseed,[219],modified_value,[i],x[2.000000],from,[1],simul_tick,[303],-2,0.0498305986,-1.5659146667,-0.4312346278,-1.8163551956,-0.3707553648,-1.5143734731,-0.6754905201,-1.5876714736,6.106,2.15,0.422,-1.85,-2.35,0.77,0.4348299002,-1.5366746112,0.1644088222,-1.4067806524,0.1871278931,-1.7059191551,-0.083293185,-1.5760251963,False,null,null,303,null
0,randomseed,[220],modified_value,[i],x[2.000000],from,[1],simul_tick,[327],-2,-0.3660103208,-1.9878836784,-0.6220574414,-1.750208343,-1.0130015545,-1.8097950089,-1.1179025767,-2.103023639,6.778,2.15,0.086,-1.85,-2.35,1.01,-0.0207402107,-2.0796211595,-0.2333176421,-1.8679354593,-0.3103541204,-2.1578757653,-0.5229315518,-1.9461900651,False,null,null,327,null
0,randomseed,[221],modified_value,[i],x[2.000000],from,[1],simul_tick,[291],-2,0.1867881671,-1.7238545639,-0.1715957638,-1.7585120782,-0.5357843112,-1.8843792894,-0.386693327,-1.5226743994,5.77,2.15,0.59,-1.85,-2.35,0.65,0.4226135864,-1.741151444,0.1744744398,-1.5725484669,0.1525295518,-1.8717447601,-0.0956095949,-1.703141783,False,null,null,291,null
0,randomseed,[222],modified_value,[i],x[2.000000],from,[1],simul_tick,[300],-2,0.0308547796,-1.9605264907,-0.5055442419,-1.7637184235,-0.3720956696,-2.1361195075,-0.7890681001,-2.0367779763,6.022,2.15,0.464,-1.85,-2.35,0.74,0.3501617199,-1.8864833834,0.0631856124,-1.7990493298,0.1309535545,-2.0912949559,-0.156022553,-2.0038609023,False,null,null,300,null
0,randomseed,[223],modified_value,[i],x[2.000000],from,[1],simul_tick,[294],-2,0.1182737532,-1.6128534048,-0.2099819714,-1.4678891588,-0.4920395687,-1.6384635386,-0.6448017792,-1.905678516,5.854,2.15,0.548,-1.85,-2.35,0.68,0.481433986,-1.5474416514,0.1991510816,-1.4458721587,0.2523307728,-1.7411210714,-0.0299521316,-1.6395515786,False,null,null,294,null
0,randomseed,[229],modified_value,[i],x[2.000000],from,[1],simul_tick,[281],-2,0.3184041798,-1.9373687718,0.0425991295,-1.7374873779,-0.3533011772,-2.1512558008,-0.4609759587,-1.8280432689,5.49,2.15,0.73,-1.85,-2.35,0.55,0.636664155,-1.9284590352,0.3727606551,-1.7857882859,0.3811559118,-2.0856707956,0.1172524118,-1.9430000463,False,null,null,281,null
0,randomseed,[230],modified_value,[i],x[2.000000],from,[1],simul_tick,[305],-2,-0.0465183771,-2.0518662063,-0.7472530915,-1.7000658478,-0.4510443082,-1.9412421083,-0.7398951378,-2.0486126093,6.162,2.15,0.394,-1.85,-2.35,0.79,-0.0007411291,-2.0763749563,-0.1589870655,-1.821505924,-0.3005871539,-2.0859854411,-0.4588330903,-1.8311164088,False,null,null,305,null
0,randomseed,[232],modified_value,[i],x[2.000000],from,[1],simul_tick,[313],-2,-0.1652244953,-1.7824484281,-0.5939030544,-1.6097018437,-0.6451783813,-2.0194508412,-0.9196885291,-1.7593821091,6.386,2.15,0.282,-1.85,-2.35,0.87,0.2264617902,-1.8291591805,-0.0137553634,-1.6494490832,-0.0492802962,-1.9473382893,-0.2894974499,-1.767628192,False,null,null,313,null
0,randomseed,[234],modified_value,[i],x[2.000000],from,[1],simul_tick,[288],-2,0.1813148171,-1.6628490218,-0.3017694393,-1.9858009445,-0.4516209861,-1.7176395905,-0.1205652216,-1.6773323171,5.686,2.15,0.632,-1.85,-2.35,0.62,0.5183574641,-1.5355877027,0.2223129042,-1.4870323887,0.3282850487,-1.7676921553,0.0322404888,-1.7191368412,False,null,null,288,null
0,randomseed,[235],modified_value,[i],x[2.000000],from,[1],simul_tick,[307],-2,-0.0503566199,-1.6108981081,-0.4006358214,-1.5086408746,-0.7335589957,-1.9836843986,-0.8632964429,-1.6463566298,6.218,2.15,0.366,-1.85,-2.35,0.81,0.2565379568,-1.5718249553,-0.0201339514,-1.4558393733,0.0177555422,-1.7534370652,-0.2589163659,-1.6374514832,False,null,null,307,null
0,randomseed,[236],modified_value,[i],x[2.000000],from,[1],simul_tick,[283],-2,0.2906347924,-1.5374384174,-0.5165012315,-1.4607043143,-0.1646763695,-1.5457717197,-0.3594654899,-1.760250847,5.546,2.15,0.702,-1.85,-2.35,0.57,0.2772579366,-1.5476239456,0.5748351076,-1.50957362,0.3930939735,-1.2708893931,0.6906711446,-1.2328390675,False,null,null,283,null
0,randomseed,[237],modified_value,[i],x[2.000000],from,[1],simul_tick,[286],-2,0.2989217169,-1.5003952176,-0.0903587297,-1.3715785272,-0.4052255815,-1.7509154536,-0.6991473602,-1.5359641831,5.63,2.15,0.66,-1.85,-2.35,0.6,0.3324225461,-1.5003603935,0.0724591405,-1.3506305443,0.0727709901,-1.6506303822,-0.1871924155,-1.500900533,False,null,null,286,null
0,randomseed,[238],modified_value,[i],x[2.000000],from,[1],simul_tick,[297],-2,0.0728582467,-1.573831059,-0.5684446047,-1.9064394422,-0.5538898062,-1.3845020584,-0.4434620661,-1.6394582776,5.938,2.15,0.506,-1.85,-2.35,0.71,0.3971571422,-1.5445220048,0.124902639,-1.4185161103,0.151905585,-1.7172983737,-0.1203489183,-1.5912924792,False,null,null,297,null
0,randomseed,[241],modified_value,[i],x[2.000000],from,[1],simul_tick,[283],-2,0.2977336424,-1.726626175,-0.0624300003,-1.5864680209,-0.3711933615,-1.9824209834,-0.605944689,-1.705330651,5.546,2.15,0.702,-1.85,-2.35,0.57,0.4932905343,-1.7175496368,0.226807723,-1.5797566352,0.2407168888,-1.8794340202,-0.0257659225,-1.7416410186,False,null,null,283,null
0,randomseed,[242],modified_value,[i],x[2.000000],from,[1],simul_tick,[283],-2,0.2509818071,-1.7322399185,-0.4696238855,-1.9057904273,-0.3708727228,-1.6060119624,-0.1125176552,-1.8740856675,5.546,2.15,0.702,-1.85,-2.35,0.57,0.5526784532,-1.7067969642,0.2811846233,-1.5791603694,0.3063950047,-1.8780992205,0.0349011748,-1.7504626257,False,null,null,283,null
0,randomseed,[243],modified_value,[i],x[2.000000],from,[1],simul_tick,[291],-2,0.2957157577,-1.4520727395,-0.3687131879,-1.3565830079,-0.302954609,-1.7417509382,-0.6723536857,-1.5978546705,5.77,2.15,0.59,-1.85,-2.35,0.65,0.4556979451,-1.4402851456,0.1855704712,-1.3097817056,0.2076149138,-1.6089706802,-0.0625125601,-1.4784672402,False,null,null,291,null
0,randomseed,[244],modified_value,[i],x[2.000000],from,[1],simul_tick,[319],-2,-0.2397437724,-1.9010724486,-0.8013775969,-1.7113729269,-0.7516377848,-2.0996741728,-1.1104687416,-1.8721317611,6.554,2.15,0.198,-1.85,-2.35,0.93,0.0617227299,-1.9195235939,-0.1884360866,-1.7539320285,-0.2067631806,-2.0533717013,-0.4569219971,-1.887780136,False,null,null,319,null
0,randomseed,[245],modified_value,[i],x[2.000000],from,[1],simul_tick,[324],-2,-0.2864090246,-1.7830286556,-1.0259239949,-1.6751414801,-0.9539864523,-2.0477125331,-0.6035478105,-1.7638065317,6.694,2.15,0.128,-1.85,-2.35,0.98,0.0110125432,-1.7690340776,-0.2555580999,-1.6314110698,-0.2414577992,-1.9310795225,-0.5080284422,-1.7934565147,False,null,null,324,null
0,randomseed,[246],modified_value,[i],x[2.000000],from,[1],simul_tick,[315],-2,-0.198492983,-1.8979420307,-0.6012497781,-2.00212711,-0.9818832939,-1.9781021559,-0.6502563325,-1.6933393933,6.442,2.15,0.254,-1.85,-2.35,0.89,0.1015840911,-1.8867577857,-0.1636300697,-1.7465384969,-0.1524564554,-2.046330342,-0.4176706162,-1.9061110532,False,null,null,315,null
0,randomseed,[248],modified_value,[i],x[2.000000],from,[1],simul_tick,[301],-2,0.0333754215,-1.5416659309,-0.3031137505,-1.7608466597,-0.4929223022,-1.52245189,-0.7546212854,-1.6707405769,6.05,2.15,0.45,-1.85,-2.35,0.75,0.4243042186,-1.5285121305,0.1595992649,-1.3873339186,0.1696878238,-1.6871642389,-0.0950171299,-1.5459860271,False,null,null,301,null
0,randomseed,[250],modified_value,[i],x[2.000000],from,[1],simul_tick,[284],-2,0.23858066,-1.7491885468,-0.3191135509,-1.6465939497,-0.3285517484,-2.0419647053,-0.6597776253,-1.8580657452,5.574,2.15,0.688,-1.85,-2.35,0.58,0.4919345797,-1.6829005945,0.2026195213,-1.6035482348,0.2785558912,-1.8937786049,-0.0107591672,-1.8144262452,False,null,null,284,null
0,randomseed,[252],modified_value,[i],x[2.000000],from,[1],simul_tick,[326],-2,-0.3528877005,-1.7391914965,-0.626229309,-1.5647087892,-1.0126671075,-2.0986126877,-1.0434605355,-1.7596488522,6.75,2.15,0.1,-1.85,-2.35,1,-0.0602425172,-1.5626335491,-0.3601868973,-1.5684101303,-0.2052120413,-1.8252812925,-0.5051564213,-1.8310578736,False,null,null,326,null
0,randomseed,[253],modified_value,[i],x[2.000000],from,[1],simul_tick,[281],-2,0.3581035452,-1.5176749519,-0.0129924386,-1.4011316912,-0.3377969963,-1.8194801276,-0.6061019152,-1.5807816735,5.49,2.15,0.73,-1.85,-2.35,0.55,0.6104783372,-1.5006937439,0.3411867667,-1.36847404,0.3613269295,-1.667797233,0.0920353591,-1.5355775291,False,null,null,281,null
0,randomseed,[254],modified_value,[i],x[2.000000],from,[1],simul_tick,[320],-2,-0.1827205383,-1.542748282,-0.5114754347,-1.4114139833,-0.8318012061,-1.8700921551,-0.7977171364,-1.5153968665,6.582,2.15,0.184,-1.85,-2.35,0.94,0.0344524207,-1.5297798709,-0.233834492,-1.3955333347,-0.2159519464,-1.6949998846,-0.4842388591,-1.5607533484,False,null,null,320,null
0,randomseed,[255],modified_value,[i],x[2.000000],from,[1],simul_tick,[285],-2,0.2781185276,-1.536324213,-0.4833489339,-1.4825323102,-0.1151396555,-1.5806646441,-0.294868417,-1.827956335,5.602,2.15,0.674,-1.85,-2.35,0.59,0.5602594521,-1.4776232027,0.2753447312,-1.3836891737,0.3364528363,-1.6773995744,0.0515381154,-1.5834655455,False,null,null,285,null
0,randomseed,[256],modified_value,[i],x[2.000000],from,[1],simul_tick,[286],-2,0.2838685466,-1.5680618917,-0.4733370284,-1.4072387932,-0.0715448136,-1.5197454929,-0.2875349103,-1.7456989393,5.63,2.15,0.66,-1.85,-2.35,0.6,0.4633745252,-1.563517568,0.1998539753,-1.4201407227,0.2074462599,-1.720044636,-0.05607429,-1.5766677907,False,null,null,286,null
0,randomseed,[257],modified_value,[i],x[2.000000],from,[1],simul_tick,[282],-2,0.2926380727,-1.9352071678,-0.4702037807,-1.6972425499,-0.1629846607,-1.8005766281,-0.2564916745,-2.1083852884,5.518,2.15,0.716,-1.85,-2.35,0.56,0.4742984771,-1.9605597664,0.237717759,-1.7760887284,0.1962515129,-2.0732091593,-0.0403292052,-1.8887381213,False,null,null,282,null
0,randomseed,[258],modified_value,[i],x[2.000000],from,[1],simul_tick,[293],-2,0.1171221247,-1.9722976389,-0.2051118447,-1.7751606139,-0.6674575743,-2.1292697191,-0.6637478015,-1.7670005406,5.826,2.15,0.562,-1.85,-2.35,0.67,0.1286028374,-1.9790368307,-0.0195206075,-1.7181547786,-0.1713893695,-1.9768744708,-0.3195128144,-1.7159924188,False,null,null,293,null
0,randomseed,[259],modified_value,[i],x[2.000000],from,[1],simul_tick,[298],-2,0.1464807963,-2.1777307384,-0.2146071963,-2.1534782099,-0.5912253022,-2.1453788007,-0.2762118188,-1.8369627303,5.966,2.15,0.492,-1.85,-2.35,0.72,0.352305911,-2.330670256,0.233230763,-2.0553139248,0.0543027591,-2.2961141936,-0.0647723889,-2.0207578624,False,null,null,298,null
0,randomseed,[260],modified_value,[i],x[2.000000],from,[1],simul_tick,[301],-2,0.0329339173,-1.9504968198,-0.2012427423,-1.7257746014,-0.6573120809,-2.1659516859,-0.6680611302,-1.8284677397,6.05,2.15,0.45,-1.85,-2.35,0.75,0.3340060347,-1.9186476575,0.059860206,-1.7968114371,0.0914198584,-2.0951467993,-0.1827259703,-1.9733105789,False,null,null,301,null
0,randomseed,[262],modified_value,[i],x[2.000000],from,[1],simul_tick,[303],-2,0.2457266673,-1.4000160001,-0.2606118656,-1.7233035149,-0.4108878733,-1.4687675911,-0.1505002024,-1.346048333,6.106,2.15,0.422,-1.85,-2.35,0.77,0.6396176332,-1.3689541309,0.3688218546,-1.2398431466,0.3924063516,-1.5389146623,0.121610573,-1.4098036779,False,null,null,303,null
0,randomseed,[264],modified_value,[i],x[2.000000],from,[1],simul_tick,[281],-2,0.2939142583,-2.0248955387,-0.067035269,-1.8774788983,-0.3625026441,-2.1978740075,-0.5097654808,-1.9065489284,5.49,2.15,0.73,-1.85,-2.35,0.55,0.6101067498,-1.9493182585,0.3225460457,-1.8638264959,0.3922883596,-2.1556072521,0.1047276555,-2.0701154895,False,null,null,281,null
0,randomseed,[265],modified_value,[i],x[2.000000],from,[1],simul_tick,[281],-2,0.3044413461,-2.0097854548,-0.4175827616,-1.8281079889,-0.1102674666,-2.0037124834,-0.3310718664,-2.1790788864,5.49,2.15,0.73,-1.85,-2.35,0.55,0.4880807962,-1.9330624542,0.1905292865,-1.8948119759,0.3061791555,-2.1716243814,0.0086276458,-2.1333739031,False,null,null,281,null
0,randomseed,[266],modified_value,[i],x[2.000000],from,[1],simul_tick,[319],-2,-0.2155105727,-1.9141197225,-0.6149572675,-1.9513734577,-0.9378314593,-1.9639468917,-0.6465660534,-1.6388942341,6.554,2.15,0.198,-1.85,-2.35,0.93,0.1552738423,-2.0316847544,-0.0470465746,-1.8101752762,-0.1377192015,-2.096144636,-0.3400396183,-1.8746351578,False,null,null,319,null
0,randomseed,[267],modified_value,[i],x[2.000000],from,[1],simul_tick,[290],-2,0.1651279477,-1.7395394038,-0.5932629455,-1.4713607953,-0.2099429905,-1.6122842795,-0.4434704635,-1.8007452975,5.742,2.15,0.604,-1.85,-2.35,0.64,0.2109741842,-1.750308058,-0.0076505175,-1.5448737866,-0.0762494645,-1.8369254678,-0.2948741661,-1.6314911964,False,null,null,290,null
0,randomseed,[268],modified_value,[i],x[2.000000],from,[1],simul_tick,[291],-2,0.1836394776,-2.013010601,-0.3785753192,-1.7717521257,-0.2242742188,-2.1421650288,-0.7035905556,-1.9372500056,5.77,2.15,0.59,-1.85,-2.35,0.65,0.5078378403,-2.0459362888,0.2645159188,-1.8704528351,0.2342037507,-2.1689175273,-0.0091181708,-1.9934340736,False,null,null,291,null
0,randomseed,[270],modified_value,[i],x[2.000000],from,[1],simul_tick,[296],-2,0.0746284815,-1.8680724289,-0.1757455584,-1.654942887,-0.6450385037,-2.1348282924,-0.6410998495,-1.7867715217,5.91,2.15,0.52,-1.85,-2.35,0.7,0.4221143773,-1.8231052337,0.1452046398,-1.707688609,0.1837057795,-2.0052077886,-0.093203958,-1.8897911639,False,null,null,296,null
0,randomseed,[271],modified_value,[i],x[2.000000],from,[1],simul_tick,[296],-2,0.1060937465,-2.0773367518,0.0328301032,-1.7520685778,-0.4878290767,-1.9039401248,-0.5529361088,-2.1917671395,5.91,2.15,0.52,-1.85,-2.35,0.7,0.5007910254,-2.0287519604,0.2246038721,-1.911616755,0.2612553852,-2.2093694487,-0.0149317681,-2.0922342433,False,null,null,296,null
0,randomseed,[272],modified_value,[i],x[2.000000],from,[1],simul_tick,[309],-2,-0.0554556479,-2.1648292065,-0.2690376912,-2.0084270313,-0.8273928545,-2.1824164243,-0.5305743557,-1.9355224918,6.274,2.15,0.338,-1.85,-2.35,0.83,0.2036339758,-2.2635519016,0.0142634026,-2.0308744725,-0.0925558753,-2.3112129142,-0.2819264485,-2.0785354851,False,null,null,309,null
0,randomseed,[273],modified_value,[i],x[2.000000],from,[1],simul_tick,[299],-2,0.0389462354,-1.6987620449,-0.5301272925,-2.0205508207,-0.6855922365,-1.7816491427,-0.4584866709,-1.5381817997,5.994,2.15,0.478,-1.85,-2.35,0.73,0.3665777334,-1.6738262837,0.0961358873,-1.5439755699,0.1189027935,-1.8431104357,-0.1515390526,-1.7132597219,False,null,null,299,null
0,randomseed,[274],modified_value,[i],x[2.000000],from,[1],simul_tick,[295],-2,0.1632496897,-1.509529097,-0.2339917001,-1.4026471818,-0.6167633488,-1.5323453453,-0.5446712761,-1.8365178767,5.882,2.15,0.534,-1.85,-2.35,0.69,0.4701000599,-1.5064203442,0.2087861739,-1.3590600613,0.2118253684,-1.6590446664,-0.0494885176,-1.5116843836,False,null,null,295,null
0,randomseed,[275],modified_value,[i],x[2.000000],from,[1],simul_tick,[320],-2,-0.2261031487,-1.8107505093,-0.6443556822,-2.0611807698,-0.8772973407,-1.906375478,-0.5349030784,-1.7166029431,6.582,2.15,0.184,-1.85,-2.35,0.94,0.169472046,-1.7208884331,-0.117109244,-1.6321688513,-0.0506520107,-1.9247153196,-0.3372333007,-1.8359957378,False,null,null,320,null
0,randomseed,[276],modified_value,[i],x[2.000000],from,[1],simul_tick,[294],-2,0.12061445,-1.5935626572,-0.2277489981,-1.6460123715,-0.5821992009,-1.8451468921,-0.4845360097,-1.4853418469,5.854,2.15,0.548,-1.85,-2.35,0.68,0.3073026419,-1.5850717355,0.0409480932,-1.4470309648,0.0545785533,-1.7467211557,-0.2117759954,-1.6086803849,False,null,null,294,null
0,randomseed,[277],modified_value,[i],x[2.000000],from,[1],simul_tick,[299],-2,0.1767052405,-1.464936663,-0.1254860307,-1.4397777604,-0.3812631219,-1.4424553691,-0.52804537,-1.7190945623,5.994,2.15,0.478,-1.85,-2.35,0.73,0.5597562466,-1.435872393,0.2893445476,-1.3059589101,0.3120420205,-1.6050990524,0.0416303216,-1.4751855694,False,null,null,299,null
0,randomseed,[280],modified_value,[i],x[2.000000],from,[1],simul_tick,[290],-2,0.2276329298,-1.5258255204,-0.1149669258,-1.3607422936,-0.3992204242,-1.4998794098,-0.5274686696,-1.7769569127,5.742,2.15,0.604,-1.85,-2.35,0.64,0.5645842589,-1.5199834747,0.3022153768,-1.3745098699,0.3074159805,-1.6744647894,0.0450470984,-1.5289911846,False,null,null,290,null
0,randomseed,[281],modified_value,[i],x[2.000000],from,[1],simul_tick,[297],-2,0.1145909781,-1.5701540596,-0.5244713292,-1.4542345651,-0.2597157676,-1.7988495686,-0.7901252999,-1.6856692741,5.938,2.15,0.506,-1.85,-2.35,0.71,0.3873474352,-1.5685021991,0.1266361691,-1.4200783611,0.1284529879,-1.7200728597,-0.1322582783,-1.5716490216,False,null,null,297,null
0,randomseed,[282],modified_value,[i],x[2.000000],from,[1],simul_tick,[287],-2,0.2248264337,-1.8895420084,-0.390038546,-1.6204947721,-0.3538214526,-2.0078943417,-0.7237976508,-1.7696254669,5.658,2.15,0.646,-1.85,-2.35,0.61,0.3335783193,-1.9240905559,0.1313809227,-1.7024687772,0.0405495306,-1.9883877486,-0.161647866,-1.7667659698,False,null,null,287,null
0,randomseed,[284],modified_value,[i],x[2.000000],from,[1],simul_tick,[298],-2,0.0756888688,-1.7138903318,-0.1858296115,-1.5201387132,-0.6371998536,-2.0489523608,-0.5888546549,-1.6932118869,5.966,2.15,0.492,-1.85,-2.35,0.72,0.4506840222,-1.6399072167,0.1667557896,-1.5430322523,0.2248237257,-1.8373587968,-0.0591045069,-1.7404838324,False,null,null,298,null
0,randomseed,[285],modified_value,[i],x[2.000000],from,[1],simul_tick,[277],-2,0.341864049,-1.8000715505,-0.0276346292,-1.6501248507,-0.3526221082,-2.0323746062,-0.5795990145,-1.739972261,5.378,2.15,0.786,-1.85,-2.35,0.51,0.614170845,-1.8089001921,0.3593603633,-1.6505599936,0.3496389699,-1.9504024431,0.0948284882,-1.7920622447,False,null,null,277,null
0,randomseed,[286],modified_value,[i],x[2.000000],from,[1],simul_tick,[293],-2,0.166484094,-1.6081559215,-0.4201806465,-1.4988412419,-0.3721746603,-1.8870252067,-0.7391303101,-1.7206888787,5.826,2.15,0.562,-1.85,-2.35,0.67,0.4248867146,-1.5793969604,0.1500815341,-1.4590553102,0.1832651982,-1.7572144027,-0.0915399823,-1.6368727525,False,null,null,293,null
0,randomseed,[288],modified_value,[i],x[2.000000],from,[1],simul_tick,[297],-2,0.0731670551,-1.92984324,-0.1167050871,-1.6176550882,-0.4147812021,-1.8000980731,-0.457643435,-2.107410303,5.938,2.15,0.506,-1.85,-2.35,0.71,0.4542392432,-2.0440697734,0.2484408601,-1.8257877871,0.1623023064,-2.1131554081,-0.0434960767,-1.8948734218,False,null,null,297,null
0,randomseed,[289],modified_value,[i],x[2.000000],from,[1],simul_tick,[333],-2,-0.4435552806,-1.7156528349,-0.8663335003,-1.9448198881,-0.9110366616,-1.6460312832,-1.2215038598,-1.7835757093,6.946,2.15,0.002,-1.85,-2.35,1.07,-0.0583327429,-1.7531479517,-0.3023869759,-1.5786843987,-0.3314497284,-1.8772733409,-0.5755039614,-1.7028097878,False,null,null,333,null
0,randomseed,[290],modified_value,[i],x[2.000000],from,[1],simul_tick,[289],-2,0.2710448215,-1.465160487,-0.4814904663,-1.3802664244,-0.1077631041,-1.3757922522,-0.2218348431,-1.6885333348,5.714,2.15,0.618,-1.85,-2.35,0.63,0.3665034529,-1.463566025,0.1042269404,-1.3179259516,0.1092371933,-1.6178841109,-0.1530393193,-1.4722440376,False,null,null,289,null
0,randomseed,[292],modified_value,[i],x[2.000000],from,[1],simul_tick,[296],-2,0.2961324937,-1.4145633653,-0.1167384421,-1.3030709314,-0.3301872642,-1.6979906607,-0.6392251174,-1.5260172468,5.91,2.15,0.52,-1.85,-2.35,0.7,0.580510762,-1.4001608987,0.3134486055,-1.263494134,0.3286227936,-1.5631101282,0.0615606372,-1.4264433635,False,null,null,296,null
0,randomseed,[293],modified_value,[i],x[2.000000],from,[1],simul_tick,[303],-2,0.0114293179,-1.8414060055,-0.5383405431,-2.1521269689,-0.5980293188,-1.6134946365,-0.5345884541,-1.8774847452,6.106,2.15,0.422,-1.85,-2.35,0.77,0.3386701779,-1.764800863,0.0515116576,-1.6779677806,0.1198912625,-1.9700708954,-0.1672672578,-1.883237813,False,null,null,303,null
0,randomseed,[295],modified_value,[i],x[2.000000],from,[1],simul_tick,[298],-2,0.0429039001,-1.7214908287,-0.2759177234,-1.8723802575,-0.6583065403,-2.0250837478,-0.504599555,-1.6588577183,5.966,2.15,0.492,-1.85,-2.35,0.72,0.2643313288,-1.6722135779,-0.0218566437,-1.5822333333,0.0433121649,-1.87506951,-0.2428758076,-1.7850892655,False,null,null,298,null
0,randomseed,[297],modified_value,[i],x[2.000000],from,[1],simul_tick,[287],-2,0.2354884507,-1.6212155455,-0.4800500934,-1.3500242564,-0.0779513766,-1.4580285165,-0.2827546143,-1.6959178192,5.658,2.15,0.646,-1.85,-2.35,0.61,0.3779301005,-1.6558806008,0.1609596506,-1.4486999456,0.090021165,-1.7401921947,-0.1269492849,-1.5330115395,False,null,null,287,null
0,randomseed,[298],modified_value,[i],x[2.000000],from,[1],simul_tick,[317],-2,-0.1898510688,-1.6066350598,-0.6680263027,-1.7979267363,-0.9551605332,-1.7970110896,-0.6803071622,-1.4641433532,6.498,2.15,0.226,-1.85,-2.35,0.91,0.170122327,-1.5786572734,-0.1005273433,-1.4492402886,-0.0772809047,-1.748338271,-0.347930575,-1.6189212862,False,null,null,317,null
0,randomseed,[299],modified_value,[i],x[2.000000],from,[1],simul_tick,[285],-2,0.2621939454,-1.7372327868,-0.5008369248,-1.5873714762,-0.185209075,-1.7040036671,-0.2620546886,-1.9956379099,5.602,2.15,0.674,-1.85,-2.35,0.59,0.6102201195,-1.7375122993,0.3505330526,-1.5873036868,0.3502921118,-1.8873035901,0.0906050448,-1.7370949776,False,null,null,285,null
