-0.598118483,0.1064708824,with,seed:,0,with,dcc:,2.4530925388
-0.4108670235,1.2879645265,with,seed:,0,with,dcc:,3.4295137194
-0.5053510936,0.7424670285,with,seed:,0,with,dcc:,3.7565035566
-0.955517015,1.1933939835,with,seed:,3,with,dcc:,3.5726856784
0.0394388855,1.032371597,with,seed:,0,with,dcc:,3.6109361475
-0.6541510903,2.000406065,with,seed:,0,with,dcc:,3.7382737999
-0.0210280864,0.5596448696,with,seed:,0,with,dcc:,3.718933968
-0.1361356004,1.64364647,with,seed:,3,with,dcc:,3.5233372444
-1.008993403,1.5896102955,with,seed:,3,with,dcc:,3.5233372444
-1.064617221,0.9777748607,with,seed:,5,with,dcc:,3.4628125028
-0.9390868427,0.5961602307,with,seed:,5,with,dcc:,3.4628125028
0.0722785311,1.051566936,with,seed:,5,with,dcc:,3.4628125028
-1.1612585882,1.2172113883,with,seed:,5,with,dcc:,3.4628125028
-1.2501420076,0.6494228454,with,seed:,5,with,dcc:,3.4628125028
-1.0887387821,1.5717991689,with,seed:,0,with,dcc:,3.8796656344
0.3066859447,1.0728232613,with,seed:,3,with,dcc:,3.5207432463
0.0639631101,1.2001652784,with,seed:,3,with,dcc:,3.5207432463
-0.8838669769,0.7320533761,with,seed:,0,with,dcc:,3.9874851401
-0.7344251765,0.3759997037,with,seed:,0,with,dcc:,3.889714147
-0.4996788532,1.9812348748,with,seed:,0,with,dcc:,3.0821072743
-0.5751467249,1.7718547294,with,seed:,0,with,dcc:,3.0821072743
-0.1957442311,0.767042233,with,seed:,0,with,dcc:,3.0821072743
-1.5062476932,1.2108112512,with,seed:,0,with,dcc:,3.0821072743
-0.1549497804,0.6167939431,with,seed:,0,with,dcc:,3.0821072743
0.3411041605,0.8795694021,with,seed:,0,with,dcc:,3.0821072743
-0.222737506,1.5969204604,with,seed:,0,with,dcc:,3.0821072743
0.2761712274,0.841825795,with,seed:,0,with,dcc:,3.0821072743
-0.9109903981,0.7806200933,with,seed:,0,with,dcc:,3.0821072743
-0.9768993604,1.7729480288,with,seed:,0,with,dcc:,3.0821072743
-1.1895370877,0.9776235875,with,seed:,0,with,dcc:,3.8037553171
-0.3945962681,0.5454685842,with,seed:,3,with,dcc:,3.4330559522
0.2557719356,0.8905783581,with,seed:,3,with,dcc:,3.4330559522
-0.1169543252,0.8616006508,with,seed:,3,with,dcc:,3.4330559522
-0.0708908672,0.907118073,with,seed:,3,with,dcc:,3.4330559522
-0.2653708441,0.4718483872,with,seed:,0,with,dcc:,3.2543832409
-1.1995893487,0.3389336655,with,seed:,0,with,dcc:,3.3237390444
0.5702640389,0.7222206563,with,seed:,0,with,dcc:,3.3237390444
0.5237400773,0.5703372186,with,seed:,0,with,dcc:,3.3237390444
-0.1516233762,1.2741393694,with,seed:,0,with,dcc:,3.3237390444
-1.1003099062,0.5454367544,with,seed:,0,with,dcc:,3.3237390444
-0.7170584998,0.1604126159,with,seed:,0,with,dcc:,3.3237390444
0.3419448626,0.7020869118,with,seed:,0,with,dcc:,3.3237390444
-1.0499737194,0.0713019388,with,seed:,0,with,dcc:,3.3237390444
0.108592809,1.3586783904,with,seed:,0,with,dcc:,3.6552731579
0.3506109364,-0.2060210343,with,seed:,3,with,dcc:,3.6542428149
-1.0334054315,0.7639117274,with,seed:,3,with,dcc:,3.6542428149
0.2286790891,1.0442786488,with,seed:,3,with,dcc:,3.6542428149
-0.8624275968,0.307997428,with,seed:,3,with,dcc:,3.6542428149
-0.0039188963,1.0842120873,with,seed:,3,with,dcc:,3.6542428149
0.516479308,1.0032600312,with,seed:,3,with,dcc:,3.6542428149
1.0238241401,0.9884301672,with,seed:,0,with,dcc:,3.8137241581
0.3826572686,1.4993766401,with,seed:,0,with,dcc:,3.8137241581
1.0639643815,1.1123711442,with,seed:,0,with,dcc:,3.6867331986
0.3945347027,1.5463598297,with,seed:,0,with,dcc:,3.6867331986
1.4358298289,1.2652792963,with,seed:,0,with,dcc:,3.6867331986
0.1436940218,1.4000279974,with,seed:,0,with,dcc:,3.6867331986
1.1370636228,0.3774955658,with,seed:,0,with,dcc:,3.6867331986
-0.1080607532,0.4446830359,with,seed:,0,with,dcc:,3.6867331986
0.8616360858,1.4275941069,with,seed:,0,with,dcc:,3.6867331986
0.866374257,1.5956321987,with,seed:,0,with,dcc:,3.6242757919
1.3464745936,0.455418399,with,seed:,0,with,dcc:,3.6242757919
-0.2563676854,1.3039144536,with,seed:,0,with,dcc:,3.6242757919
0.1933696316,1.6163856948,with,seed:,0,with,dcc:,3.6242757919
1.2809597833,0.8710614158,with,seed:,0,with,dcc:,3.6242757919
0.0228348882,1.3483619025,with,seed:,0,with,dcc:,3.6242757919
1.4904155067,0.8810426814,with,seed:,12,with,dcc:,3.3133088452
1.0184303933,1.2854464697,with,seed:,0,with,dcc:,3.8351773038
1.337072153,0.6081587719,with,seed:,12,with,dcc:,3.6861053505
1.0481347497,0.9980631236,with,seed:,0,with,dcc:,3.5422560186
1.0907531578,0.9370511129,with,seed:,0,with,dcc:,3.5422560186
1.7680344245,0.9409315213,with,seed:,0,with,dcc:,3.5422560186
0.9010220842,0.0456523039,with,seed:,0,with,dcc:,3.5422560186
2.0542292409,1.0896562747,with,seed:,0,with,dcc:,3.5422560186
1.8525566882,1.153855978,with,seed:,0,with,dcc:,3.5422560186
0.8226527243,0.0808965404,with,seed:,0,with,dcc:,3.5422560186
0.3637628429,-0.1218519196,with,seed:,3,with,dcc:,3.9501199511
1.0759988456,0.8111905464,with,seed:,13,with,dcc:,3.4624045788
1.6175607942,0.4286931886,with,seed:,13,with,dcc:,3.4624045788
0.8810291152,-0.5289072113,with,seed:,0,with,dcc:,3.3882012767
1.4116095012,0.2256987274,with,seed:,0,with,dcc:,3.3882012767
1.3686455604,-0.6900527055,with,seed:,3,with,dcc:,3.3587466947
0.6522111453,0.6197268978,with,seed:,3,with,dcc:,3.3587466947
1.3405370996,0.1769554384,with,seed:,3,with,dcc:,3.3587466947
1.1780332792,0.8316092923,with,seed:,3,with,dcc:,3.3587466947
1.4110788462,-0.3908645081,with,seed:,3,with,dcc:,3.3587466947
-0.1043530255,0.1955752514,with,seed:,3,with,dcc:,3.3587466947
1.4200763737,-0.1554319646,with,seed:,3,with,dcc:,3.3587466947
0.1905636322,0.3140267159,with,seed:,3,with,dcc:,3.3587466947
0.5910613768,0.7908833829,with,seed:,3,with,dcc:,3.3587466947
1.476660145,0.2978801361,with,seed:,3,with,dcc:,3.3587466947
1.3860011058,0.7733867987,with,seed:,3,with,dcc:,3.3587466947
0.248998934,0.5532219717,with,seed:,12,with,dcc:,3.6213499579
0.932488631,-0.5336806509,with,seed:,13,with,dcc:,3.327748208
0.2360921942,0.1829387998,with,seed:,13,with,dcc:,3.327748208
1.0289064881,-0.7161977595,with,seed:,0,with,dcc:,3.5422301752
0.2174421779,-0.3222281888,with,seed:,3,with,dcc:,3.2407702037
1.0468630869,0.9369726441,with,seed:,3,with,dcc:,3.2407702037
0.3560377638,0.6727944615,with,seed:,3,with,dcc:,3.2407702037
0.0208577419,0.5573357935,with,seed:,3,with,dcc:,3.2407702037
1.3814920244,-0.5827043764,with,seed:,3,with,dcc:,3.2407702037
1.3181426363,0.6159490172,with,seed:,3,with,dcc:,3.2407702037
0.0509834704,0.696803047,with,seed:,3,with,dcc:,3.2407702037
1.3994025436,-0.2095878677,with,seed:,3,with,dcc:,3.2407702037
0.1343848651,-0.033045081,with,seed:,3,with,dcc:,3.2407702037
1.3062835821,-0.234790071,with,seed:,3,with,dcc:,3.2407702037
0.5795609895,-0.627334256,with,seed:,3,with,dcc:,3.2407702037
0.2609478444,-0.582865625,with,seed:,15,with,dcc:,3.8883855886
-0.3038752046,-0.6714624378,with,seed:,15,with,dcc:,3.9693706955
-0.1198191373,-1.0757950901,with,seed:,15,with,dcc:,3.9693706955
-0.0642655216,0.0616515743,with,seed:,16,with,dcc:,3.6317491654
0.5791294008,-1.1444353828,with,seed:,14,with,dcc:,3.1368303456
-0.2791403153,-0.9258609875,with,seed:,3,with,dcc:,3.7138989443
-0.3687588172,-0.0847989081,with,seed:,16,with,dcc:,3.3554197837
1.0516460821,-0.4329463522,with,seed:,0,with,dcc:,3.4374063083
-0.2694488796,-0.2882709846,with,seed:,0,with,dcc:,3.4374063083
-0.3159530845,-0.8938786869,with,seed:,3,with,dcc:,3.3198228793
1.2175348007,-0.5585453756,with,seed:,3,with,dcc:,3.3198228793
0.377453098,-0.0710631654,with,seed:,3,with,dcc:,3.3198228793
0.0960731085,-0.0431728417,with,seed:,3,with,dcc:,3.3198228793
1.0812982557,-0.4177139096,with,seed:,3,with,dcc:,3.3198228793
0.2597242646,-1.5710900471,with,seed:,3,with,dcc:,3.3198228793
0.7830069582,-0.7652205708,with,seed:,3,with,dcc:,3.3198228793
0.3165030395,-1.4440013365,with,seed:,3,with,dcc:,3.3198228793
0.8336889739,-0.6152216652,with,seed:,3,with,dcc:,3.3198228793
0.4574403297,0.3547588096,with,seed:,3,with,dcc:,3.3198228793
-0.3511916737,-0.5866407239,with,seed:,3,with,dcc:,3.3198228793
1.0026498457,-0.9008862559,with,seed:,16,with,dcc:,3.2420128891
0.8486309945,0.1624372153,with,seed:,3,with,dcc:,3.930383268
0.3401188143,-0.0247504752,with,seed:,16,with,dcc:,3.0175398665
0.7733856471,-0.5192295411,with,seed:,0,with,dcc:,3.626562471
0.9105347497,0.1460687116,with,seed:,0,with,dcc:,3.626562471
0.3735714042,-1.183230056,with,seed:,3,with,dcc:,3.403180286
0.9057780558,-0.590025449,with,seed:,3,with,dcc:,3.403180286
0.4693347813,0.3201111125,with,seed:,3,with,dcc:,3.403180286
-0.4654015234,-0.2698991937,with,seed:,3,with,dcc:,3.403180286
0.1417125486,0.3272474732,with,seed:,3,with,dcc:,3.403180286
0.6021609005,-0.9900321095,with,seed:,3,with,dcc:,3.403180286
1.187357684,-0.9308348669,with,seed:,3,with,dcc:,3.403180286
0.9102575409,-0.61810306,with,seed:,3,with,dcc:,3.403180286
0.0165431093,0.2016483213,with,seed:,3,with,dcc:,3.403180286
-0.2372923753,-1.00950941,with,seed:,16,with,dcc:,3.1808670594
-0.5389850479,-1.137104509,with,seed:,0,with,dcc:,3.5801527731
-0.2815805367,-0.88075806,with,seed:,0,with,dcc:,3.5801527731
-0.295791904,-0.4347187085,with,seed:,0,with,dcc:,3.5801527731
-0.3232332896,-0.3983178699,with,seed:,0,with,dcc:,3.5801527731
0.235930199,-1.3103238359,with,seed:,0,with,dcc:,3.5801527731
0.7520968772,-1.339870497,with,seed:,0,with,dcc:,3.5801527731
-0.5090799702,-0.8745107999,with,seed:,0,with,dcc:,3.5801527731
0.6731647935,0.0841931629,with,seed:,0,with,dcc:,3.5801527731
0.4093224124,-0.0102237584,with,seed:,13,with,dcc:,3.7175391836
0.3008319754,0.0140255129,with,seed:,13,with,dcc:,3.7175391836
0.8120914013,-1.1643274937,with,seed:,13,with,dcc:,3.7175391836
1.1086501684,-0.8185887514,with,seed:,13,with,dcc:,3.7175391836
0.7570360488,-0.3285230791,with,seed:,0,with,dcc:,3.8806792999
-0.6123153534,-0.9555643579,with,seed:,3,with,dcc:,3.4778632454
1.0232866736,-0.3293124347,with,seed:,3,with,dcc:,3.4778632454
-0.4925937042,-0.6891198826,with,seed:,16,with,dcc:,3.1826751446
0.7714637537,-1.1500856715,with,seed:,14,with,dcc:,3.9722743268
-0.4380959897,-0.2486757247,with,seed:,16,with,dcc:,3.3155310201
0.6167242726,-1.3611443929,with,seed:,0,with,dcc:,3.7936711833
-0.5762868924,-0.361357164,with,seed:,0,with,dcc:,3.7936711833
-0.2133415295,-0.3916834384,with,seed:,0,with,dcc:,3.7936711833
0.5422110548,-0.1096485246,with,seed:,16,with,dcc:,3.5608341451
0.73583062,-0.9153087407,with,seed:,14,with,dcc:,3.8945481897
1.0097256459,-0.7859673458,with,seed:,15,with,dcc:,3.267611252
0.0979802699,-1.2567737057,with,seed:,15,with,dcc:,3.267611252
0.8888609228,-0.7952786613,with,seed:,0,with,dcc:,3.9643424038
-0.7962609104,-1.0410425549,with,seed:,0,with,dcc:,3.9643424038
-0.6289721806,-0.8847067708,with,seed:,16,with,dcc:,3.2511443893
0.4864455992,-2.0896395935,with,seed:,16,with,dcc:,3.2511443893
0.1704074206,-0.349422631,with,seed:,0,with,dcc:,3.5891703193
-0.0396203105,-1.7728354377,with,seed:,0,with,dcc:,3.5891703193
-0.0554473925,-2.2406170142,with,seed:,0,with,dcc:,3.5891703193
-0.3161994645,-1.7896738868,with,seed:,0,with,dcc:,3.5891703193
-0.5312009094,-1.3027460398,with,seed:,12,with,dcc:,3.4685160583
0.0535194748,-2.2006219964,with,seed:,12,with,dcc:,3.4685160583
0.1310146554,-2.1107422606,with,seed:,0,with,dcc:,3.7146706997
0.4338867899,-0.6895872981,with,seed:,0,with,dcc:,3.7146706997
-0.2128509234,-0.6690035366,with,seed:,0,with,dcc:,3.7146706997
-0.110076876,-1.787208224,with,seed:,0,with,dcc:,3.7146706997
-0.4244088754,-1.3013479522,with,seed:,0,with,dcc:,3.7146706997
-0.6323351865,-0.8732102713,with,seed:,0,with,dcc:,3.3087005618
0.3315558799,-0.4155882516,with,seed:,0,with,dcc:,3.3087005618
0.5660177034,-0.8920592045,with,seed:,0,with,dcc:,3.3087005618
0.4153342759,-0.86595967,with,seed:,0,with,dcc:,3.3087005618
0.4876585008,-2.1397171774,with,seed:,0,with,dcc:,3.3087005618
0.5333678834,-1.5929948722,with,seed:,0,with,dcc:,3.3087005618
0.8694442466,-1.4507759519,with,seed:,0,with,dcc:,3.3087005618
0.2519844569,-0.2976971585,with,seed:,0,with,dcc:,3.3087005618
-0.5770822686,-1.3612160555,with,seed:,0,with,dcc:,3.3087005618
-0.8153315275,-1.5153391502,with,seed:,0,with,dcc:,3.3087005618
0.2284235127,-2.1095356385,with,seed:,0,with,dcc:,3.3087005618
0.7083883417,-1.5376769031,with,seed:,0,with,dcc:,3.3087005618
-0.7707980222,-1.7480548272,with,seed:,0,with,dcc:,3.8943225119
-0.2616613856,-1.9827113466,with,seed:,3,with,dcc:,3.8140097655
-0.5431107289,-1.7760993001,with,seed:,3,with,dcc:,3.8140097655
1.0165071156,-1.420635083,with,seed:,3,with,dcc:,3.847573406
1.0301952021,-1.5990762208,with,seed:,3,with,dcc:,3.847573406
-0.4140764779,-1.1443954948,with,seed:,16,with,dcc:,3.2963849472
-0.4059010116,-0.5954628517,with,seed:,16,with,dcc:,3.2963849472
-0.6022864653,-1.4081317367,with,seed:,3,with,dcc:,3.8086098514
-0.1995664743,-0.3111480475,with,seed:,16,with,dcc:,3.0445876525
-0.3022439504,-0.6693282147,with,seed:,0,with,dcc:,3.2968767729
-0.5877730834,-0.5626351912,with,seed:,0,with,dcc:,3.2968767729
0.6534566539,-1.3242467022,with,seed:,0,with,dcc:,3.2968767729
0.4709119646,-1.6887598758,with,seed:,0,with,dcc:,3.2968767729
0.7490860092,-1.5205037872,with,seed:,0,with,dcc:,3.2968767729
0.4048952087,-0.6786314237,with,seed:,0,with,dcc:,3.2968767729
-0.1551236491,-1.7331074853,with,seed:,0,with,dcc:,3.2968767729
-0.1527127091,-2.0521576399,with,seed:,0,with,dcc:,3.2968767729
-0.2670032574,-1.9395500592,with,seed:,0,with,dcc:,3.2968767729
0.6274837301,-1.7734552269,with,seed:,0,with,dcc:,3.2968767729
-0.6990166663,-0.8261251755,with,seed:,0,with,dcc:,3.2968767729
-0.2443971609,-0.7745674206,with,seed:,0,with,dcc:,3.2968767729
0.6517092287,-0.9710287464,with,seed:,0,with,dcc:,3.2968767729
0.2530108046,-0.7808357274,with,seed:,16,with,dcc:,2.8472992871
0.5371623631,-1.6417345263,with,seed:,15,with,dcc:,3.9864819795
-0.4656160175,-0.5823360708,with,seed:,16,with,dcc:,3.2214571822
-0.5044984248,-0.7840828115,with,seed:,3,with,dcc:,3.7077576249
-0.3524130756,-2.1464363762,with,seed:,16,with,dcc:,2.9545904204
-0.4873533946,-0.9273235279,with,seed:,17,with,dcc:,3.7985788331
0.6993136066,-1.6768614193,with,seed:,0,with,dcc:,3.8969298384
0.5789485752,-0.453570918,with,seed:,5,with,dcc:,3.8952773624
0.4585723715,-1.9279395447,with,seed:,16,with,dcc:,3.4009703273
0.5784391486,-0.5486700002,with,seed:,0,with,dcc:,3.540449154
0.6554444198,-1.3731134564,with,seed:,0,with,dcc:,3.540449154
0.6792044081,-1.5783515939,with,seed:,0,with,dcc:,3.540449154
-0.3752526256,-1.6114022293,with,seed:,0,with,dcc:,3.540449154
0.1790762293,-0.7524621854,with,seed:,12,with,dcc:,3.46520947
-0.4421703092,-1.6645957294,with,seed:,12,with,dcc:,3.46520947
-0.4127643346,-1.9230881168,with,seed:,0,with,dcc:,3.6011662027
0.1860768338,-1.8762211503,with,seed:,3,with,dcc:,3.3515242097
0.2372902845,-1.8978365651,with,seed:,3,with,dcc:,3.3515242097
0.0697344732,-0.3445445453,with,seed:,3,with,dcc:,3.3515242097
-0.3104714612,-0.4574000232,with,seed:,3,with,dcc:,3.3515242097
-0.3396190976,-0.7981703714,with,seed:,3,with,dcc:,3.3515242097
0.3747700353,-2.1311543893,with,seed:,3,with,dcc:,3.3515242097
0.6413439496,-0.4304926206,with,seed:,3,with,dcc:,3.3515242097
-0.4149956674,-1.2138314187,with,seed:,3,with,dcc:,3.3515242097
-0.1089442915,-1.7330195439,with,seed:,0,with,dcc:,3.8318405439
-0.2294357114,-1.8714543696,with,seed:,3,with,dcc:,3.8064592892
0.7150522452,-0.9636236442,with,seed:,3,with,dcc:,3.8064592892
-0.3991091627,-1.816700822,with,seed:,3,with,dcc:,3.8064592892
0.3203963016,-0.7484300777,with,seed:,3,with,dcc:,3.8064592892
0.6178413756,-1.1195884161,with,seed:,3,with,dcc:,3.8064592892
1.0304512905,-1.0318635966,with,seed:,3,with,dcc:,3.8064592892
0.4049240268,-0.6761449595,with,seed:,16,with,dcc:,3.4488831825
-0.6094020854,-1.3048977881,with,seed:,15,with,dcc:,3.998532825
0.7879073622,-1.6786408168,with,seed:,16,with,dcc:,3.8568239843
0.7065826223,-0.7340366272,with,seed:,16,with,dcc:,3.5169796576
0.0188113779,-0.6032741771,with,seed:,16,with,dcc:,3.5169796576
0.8494056737,-1.8930539075,with,seed:,3,with,dcc:,3.767812681
0.7688293961,-1.2472123156,with,seed:,16,with,dcc:,2.6737139651
-0.3986876956,-1.0832976742,with,seed:,3,with,dcc:,3.9926175743
-0.6634872315,-1.0236373513,with,seed:,16,with,dcc:,3.3787415452
0.7000099831,-1.3343250096,with,seed:,16,with,dcc:,3.3787415452
0.5690864348,-1.0605690718,with,seed:,0,with,dcc:,3.5843780922
0.3371260971,-1.712630912,with,seed:,0,with,dcc:,3.5843780922
0.6736752015,-1.5158903676,with,seed:,0,with,dcc:,3.5843780922
0.5499871802,-0.7130214623,with,seed:,16,with,dcc:,3.5604483701
-0.1380500619,-1.8565286622,with,seed:,17,with,dcc:,3.8830577368
0.7237534243,-1.033555547,with,seed:,0,with,dcc:,3.9676150154
-0.7843545313,-0.9273589496,with,seed:,3,with,dcc:,3.9372760815
0.7344740105,-0.7558368764,with,seed:,17,with,dcc:,3.7516786487
-0.8221777228,-0.8999005244,with,seed:,16,with,dcc:,3.7617594301
0.5857050635,-0.8821088368,with,seed:,3,with,dcc:,3.9052565042
-0.3926609211,-1.4830783954,with,seed:,3,with,dcc:,3.9052565042
-0.625116999,-1.2619919708,with,seed:,16,with,dcc:,3.1438834197
-0.0587003962,-1.7656170431,with,seed:,0,with,dcc:,3.447098222
-0.3774950954,-1.7009169956,with,seed:,0,with,dcc:,3.447098222
0.1739095436,-1.2853743872,with,seed:,0,with,dcc:,3.447098222
-1.3596480253,-1.7196281249,with,seed:,0,with,dcc:,3.447098222
-0.3965276192,-0.8099358023,with,seed:,0,with,dcc:,3.447098222
-1.2444387479,-0.8364739067,with,seed:,0,with,dcc:,3.447098222
-1.3759706778,-1.0297153366,with,seed:,0,with,dcc:,3.447098222
0.0250757959,-1.8579039401,with,seed:,0,with,dcc:,3.447098222
-0.7562747543,-0.3806846741,with,seed:,0,with,dcc:,3.447098222
0.0040827028,-0.5632443619,with,seed:,0,with,dcc:,3.447098222
-0.1018726605,-1.0311806543,with,seed:,16,with,dcc:,3.3319784159
-1.4298637285,-1.4014929842,with,seed:,16,with,dcc:,3.3319784159
-1.2388443226,-1.8302727803,with,seed:,16,with,dcc:,3.3319784159
-1.0873545176,-1.6413593412,with,seed:,0,with,dcc:,3.3734616233
-0.0956083442,-1.9335447628,with,seed:,0,with,dcc:,3.3734616233
-1.1027987093,-1.8131810419,with,seed:,0,with,dcc:,3.3734616233
-1.4044737155,-1.009285117,with,seed:,0,with,dcc:,3.3734616233
-1.0725803367,-0.9870747686,with,seed:,0,with,dcc:,3.3734616233
-0.3394750622,-0.7463796121,with,seed:,0,with,dcc:,3.3734616233
-0.9738790578,-2.1268553581,with,seed:,0,with,dcc:,3.3734616233
-0.7851259373,-0.2911041322,with,seed:,0,with,dcc:,3.3734616233
-0.9242754589,-0.6626707277,with,seed:,0,with,dcc:,3.3734616233
-1.0986173733,-1.9247621289,with,seed:,0,with,dcc:,3.3734616233
-0.6016229037,-1.8565097023,with,seed:,0,with,dcc:,3.3734616233
-0.8792050679,-0.6422976987,with,seed:,0,with,dcc:,3.3734616233
-1.0319480153,-2.1748817313,with,seed:,0,with,dcc:,3.3734616233
-0.7667354985,-2.1420991146,with,seed:,0,with,dcc:,3.5382033719
-0.6438507641,-0.5656863683,with,seed:,0,with,dcc:,3.5382033719
-0.6893908302,-1.9207436118,with,seed:,0,with,dcc:,3.5382033719
-1.4020654493,-1.517892569,with,seed:,0,with,dcc:,3.5382033719
-0.9674104218,-0.8017243069,with,seed:,0,with,dcc:,3.5382033719
-1.4183022023,-1.1387849658,with,seed:,0,with,dcc:,3.5382033719
-0.3259479949,-1.9490326587,with,seed:,0,with,dcc:,3.5382033719
-1.2134246503,-0.78743491,with,seed:,0,with,dcc:,3.5382033719
-0.7722334045,-0.396700439,with,seed:,16,with,dcc:,3.5210588635
-0.6694270366,-1.9918453962,with,seed:,16,with,dcc:,3.5210588635
-0.0855095675,-1.9765318575,with,seed:,16,with,dcc:,3.5210588635
-0.3525923452,-1.878676038,with,seed:,0,with,dcc:,3.7636029813
-0.9788855573,-1.9647878318,with,seed:,3,with,dcc:,3.7536230054
-0.8195686409,-0.7614486931,with,seed:,3,with,dcc:,3.7536230054
-1.01323083,-0.4998537675,with,seed:,3,with,dcc:,3.7536230054
-0.5852913192,-2.0341700918,with,seed:,12,with,dcc:,3.7270693692
-0.6150391283,-2.1240549163,with,seed:,12,with,dcc:,3.7270693692
-0.250329903,-1.6418299295,with,seed:,16,with,dcc:,3.5031911455
-1.3479297468,-0.8535649822,with,seed:,16,with,dcc:,3.5031911455
-0.4732558164,-2.0239259904,with,seed:,16,with,dcc:,3.5031911455
-0.1940976998,-0.9788621641,with,seed:,0,with,dcc:,3.5466541038
-0.5240339673,-0.4487518396,with,seed:,0,with,dcc:,3.5466541038
-0.2427505989,-1.7029409768,with,seed:,0,with,dcc:,3.5466541038
-0.0241791536,-2.0359063063,with,seed:,0,with,dcc:,3.5466541038
-1.1487882543,-1.110198453,with,seed:,0,with,dcc:,3.5466541038
-0.4650732151,-0.7301813289,with,seed:,0,with,dcc:,3.5466541038
-1.5812694277,-1.0198948327,with,seed:,0,with,dcc:,3.5466541038
-1.2827992826,-1.7614830684,with,seed:,0,with,dcc:,3.5466541038
-0.1442008805,-1.0513622566,with,seed:,0,with,dcc:,3.5466541038
-0.6789093274,-0.4512983554,with,seed:,0,with,dcc:,3.5466541038
-0.6485035003,-0.4392531879,with,seed:,3,with,dcc:,3.8579159836
-1.1254122805,-1.441896228,with,seed:,5,with,dcc:,3.7417685787
-1.2408314241,-1.4689630466,with,seed:,5,with,dcc:,3.7417685787
-0.8480245857,-0.4426821207,with,seed:,5,with,dcc:,3.7417685787
0.1277637741,-0.8875355918,with,seed:,0,with,dcc:,3.5504387552
0.2219356187,-1.3944376924,with,seed:,0,with,dcc:,3.5504387552
-0.1410676704,-1.8969398149,with,seed:,0,with,dcc:,3.5504387552
-1.5892688212,-1.3762101372,with,seed:,0,with,dcc:,3.5504387552
-0.3421509658,-0.3719254737,with,seed:,0,with,dcc:,3.5504387552
-0.3529457477,-0.6522176177,with,seed:,0,with,dcc:,3.5504387552
-0.2788842171,-2.0746455991,with,seed:,0,with,dcc:,3.5504387552
-0.6668194829,-0.7214164576,with,seed:,0,with,dcc:,3.5504387552
-1.3361843611,-1.1500801191,with,seed:,0,with,dcc:,3.5504387552
-0.5314775279,-0.3985230407,with,seed:,16,with,dcc:,3.2380035599
-1.5822997833,-1.0787334523,with,seed:,18,with,dcc:,3.1357871417
-0.9758325915,-1.9500115496,with,seed:,0,with,dcc:,3.9736676435
-0.3846935898,-0.662244167,with,seed:,3,with,dcc:,3.7212693978
-1.5592324877,-1.53464215,with,seed:,16,with,dcc:,3.5511682969
0.1084083955,-1.8980652884,with,seed:,18,with,dcc:,3.3293207779
-0.0621727367,-1.8362863722,with,seed:,0,with,dcc:,3.6956317807
-0.7408920411,-1.9663416415,with,seed:,3,with,dcc:,3.6662163596
-1.0385289998,-1.6140103739,with,seed:,3,with,dcc:,3.6662163596
-0.5199653242,-0.7626854149,with,seed:,3,with,dcc:,3.6662163596
-0.9911941623,-0.8685609027,with,seed:,3,with,dcc:,3.6662163596
-0.1902335206,-1.6790247414,with,seed:,3,with,dcc:,3.6662163596
-1.4162902733,-1.6540180126,with,seed:,3,with,dcc:,3.6662163596
-0.5006919241,-0.7462608289,with,seed:,3,with,dcc:,3.6662163596
-1.2178462577,-0.5758445012,with,seed:,0,with,dcc:,3.7559471913
-0.095321369,-0.8110946371,with,seed:,0,with,dcc:,3.7559471913
-0.9885878923,-1.8652153251,with,seed:,0,with,dcc:,3.7559471913
-0.8719954878,-0.8204130322,with,seed:,0,with,dcc:,3.7559471913
-1.2490270675,-0.9328998312,with,seed:,16,with,dcc:,3.3413418647
-0.5458512642,-0.6002874243,with,seed:,18,with,dcc:,2.8602019112
-0.017541415,-0.769885355,with,seed:,0,with,dcc:,3.9138366246
-0.1950832731,-0.877041605,with,seed:,3,with,dcc:,3.778168651
-0.9648196193,-0.4234985444,with,seed:,3,with,dcc:,3.778168651
-1.4318853423,-1.6017195382,with,seed:,16,with,dcc:,2.7311929851
-0.3845429305,-1.7362913868,with,seed:,16,with,dcc:,2.7311929851
-1.0880223409,-0.7114301061,with,seed:,17,with,dcc:,3.2655111365
-1.0834973033,-1.8016636657,with,seed:,0,with,dcc:,3.7863838443
-0.4343161632,-1.7532093642,with,seed:,0,with,dcc:,3.7863838443
0.1605603068,-0.7371268788,with,seed:,0,with,dcc:,3.7863838443
-0.9476806294,-2.0455098812,with,seed:,0,with,dcc:,3.7863838443
-0.03492913,-1.2843596045,with,seed:,0,with,dcc:,3.7863838443
0.1906418355,-1.5240565515,with,seed:,0,with,dcc:,3.7863838443
-0.9864848796,-1.7002608843,with,seed:,16,with,dcc:,3.0805343211
-0.8318364192,-1.824366271,with,seed:,16,with,dcc:,3.0805343211
-0.4175377895,-2.2113924159,with,seed:,16,with,dcc:,3.0805343211
0.1920914232,-0.8316109635,with,seed:,16,with,dcc:,3.4776685959
-0.1453214958,-0.741657508,with,seed:,16,with,dcc:,3.4776685959
-0.8900574841,-2.164810589,with,seed:,16,with,dcc:,3.1716860898
-1.0592343295,-1.8239970955,with,seed:,16,with,dcc:,3.1716860898
-0.8984247089,-1.7258854954,with,seed:,0,with,dcc:,3.940769832
0.2267284185,-1.0591414799,with,seed:,3,with,dcc:,3.8267272543
-0.8782809177,-0.5581690659,with,seed:,16,with,dcc:,3.4564750873
0.2763830128,-1.4950349752,with,seed:,16,with,dcc:,3.4564750873
-0.0788092924,-0.8268929456,with,seed:,16,with,dcc:,3.4564750873
-0.0999629834,-0.7775756281,with,seed:,16,with,dcc:,3.0445450531
-1.2118169615,-0.7915872785,with,seed:,16,with,dcc:,3.0445450531
0.2026835492,-1.5990838074,with,seed:,16,with,dcc:,3.0445450531
-0.6403822303,-0.6628981755,with,seed:,0,with,dcc:,3.8869635276
-0.09744212,-1.456131431,with,seed:,0,with,dcc:,3.8869635276
-0.142062883,-1.8903294575,with,seed:,18,with,dcc:,3.4464424463
-0.1046417564,-1.4691415641,with,seed:,0,with,dcc:,3.6236581152
-0.7201855787,-2.2423686188,with,seed:,0,with,dcc:,3.6236581152
-0.7087910658,-1.9314958165,with,seed:,0,with,dcc:,3.6236581152
-0.3994751855,-0.3037351983,with,seed:,0,with,dcc:,3.6236581152
-1.1977952205,-1.4697810555,with,seed:,0,with,dcc:,3.6236581152
-1.3128028606,-1.3053534091,with,seed:,0,with,dcc:,3.6236581152
-1.1195932265,-1.7887780239,with,seed:,0,with,dcc:,3.6236581152
-0.1810079552,-1.7703066182,with,seed:,0,with,dcc:,3.6236581152
-0.659750107,-0.5049531037,with,seed:,0,with,dcc:,3.6236581152
0.1094729391,-1.7800693637,with,seed:,17,with,dcc:,3.6206018653
-1.2515091096,-2.0234474123,with,seed:,17,with,dcc:,3.6206018653
-1.2284233092,-0.9285423918,with,seed:,0,with,dcc:,3.3511228089
-0.4836137387,-0.5829592901,with,seed:,0,with,dcc:,3.3511228089
-0.7500799833,-1.901470552,with,seed:,0,with,dcc:,3.3511228089
-0.1293813542,-0.7110293719,with,seed:,0,with,dcc:,3.3511228089
0.1371864705,-1.8825056904,with,seed:,0,with,dcc:,3.3511228089
-0.2236584224,-1.7888874078,with,seed:,0,with,dcc:,3.3511228089
-1.3133466787,-1.9074972853,with,seed:,0,with,dcc:,3.3511228089
-1.1569332331,-1.1974633305,with,seed:,0,with,dcc:,3.3511228089
-0.6559763145,-0.7289534758,with,seed:,0,with,dcc:,3.3511228089
-0.8904124227,-1.8933068038,with,seed:,0,with,dcc:,3.3511228089
-0.4890812702,-0.5152596243,with,seed:,0,with,dcc:,3.3511228089
-0.2618207513,-0.5193564301,with,seed:,0,with,dcc:,3.3511228089
-0.5639265468,-0.385155428,with,seed:,0,with,dcc:,3.3511228089
0.0239869777,-1.6949909599,with,seed:,3,with,dcc:,3.9595396578
-1.277493158,-1.2508731175,with,seed:,5,with,dcc:,3.8731168388
-1.4763090198,-1.2631245893,with,seed:,16,with,dcc:,3.264222346
-0.9384243483,-0.747232526,with,seed:,18,with,dcc:,3.2176717678
0.2096973667,-0.8517697687,with,seed:,0,with,dcc:,2.8388951384
-0.9841774449,-1.7791425028,with,seed:,0,with,dcc:,2.8388951384
0.3404035701,-1.0966883271,with,seed:,0,with,dcc:,2.8388951384
-0.9027912973,-0.3374637681,with,seed:,0,with,dcc:,2.8388951384
-1.2634000109,-0.861419196,with,seed:,0,with,dcc:,2.8388951384
-0.0237210255,-1.3198452596,with,seed:,0,with,dcc:,2.8388951384
-1.0330825846,-1.7545851442,with,seed:,0,with,dcc:,2.8388951384
-0.6856253592,-1.8050624836,with,seed:,0,with,dcc:,2.8388951384
0.0181042451,-1.3079410863,with,seed:,0,with,dcc:,2.8388951384
-0.4293075393,-0.3284980648,with,seed:,0,with,dcc:,2.8388951384
0.0480044426,-1.1489380683,with,seed:,0,with,dcc:,2.8388951384
-0.4677828778,-0.7287077752,with,seed:,0,with,dcc:,2.8388951384
-0.5159169177,-2.044926121,with,seed:,0,with,dcc:,2.8388951384
-1.2415112637,-0.6691434124,with,seed:,0,with,dcc:,2.8388951384
-1.2805316859,-0.6773346289,with,seed:,0,with,dcc:,2.8388951384
-0.8824745111,-1.9649802183,with,seed:,0,with,dcc:,3.9154479709
-1.4052225671,-1.2600748733,with,seed:,12,with,dcc:,3.8772039968
0.0169726934,-0.9280255581,with,seed:,16,with,dcc:,3.2487380085
-0.0370462915,-1.9713233313,with,seed:,16,with,dcc:,3.2487380085
-0.4486007691,-0.5120180455,with,seed:,16,with,dcc:,3.2487380085
-0.2417664765,-1.6659376623,with,seed:,0,with,dcc:,3.5064265469
0.3192615323,-1.5741906078,with,seed:,3,with,dcc:,3.4285069043
-0.7501526459,-2.031626128,with,seed:,3,with,dcc:,3.4285069043
-1.2250746298,-1.55864061,with,seed:,3,with,dcc:,3.4285069043
-0.3408907197,-2.1247283825,with,seed:,3,with,dcc:,3.4285069043
-0.8925673004,-0.7660019451,with,seed:,3,with,dcc:,3.4285069043
-1.1970051046,-1.0678707781,with,seed:,3,with,dcc:,3.4285069043
0.0274623368,-1.2768192621,with,seed:,3,with,dcc:,3.4285069043
0.1775297898,-1.2018450452,with,seed:,3,with,dcc:,3.4285069043
-0.2156506813,-0.6530843767,with,seed:,3,with,dcc:,3.4285069043
-0.0197480246,-1.6692399919,with,seed:,16,with,dcc:,3.0282820952
0.1113195828,-1.2350268479,with,seed:,16,with,dcc:,3.0282820952
-1.1566038759,-0.745246487,with,seed:,0,with,dcc:,3.6703228758
-1.5475659005,-1.5165055147,with,seed:,3,with,dcc:,3.5424373019
-1.3348099212,-0.9394192754,with,seed:,3,with,dcc:,3.5424373019
-1.0797009519,-0.6420488397,with,seed:,3,with,dcc:,3.5424373019
-1.4601068181,-0.7147525543,with,seed:,3,with,dcc:,3.5424373019
-1.4066481778,-1.7662194822,with,seed:,3,with,dcc:,3.5424373019
0.1492518998,-1.7229783461,with,seed:,3,with,dcc:,3.5424373019
-0.9975228836,-0.7100003741,with,seed:,16,with,dcc:,3.3859450914
-0.3767154032,-0.7864893506,with,seed:,16,with,dcc:,3.3859450914
-0.4924354018,-1.8833701705,with,seed:,18,with,dcc:,3.2602976564
-1.2030993718,-1.4595434574,with,seed:,0,with,dcc:,3.8312521885
0.2054277894,-1.5763285968,with,seed:,3,with,dcc:,3.6476173201
0.1255737319,-0.8802354228,with,seed:,3,with,dcc:,3.6476173201
-1.2227818991,-2.0577775245,with,seed:,3,with,dcc:,3.6476173201
0.1244641611,-1.3939704678,with,seed:,16,with,dcc:,3.3856519789
-1.3706019211,-0.7544679457,with,seed:,16,with,dcc:,3.3856519789
-0.3531327065,-2.1366678137,with,seed:,16,with,dcc:,3.3856519789
-1.1195127713,-2.4554910311,with,seed:,0,with,dcc:,3.3971957231
-0.4054230537,-1.5265623223,with,seed:,3,with,dcc:,3.3481077107
-1.2768186429,-1.9594335803,with,seed:,3,with,dcc:,3.3481077107
-0.9791733998,-2.0348083335,with,seed:,3,with,dcc:,3.3481077107
-0.1214798936,-1.4269774557,with,seed:,3,with,dcc:,3.3481077107
-0.801141258,-2.572199223,with,seed:,3,with,dcc:,3.3481077107
0.3732164396,-1.6477442022,with,seed:,3,with,dcc:,3.3481077107
-0.1859835107,-2.8126460785,with,seed:,3,with,dcc:,3.3481077107
0.1369149913,-2.0151917371,with,seed:,3,with,dcc:,3.3481077107
0.1964205708,-1.8890419948,with,seed:,3,with,dcc:,3.3481077107
0.2546767543,-2.1156476693,with,seed:,3,with,dcc:,3.3481077107
-0.869553717,-2.4866348189,with,seed:,0,with,dcc:,3.6708635047
0.3225233488,-2.8586725992,with,seed:,0,with,dcc:,3.6708635047
0.6304207961,-2.0613666897,with,seed:,0,with,dcc:,3.6708635047
-0.8565882715,-2.2850364567,with,seed:,0,with,dcc:,3.6708635047
-1.2386415892,-2.0986345392,with,seed:,0,with,dcc:,3.6708635047
-0.7694751868,-2.6966973565,with,seed:,0,with,dcc:,3.6708635047
-0.0269740405,-2.3103263786,with,seed:,0,with,dcc:,3.6612986478
-0.1760379904,-3.4668957707,with,seed:,0,with,dcc:,3.6612986478
-1.2996687738,-3.3286371627,with,seed:,0,with,dcc:,3.6612986478
-0.8464016943,-2.1490181071,with,seed:,0,with,dcc:,3.6612986478
-1.6953154903,-2.6753053236,with,seed:,0,with,dcc:,3.6612986478
-0.4201827113,-2.3157084708,with,seed:,0,with,dcc:,3.6612986478
-0.0951864556,-3.2379409493,with,seed:,0,with,dcc:,3.6612986478
0.1364451665,-2.2777717583,with,seed:,20,with,dcc:,3.2765151205
0.1132857936,-2.7286300406,with,seed:,0,with,dcc:,3.4579659892
-0.4012833641,-3.3607280241,with,seed:,0,with,dcc:,3.4579659892
-1.0881174436,-3.3319236762,with,seed:,0,with,dcc:,3.4579659892
0.1285881447,-2.4060269971,with,seed:,0,with,dcc:,3.4579659892
-0.7888944642,-3.5022180442,with,seed:,0,with,dcc:,3.4579659892
-1.4956517956,-3.3417737014,with,seed:,0,with,dcc:,3.4579659892
-1.5364095138,-3.065014071,with,seed:,0,with,dcc:,3.4579659892
-0.0055995203,-3.2114805909,with,seed:,0,with,dcc:,3.4579659892
0.1476434219,-2.3625550263,with,seed:,0,with,dcc:,3.6662930077
-1.5549425132,-3.241567968,with,seed:,0,with,dcc:,3.6662930077
-1.614622577,-2.9293450323,with,seed:,0,with,dcc:,3.6662930077
-0.8981928758,-3.5074178949,with,seed:,0,with,dcc:,3.6662930077
-0.3461332266,-3.1331855739,with,seed:,0,with,dcc:,3.6662930077
-1.4028697894,-2.6332739756,with,seed:,0,with,dcc:,3.6662930077
-1.0595834453,-3.5597230848,with,seed:,0,with,dcc:,3.6662930077
0.1312368322,-2.7831282968,with,seed:,0,with,dcc:,3.6662930077
-0.3385101274,-1.9871699038,with,seed:,0,with,dcc:,3.6662930077
-0.0801457269,-2.0852212634,with,seed:,0,with,dcc:,3.6138223553
-0.8948411479,-3.4418734266,with,seed:,0,with,dcc:,3.6138223553
-0.9952064297,-3.1630392985,with,seed:,0,with,dcc:,3.6138223553
-0.5328646567,-2.1022661601,with,seed:,0,with,dcc:,3.6138223553
-1.4369198488,-2.8855539781,with,seed:,0,with,dcc:,3.6138223553
-1.292321903,-2.9800863472,with,seed:,0,with,dcc:,3.6138223553
-1.1647938589,-3.1967077242,with,seed:,0,with,dcc:,3.6138223553
-1.0832891678,-3.1320132357,with,seed:,0,with,dcc:,3.6138223553
-1.4163449309,-3.3994337207,with,seed:,0,with,dcc:,3.6138223553
-0.2984549975,-2.35672756,with,seed:,18,with,dcc:,3.8609001348
-1.4668083001,-2.6589421031,with,seed:,20,with,dcc:,3.5767089462
-1.109383487,-3.5769787421,with,seed:,0,with,dcc:,3.6346547468
-0.1561932891,-2.8940988111,with,seed:,0,with,dcc:,3.6346547468
-0.200309964,-2.7149266323,with,seed:,0,with,dcc:,3.6346547468
-0.6279300536,-2.0087140002,with,seed:,0,with,dcc:,3.6346547468
-0.2672106415,-3.1834308655,with,seed:,0,with,dcc:,3.6346547468
0.0469149151,-2.219411421,with,seed:,20,with,dcc:,2.8440002485
-1.3638606908,-2.5192903097,with,seed:,16,with,dcc:,3.3570089284
-1.4558447829,-3.3834196058,with,seed:,16,with,dcc:,3.3570089284
-0.7985050661,-3.6276612676,with,seed:,16,with,dcc:,3.3570089284
0.0639648758,-2.5839238004,with,seed:,0,with,dcc:,3.4450184023
-0.5512839787,-1.8944144159,with,seed:,0,with,dcc:,3.4450184023
0.0020786789,-3.0833476655,with,seed:,0,with,dcc:,3.4450184023
-0.7933633768,-2.1211699906,with,seed:,0,with,dcc:,3.4450184023
-1.1147476957,-3.1983546984,with,seed:,0,with,dcc:,3.4450184023
-0.2256582981,-2.6791902367,with,seed:,0,with,dcc:,3.4450184023
-1.4730806144,-2.9000410369,with,seed:,0,with,dcc:,3.9997259186
-1.6566128842,-2.9153235149,with,seed:,3,with,dcc:,3.9198213359
-0.3571096727,-3.4227751954,with,seed:,16,with,dcc:,3.4164861344
0.033422729,-2.6738338203,with,seed:,16,with,dcc:,3.4164861344
-1.554852884,-2.9294199831,with,seed:,20,with,dcc:,2.6315368372
-0.078797708,-2.1208848035,with,seed:,0,with,dcc:,3.4761760875
-0.2057436813,-1.8998968494,with,seed:,0,with,dcc:,3.4761760875
-0.4787906133,-1.9818513603,with,seed:,0,with,dcc:,3.4761760875
-1.4675733961,-2.0927974703,with,seed:,0,with,dcc:,3.4761760875
-1.4430040089,-3.1135398754,with,seed:,0,with,dcc:,3.4761760875
-1.3855376939,-2.2501834223,with,seed:,0,with,dcc:,3.4761760875
-1.4228262002,-2.5361295392,with,seed:,0,with,dcc:,3.4761760875
-0.1087028565,-2.8302282431,with,seed:,0,with,dcc:,3.4761760875
-1.4712443458,-3.3409935324,with,seed:,20,with,dcc:,3.0533533985
-1.0643930971,-3.2604818838,with,seed:,16,with,dcc:,3.4852953887
-0.1587523795,-2.9155770676,with,seed:,16,with,dcc:,3.4852953887
-0.839482856,-3.5428067338,with,seed:,16,with,dcc:,3.4852953887
-0.1306969071,-2.7969286998,with,seed:,0,with,dcc:,3.9663598977
-1.2399982004,-3.2464677686,with,seed:,0,with,dcc:,3.9663598977
-1.3625768383,-2.0779668694,with,seed:,16,with,dcc:,3.5353918511
-0.6422914252,-3.503660153,with,seed:,16,with,dcc:,3.5353918511
-1.0189791674,-1.9431111657,with,seed:,16,with,dcc:,3.5353918511
-1.5363240256,-2.5549669689,with,seed:,0,with,dcc:,3.9274786596
-1.6545562347,-2.5289434832,with,seed:,0,with,dcc:,3.9274786596
-0.1184378829,-2.0218787251,with,seed:,0,with,dcc:,3.9274786596
-1.0854784355,-2.2454132734,with,seed:,16,with,dcc:,3.7561055184
-1.0442739697,-1.9270964378,with,seed:,17,with,dcc:,3.6629120001
-0.0468226569,-3.2932163824,with,seed:,17,with,dcc:,3.6629120001
-0.7422062308,-3.3694502756,with,seed:,17,with,dcc:,3.6629120001
-1.3265125625,-2.6169578495,with,seed:,20,with,dcc:,3.6491487654
-0.4620325456,-3.4081035366,with,seed:,0,with,dcc:,3.7913736665
-1.4884008894,-2.8935086692,with,seed:,0,with,dcc:,3.7913736665
-1.3353596949,-2.5917912305,with,seed:,16,with,dcc:,3.5811004199
-0.326918683,-2.2562713668,with,seed:,18,with,dcc:,3.499304446
-0.7969772888,-3.5131631175,with,seed:,20,with,dcc:,3.3064829083
-0.1579506406,-2.7963153258,with,seed:,0,with,dcc:,3.7513212962
-0.400702015,-2.7666479617,with,seed:,0,with,dcc:,3.7513212962
-0.7532926678,-4.2178547547,with,seed:,21,with,dcc:,3.3436873003
-1.685947348,-3.5015302253,with,seed:,0,with,dcc:,3.386450232
-1.2280099256,-3.202614117,with,seed:,0,with,dcc:,3.386450232
-1.181176319,-3.0443303528,with,seed:,0,with,dcc:,3.386450232
-0.619308551,-4.2395210971,with,seed:,0,with,dcc:,3.386450232
-0.9765229121,-4.4766787036,with,seed:,0,with,dcc:,3.386450232
0.0497534161,-3.3116029428,with,seed:,0,with,dcc:,3.386450232
-1.1923948015,-3.8389912914,with,seed:,0,with,dcc:,3.2602254075
-1.4102012309,-2.8075012301,with,seed:,0,with,dcc:,3.2602254075
-1.4192178579,-2.8626260325,with,seed:,0,with,dcc:,3.2602254075
-1.5384636096,-3.7352763616,with,seed:,0,with,dcc:,3.2602254075
-0.7563167237,-3.0093320174,with,seed:,0,with,dcc:,3.2602254075
-0.1350055245,-4.2076079925,with,seed:,0,with,dcc:,3.2602254075
-0.7135704787,-2.8971992987,with,seed:,0,with,dcc:,3.2602254075
0.1372439393,-3.2985610373,with,seed:,0,with,dcc:,3.2602254075
-1.0873496976,-2.7315981351,with,seed:,12,with,dcc:,3.2518923091
-1.6021326661,-3.7844086589,with,seed:,12,with,dcc:,3.2518923091
-0.3084345952,-4.1286032357,with,seed:,12,with,dcc:,3.2518923091
-1.4339584622,-3.2456124547,with,seed:,0,with,dcc:,3.7185829742
-0.3727912164,-2.7830797847,with,seed:,3,with,dcc:,3.6885999668
-0.2819051598,-3.0715295722,with,seed:,3,with,dcc:,3.6885999668
-1.357857728,-3.4061528639,with,seed:,3,with,dcc:,3.6885999668
-0.2612189164,-4.2304926507,with,seed:,3,with,dcc:,3.6885999668
-0.9134317795,-2.96032699,with,seed:,3,with,dcc:,3.6885999668
-0.6110735031,-2.8121750492,with,seed:,3,with,dcc:,3.6885999668
-1.3483939972,-2.7805285324,with,seed:,16,with,dcc:,3.0842472756
-1.3638070414,-3.0784884212,with,seed:,16,with,dcc:,3.0842472756
-0.6380562616,-4.2339438498,with,seed:,16,with,dcc:,3.0842472756
-0.0770102254,-4.1052192333,with,seed:,0,with,dcc:,3.9647695267
-1.2330461966,-4.0135267109,with,seed:,3,with,dcc:,3.8985037897
-0.3552547087,-3.0094349001,with,seed:,16,with,dcc:,3.4705361958
-0.7819865402,-2.676534309,with,seed:,16,with,dcc:,3.4705361958
-0.6387591087,-4.1421970951,with,seed:,16,with,dcc:,3.4705361958
-1.3772473814,-3.8152790995,with,seed:,16,with,dcc:,3.4705361958
-0.2171274945,-3.2204713422,with,seed:,16,with,dcc:,3.9057395164
-1.6216328657,-3.7010939481,with,seed:,16,with,dcc:,3.9057395164
-1.5627573379,-3.2661408393,with,seed:,18,with,dcc:,3.6959049441
-1.5578798491,-3.3585989963,with,seed:,21,with,dcc:,3.6848912071
-0.4734839589,-2.609467739,with,seed:,21,with,dcc:,3.3154500962
-0.4594316323,-4.0610101886,with,seed:,0,with,dcc:,3.6123354184
-1.1517336958,-4.1061263842,with,seed:,0,with,dcc:,3.6123354184
-0.8225133987,-2.594807076,with,seed:,0,with,dcc:,3.6123354184
-0.9861355949,-4.0653986296,with,seed:,0,with,dcc:,3.6123354184
-0.0827885827,-3.4168356159,with,seed:,0,with,dcc:,3.6123354184
-1.5412505953,-3.3527919786,with,seed:,20,with,dcc:,3.4930996727
-0.3589650009,-3.8986629083,with,seed:,20,with,dcc:,3.4930996727
-1.6067920229,-3.7404897708,with,seed:,0,with,dcc:,3.3229514664
-1.5979717301,-3.5318464108,with,seed:,0,with,dcc:,3.3229514664
-1.0901464479,-3.9833792641,with,seed:,0,with,dcc:,3.3229514664
-1.3927862842,-3.9514431227,with,seed:,0,with,dcc:,3.3229514664
-0.6930278594,-2.7651686745,with,seed:,0,with,dcc:,3.3229514664
-1.3094811368,-2.9775429894,with,seed:,0,with,dcc:,3.3229514664
-0.4585521897,-4.3830866935,with,seed:,0,with,dcc:,3.3229514664
-1.6702119497,-3.3498199181,with,seed:,0,with,dcc:,3.3229514664
-0.2297128214,-2.6998460116,with,seed:,0,with,dcc:,3.3229514664
-0.3331097609,-3.2322100799,with,seed:,0,with,dcc:,3.6812929658
-1.0110030415,-4.4354793563,with,seed:,3,with,dcc:,3.6610330539
-0.7833573695,-2.6051242175,with,seed:,3,with,dcc:,3.6610330539
-0.2500068911,-3.8424460376,with,seed:,3,with,dcc:,3.6610330539
-0.376520177,-4.385203497,with,seed:,3,with,dcc:,3.6610330539
-1.0396679308,-2.5632824922,with,seed:,20,with,dcc:,2.9746160622
0.0069133311,-3.3142020666,with,seed:,20,with,dcc:,2.9746160622
-0.8650543152,-4.2771151052,with,seed:,0,with,dcc:,3.4076493398
-0.9839304144,-2.6352192851,with,seed:,0,with,dcc:,3.4076493398
-1.2038316987,-3.0960702654,with,seed:,0,with,dcc:,3.4076493398
0.0310415312,-3.1638128925,with,seed:,0,with,dcc:,3.4076493398
-1.004938702,-2.7888537146,with,seed:,0,with,dcc:,3.4076493398
-0.5961061924,-4.3395953237,with,seed:,0,with,dcc:,3.4076493398
-1.5577562036,-4.0689463948,with,seed:,0,with,dcc:,3.4076493398
-0.1872977276,-3.3068095609,with,seed:,0,with,dcc:,3.4076493398
-0.7180192386,-4.3511659891,with,seed:,0,with,dcc:,3.4076493398
0.0445300358,-4.0029970078,with,seed:,21,with,dcc:,2.7863941362
-1.183269797,-4.1348343373,with,seed:,0,with,dcc:,3.6994126356
-0.2870976066,-3.8851924116,with,seed:,0,with,dcc:,3.6994126356
-0.351108127,-3.1262653213,with,seed:,21,with,dcc:,3.6569745973
-0.5758714326,-2.93725407,with,seed:,0,with,dcc:,3.9380583657
-1.0985633421,-4.1779221427,with,seed:,0,with,dcc:,3.9380583657
-1.6829434213,-3.5013492267,with,seed:,16,with,dcc:,3.9026805702
-0.5841472445,-2.8761313132,with,seed:,18,with,dcc:,3.5126147105
-0.0478962294,-3.5107038652,with,seed:,20,with,dcc:,3.0135830232
-0.5368087498,-2.5958699983,with,seed:,20,with,dcc:,3.0135830232
-0.0068896553,-2.9930512127,with,seed:,0,with,dcc:,3.6541078668
-1.1109891636,-2.7938074715,with,seed:,0,with,dcc:,3.6541078668
-1.3212689344,-4.0762543445,with,seed:,0,with,dcc:,3.6541078668
-1.2251567438,-3.026960741,with,seed:,0,with,dcc:,3.6541078668
-1.7446452821,-3.2687688841,with,seed:,20,with,dcc:,3.4160171395
-1.2763641954,-3.8960663901,with,seed:,20,with,dcc:,3.4160171395
-1.310838476,-2.9524585484,with,seed:,0,with,dcc:,3.261075882
-0.2483142893,-3.1285597679,with,seed:,0,with,dcc:,3.261075882
-1.4619571243,-3.4935597874,with,seed:,0,with,dcc:,3.261075882
-0.5869555163,-4.3501916585,with,seed:,0,with,dcc:,3.261075882
-0.9215279568,-4.3116040359,with,seed:,0,with,dcc:,3.261075882
-1.0368325308,-3.9566130971,with,seed:,0,with,dcc:,3.261075882
-1.020645064,-2.5724660447,with,seed:,0,with,dcc:,3.261075882
-1.0621914828,-2.6712083455,with,seed:,0,with,dcc:,3.261075882
-1.1409737138,-4.2447955605,with,seed:,0,with,dcc:,3.261075882
0.1486018352,-3.7186990292,with,seed:,0,with,dcc:,3.1399638998
-0.3089967423,-3.6665801518,with,seed:,0,with,dcc:,3.1399638998
-1.5402340657,-4.0886681639,with,seed:,0,with,dcc:,3.1399638998
-0.892303786,-2.8412374553,with,seed:,0,with,dcc:,3.1399638998
-1.5533928,-3.6964224765,with,seed:,0,with,dcc:,3.1399638998
-0.8628056897,-2.7428599084,with,seed:,0,with,dcc:,3.1399638998
-1.6640759441,-3.0351032299,with,seed:,0,with,dcc:,3.1399638998
-0.8695618955,-4.0484027126,with,seed:,0,with,dcc:,3.1399638998
-1.1673288419,-4.2119211703,with,seed:,0,with,dcc:,3.1399638998
-0.3963101695,-4.107882696,with,seed:,0,with,dcc:,3.1399638998
-0.6604952061,-4.1126157003,with,seed:,0,with,dcc:,3.1399638998
-0.7870844856,-4.0240998823,with,seed:,12,with,dcc:,3.0298586664
-1.486252215,-3.6877431099,with,seed:,12,with,dcc:,3.0298586664
-0.3391761538,-2.6931011939,with,seed:,12,with,dcc:,3.0298586664
-0.8965160853,-4.3177562799,with,seed:,12,with,dcc:,3.0298586664
-1.2842276704,-2.8856551139,with,seed:,12,with,dcc:,3.0298586664
-0.8547277394,-4.0125948082,with,seed:,0,with,dcc:,3.8740602979
-0.3319891758,-4.190077289,with,seed:,18,with,dcc:,3.8494144723
-0.3239270618,-3.6994984329,with,seed:,20,with,dcc:,3.4339391112
-1.1084106379,-4.4621534096,with,seed:,20,with,dcc:,3.4339391112
-0.8440113373,-2.9063365784,with,seed:,0,with,dcc:,3.5202162197
-0.4025465548,-2.6360123271,with,seed:,3,with,dcc:,3.4766289396
0.179389316,-3.4396411636,with,seed:,3,with,dcc:,3.4766289396
-1.2003207875,-4.3858105524,with,seed:,3,with,dcc:,3.4766289396
-0.3437136833,-2.8869470362,with,seed:,3,with,dcc:,3.4766289396
-1.3520502094,-2.6825799297,with,seed:,3,with,dcc:,3.4766289396
-1.3902053865,-3.3369322225,with,seed:,3,with,dcc:,3.4766289396
-0.5211229895,-3.0627858848,with,seed:,3,with,dcc:,3.4766289396
-0.3679211622,-2.8274326311,with,seed:,3,with,dcc:,3.4766289396
0.0232415896,-3.4457001195,with,seed:,3,with,dcc:,3.4766289396
-0.0326546678,-3.7610995424,with,seed:,16,with,dcc:,3.0196940959
-1.1767865312,-4.0679084972,with,seed:,16,with,dcc:,3.0196940959
-0.0896113183,-3.7588105914,with,seed:,16,with,dcc:,3.0196940959
-0.2079277234,-3.2339349272,with,seed:,0,with,dcc:,3.4897569416
-0.8119944831,-4.2020117434,with,seed:,0,with,dcc:,3.4897569416
-0.9824807376,-2.6397396766,with,seed:,0,with,dcc:,3.4897569416
-1.0890227508,-4.4053228961,with,seed:,0,with,dcc:,3.4897569416
-0.2125067346,-3.5729708651,with,seed:,0,with,dcc:,3.4897569416
-1.2595068138,-2.8323491422,with,seed:,0,with,dcc:,3.4897569416
-1.6278502761,-3.4880571523,with,seed:,0,with,dcc:,3.4897569416
-1.4251222352,-3.0274911357,with,seed:,0,with,dcc:,3.4897569416
-1.3949341217,-3.5798552919,with,seed:,0,with,dcc:,3.4897569416
0.1882053536,-3.5285493614,with,seed:,0,with,dcc:,3.4897569416
-1.4781953695,-3.8944540721,with,seed:,0,with,dcc:,3.4328880072
-1.3627441605,-3.6485894699,with,seed:,0,with,dcc:,3.4328880072
-1.7002724056,-3.604438734,with,seed:,0,with,dcc:,3.4328880072
-0.4526501735,-3.0946899262,with,seed:,0,with,dcc:,3.4328880072
-0.0440351359,-3.5798481224,with,seed:,0,with,dcc:,3.4328880072
-1.6462501997,-3.1207216809,with,seed:,0,with,dcc:,3.4328880072
-0.1423377756,-3.897438956,with,seed:,0,with,dcc:,3.4328880072
-0.2302417337,-3.9561202183,with,seed:,0,with,dcc:,3.4328880072
-1.3135099723,-4.2109972458,with,seed:,0,with,dcc:,3.4328880072
-0.9817868185,-2.8395271488,with,seed:,0,with,dcc:,3.4328880072
-1.0325382115,-4.4113500805,with,seed:,20,with,dcc:,2.6429970941
-0.1963381375,-3.4794675452,with,seed:,20,with,dcc:,2.6429970941
-1.3253598647,-4.0236155684,with,seed:,0,with,dcc:,3.7779561415
-0.8299088809,-2.6268094197,with,seed:,0,with,dcc:,3.7779561415
-0.5261935556,-2.6576314695,with,seed:,0,with,dcc:,3.7779561415
-0.2219151368,-3.6367927923,with,seed:,0,with,dcc:,3.7779561415
-1.2393243425,-3.7914972211,with,seed:,20,with,dcc:,3.641723679
-0.3607640678,-3.0521308418,with,seed:,21,with,dcc:,3.0569139742
-0.9239322909,-4.0012035278,with,seed:,0,with,dcc:,3.7386829029
-1.5539376593,-3.5231542044,with,seed:,0,with,dcc:,3.7386829029
-0.8256349274,-2.8989305533,with,seed:,0,with,dcc:,3.7386829029
-1.192408876,-4.0638361385,with,seed:,0,with,dcc:,3.7386829029
-1.5900899647,-3.9557065187,with,seed:,20,with,dcc:,3.0687867808
-0.5852618987,-2.7525447988,with,seed:,20,with,dcc:,3.0687867808
-0.5464118136,-2.9655165834,with,seed:,0,with,dcc:,3.6292119559
-0.2498343938,-3.1983910826,with,seed:,0,with,dcc:,3.6292119559
-1.1150109489,-4.3556860499,with,seed:,0,with,dcc:,3.6292119559
-0.3285729979,-3.8714849276,with,seed:,0,with,dcc:,3.6292119559
0.0795147576,-3.4689983091,with,seed:,0,with,dcc:,3.6292119559
0.0559951747,-4.0113560628,with,seed:,20,with,dcc:,2.7852931279
-1.3591565336,-3.0780565738,with,seed:,20,with,dcc:,2.7852931279
-0.5704069079,-3.9798444612,with,seed:,0,with,dcc:,3.5467829536
-0.1917700794,-3.7656484405,with,seed:,0,with,dcc:,3.5467829536
-1.0230820092,-3.01209568,with,seed:,0,with,dcc:,3.5467829536
-1.0966518914,-2.6150854437,with,seed:,0,with,dcc:,3.5467829536
-0.7407750193,-4.0147463238,with,seed:,0,with,dcc:,3.5467829536
-0.1255389037,-3.9079114127,with,seed:,0,with,dcc:,3.5467829536
-1.4578444324,-4.057711876,with,seed:,0,with,dcc:,3.5467829536
-0.3728994865,-2.9053120766,with,seed:,0,with,dcc:,3.5467829536
-0.8603945756,-4.0696195687,with,seed:,20,with,dcc:,3.1768625317
-0.7543768513,-4.2049674703,with,seed:,20,with,dcc:,3.1768625317
-1.2336195076,-3.8626425469,with,seed:,0,with,dcc:,3.6451356381
-0.6160003583,-2.5997655441,with,seed:,0,with,dcc:,3.6451356381
-0.2499830949,-3.1937195103,with,seed:,0,with,dcc:,3.6451356381
-0.3313028291,-4.340212692,with,seed:,0,with,dcc:,3.6451356381
-0.9918936744,-3.0042255482,with,seed:,0,with,dcc:,3.6451356381
-0.3072667774,-3.2102089992,with,seed:,0,with,dcc:,3.6451356381
-0.0663619799,-4.0885117948,with,seed:,0,with,dcc:,3.6451356381
-1.2372952947,-4.0018948829,with,seed:,16,with,dcc:,3.4173516376
-0.6245840912,-2.7014225394,with,seed:,16,with,dcc:,3.4173516376
-0.6823600287,-4.089841852,with,seed:,16,with,dcc:,3.4173516376
-1.0173509434,-3.018526133,with,seed:,16,with,dcc:,3.4173516376
-1.2247649637,-3.044781078,with,seed:,0,with,dcc:,3.758355677
-1.0999633403,-3.9988010867,with,seed:,0,with,dcc:,3.758355677
-1.3993034503,-4.1545452844,with,seed:,18,with,dcc:,3.7528419408
-1.4716976946,-3.6748018714,with,seed:,20,with,dcc:,2.8516439786
-0.9289602939,-2.9531596141,with,seed:,20,with,dcc:,2.8516439786
-1.2298789414,-3.1694763061,with,seed:,20,with,dcc:,2.927043508
-1.1248252289,-2.8340245615,with,seed:,20,with,dcc:,2.927043508
-0.4009406334,-2.8532101376,with,seed:,0,with,dcc:,3.7924244283
-1.680099348,-3.3667668128,with,seed:,0,with,dcc:,3.7924244283
-0.9281103513,-2.8659622185,with,seed:,0,with,dcc:,3.7924244283
-1.2212355609,-2.8587777485,with,seed:,16,with,dcc:,3.5544672092
-0.5974275663,-3.989434757,with,seed:,16,with,dcc:,3.5544672092
0.0208794642,-3.7590698989,with,seed:,16,with,dcc:,3.5544672092
-0.7085399859,-4.1931543523,with,seed:,20,with,dcc:,2.4607676644
-0.6276540685,-4.2239049478,with,seed:,20,with,dcc:,2.4607676644
-0.0549694228,-3.5348450487,with,seed:,0,with,dcc:,3.339932086
-1.1696094152,-3.9072932445,with,seed:,0,with,dcc:,3.339932086
-1.2637342402,-3.2356533709,with,seed:,0,with,dcc:,3.339932086
0.0056828011,-3.4369974216,with,seed:,0,with,dcc:,3.339932086
-1.444068182,-3.3785545086,with,seed:,0,with,dcc:,3.339932086
-0.2583482226,-3.5066253208,with,seed:,0,with,dcc:,3.339932086
-0.2576946053,-3.9646316435,with,seed:,0,with,dcc:,3.339932086
-0.2423792411,-3.4303530416,with,seed:,16,with,dcc:,3.4712815131
-0.9869828117,-2.9012851776,with,seed:,16,with,dcc:,3.4712815131
-1.0729608121,-4.309509513,with,seed:,16,with,dcc:,3.4712815131
-1.1499631813,-2.6345554304,with,seed:,0,with,dcc:,2.8875503394
-0.8114982656,-2.7635047042,with,seed:,0,with,dcc:,2.8875503394
0.0234973736,-3.1423305505,with,seed:,0,with,dcc:,2.8875503394
-1.1512175991,-3.9273638794,with,seed:,0,with,dcc:,2.8875503394
-0.427320539,-2.8847667497,with,seed:,0,with,dcc:,2.8875503394
-0.574346158,-2.7771744641,with,seed:,0,with,dcc:,2.8875503394
-1.0863576191,-4.0205932348,with,seed:,0,with,dcc:,2.8875503394
-0.2560124418,-3.7196151465,with,seed:,0,with,dcc:,2.8875503394
-1.1343253177,-4.2041758027,with,seed:,0,with,dcc:,2.8875503394
-0.0903874362,-3.959029987,with,seed:,0,with,dcc:,2.8875503394
-1.0726194398,-2.8626271569,with,seed:,0,with,dcc:,2.8875503394
-1.3348610743,-3.1964804542,with,seed:,12,with,dcc:,2.8769638441
-0.4234490519,-4.3088631935,with,seed:,12,with,dcc:,2.8769638441
-1.1157108665,-3.9996089458,with,seed:,12,with,dcc:,2.8769638441
-1.5126216732,-3.716263103,with,seed:,12,with,dcc:,2.8769638441
-1.343412442,-4.2857657308,with,seed:,12,with,dcc:,2.8769638441
-0.8767542867,-2.7302410759,with,seed:,0,with,dcc:,3.908580259
-1.3213368782,-3.6615164371,with,seed:,18,with,dcc:,3.6011174352
-1.2890327953,-3.9789389767,with,seed:,18,with,dcc:,3.6011174352
-1.0220834238,-4.2268239983,with,seed:,18,with,dcc:,3.6011174352
-0.3049362864,-3.2905357546,with,seed:,0,with,dcc:,3.251449762
-0.3113450018,-2.8922172324,with,seed:,0,with,dcc:,3.251449762
-0.1083994578,-3.6204963946,with,seed:,0,with,dcc:,3.251449762
-1.5735869538,-3.3362566734,with,seed:,0,with,dcc:,3.251449762
-0.4998132604,-2.9647494118,with,seed:,0,with,dcc:,3.251449762
-1.4808203179,-2.9760665039,with,seed:,0,with,dcc:,3.251449762
-0.7754485407,-2.6816368848,with,seed:,0,with,dcc:,3.251449762
-0.4172594585,-4.064216291,with,seed:,0,with,dcc:,3.251449762
-0.5984076049,-4.4413584747,with,seed:,0,with,dcc:,3.2506320213
-1.5986403892,-3.4127447603,with,seed:,0,with,dcc:,3.2506320213
-1.2213391147,-3.8020944396,with,seed:,0,with,dcc:,3.2506320213
-0.5624522555,-4.2135991952,with,seed:,0,with,dcc:,3.2506320213
-1.3391206629,-3.4218341093,with,seed:,0,with,dcc:,3.2506320213
-1.6532041513,-3.446418605,with,seed:,0,with,dcc:,3.2506320213
-0.1305683976,-3.3922367565,with,seed:,0,with,dcc:,3.2506320213
-0.3264487658,-4.2438432555,with,seed:,0,with,dcc:,3.2506320213
-0.6701371489,-2.9569136714,with,seed:,0,with,dcc:,3.2506320213
-1.4601389763,-3.7908822222,with,seed:,0,with,dcc:,3.2506320213
-0.7512792617,-2.9738721302,with,seed:,0,with,dcc:,3.6777167201
-0.2159954681,-3.9297025567,with,seed:,0,with,dcc:,3.6777167201
-1.6500148256,-3.6114174152,with,seed:,0,with,dcc:,3.6777167201
-0.6571694687,-2.6735068239,with,seed:,0,with,dcc:,3.6777167201
-0.0752405526,-3.5470950631,with,seed:,0,with,dcc:,3.6777167201
-0.6883921834,-2.790407493,with,seed:,0,with,dcc:,3.6777167201
-0.3703718178,-3.2475754585,with,seed:,0,with,dcc:,3.6777167201
-0.7071741145,-2.8387517286,with,seed:,18,with,dcc:,3.5977163925
-0.1024704995,-4.1033208935,with,seed:,18,with,dcc:,3.5977163925
-0.0224444577,-3.1949687872,with,seed:,21,with,dcc:,3.5215717359
-0.5745498837,-4.3324247992,with,seed:,0,with,dcc:,3.4287493851
-1.2678801397,-4.3574952374,with,seed:,0,with,dcc:,3.4287493851
-1.2805044178,-2.7104086781,with,seed:,0,with,dcc:,3.4287493851
-0.0491880768,-3.2508250368,with,seed:,0,with,dcc:,3.4287493851
-1.2722406078,-3.1801396604,with,seed:,0,with,dcc:,3.4287493851
-0.2168687339,-3.1187266444,with,seed:,0,with,dcc:,3.4287493851
-1.0784648392,-3.0041388016,with,seed:,0,with,dcc:,3.4287493851
-0.846556487,-2.5191401267,with,seed:,0,with,dcc:,3.4287493851
-0.123784999,-3.6955356038,with,seed:,0,with,dcc:,3.4287493851
-0.046815337,-4.1272982289,with,seed:,0,with,dcc:,3.4287493851
-0.1851692545,-3.0886168712,with,seed:,21,with,dcc:,2.9163577224
-1.5185258892,-3.3156115509,with,seed:,21,with,dcc:,3.3590656484
0.1040518008,-3.3780581979,with,seed:,20,with,dcc:,3.9089519952
-1.4021418867,-3.7276917319,with,seed:,21,with,dcc:,2.96089454
-0.7989087855,-4.453962579,with,seed:,0,with,dcc:,3.795900874
0.0933225451,-3.4786263743,with,seed:,0,with,dcc:,3.795900874
-0.8374253158,-4.1678488329,with,seed:,12,with,dcc:,3.7662032709
-0.899720026,-4.1140319154,with,seed:,21,with,dcc:,2.9386780989
-1.3476942057,-4.1742521001,with,seed:,18,with,dcc:,3.3152008729
-0.425070412,-2.8185301925,with,seed:,16,with,dcc:,3.7751770371
-0.1952572488,-3.3718483372,with,seed:,18,with,dcc:,3.435491122
-1.3236133968,-3.9197233798,with,seed:,18,with,dcc:,3.435491122
0.128393004,-3.482125925,with,seed:,0,with,dcc:,3.9181809909
-1.1444055342,-3.9539387308,with,seed:,16,with,dcc:,3.9096596474
-0.266209751,-3.8609234529,with,seed:,18,with,dcc:,3.4526042676
-1.6307672112,-3.5929982274,with,seed:,18,with,dcc:,3.4526042676
-0.4034424783,-2.8979660934,with,seed:,0,with,dcc:,3.6097826419
-0.2885846608,-2.978086271,with,seed:,0,with,dcc:,3.6097826419
-0.499181935,-3.0781083782,with,seed:,0,with,dcc:,3.6097826419
-0.6495945683,-4.0658009224,with,seed:,0,with,dcc:,3.6097826419
-0.5104249774,-2.5593403801,with,seed:,21,with,dcc:,2.8170024992
-0.6416203167,-2.8109113287,with,seed:,20,with,dcc:,3.4225134808
-1.351786299,-3.6776537538,with,seed:,20,with,dcc:,3.4225134808
-0.8635900255,-4.465779194,with,seed:,16,with,dcc:,3.5946384788
-1.0469710905,-2.9816862806,with,seed:,16,with,dcc:,3.5946384788
-0.6374033951,-2.9384996739,with,seed:,16,with,dcc:,3.5946384788
-1.2896506611,-3.6589492143,with,seed:,21,with,dcc:,3.5123679225
-0.761476084,-4.3982411137,with,seed:,0,with,dcc:,3.6799373851
-1.7491049981,-3.3883129188,with,seed:,0,with,dcc:,3.6799373851
-1.177449322,-3.188127254,with,seed:,21,with,dcc:,2.9337513066
-0.8324383818,-4.2894267364,with,seed:,18,with,dcc:,3.8275178725
0.0456406996,-3.7080641921,with,seed:,20,with,dcc:,3.2141794375
-1.2630967863,-3.8687336635,with,seed:,20,with,dcc:,3.2141794375
-0.6373300234,-2.9200872318,with,seed:,16,with,dcc:,3.836105774
-1.1614483064,-4.1426842052,with,seed:,18,with,dcc:,3.7956359946
-0.1396813118,-4.0403184148,with,seed:,21,with,dcc:,3.5538002889
-1.4939918198,-3.6095052703,with,seed:,0,with,dcc:,3.6040290626
-1.1300067289,-3.0111790746,with,seed:,0,with,dcc:,3.6040290626
-1.3935838718,-4.1731056159,with,seed:,0,with,dcc:,3.6040290626
-1.7251343616,-3.647039686,with,seed:,0,with,dcc:,3.6040290626
-0.9931991065,-4.3611275076,with,seed:,0,with,dcc:,3.6040290626
-0.2198790557,-3.3609673759,with,seed:,0,with,dcc:,3.6040290626
-0.3472932745,-4.1959536476,with,seed:,0,with,dcc:,3.6040290626
-0.7737601987,-2.6024236092,with,seed:,0,with,dcc:,3.6040290626
0.1897490176,-3.5638554028,with,seed:,16,with,dcc:,3.4249697688
-0.5962004502,-2.6135084651,with,seed:,16,with,dcc:,3.4249697688
-1.757864551,-3.754182548,with,seed:,16,with,dcc:,3.4249697688
-0.6789139676,-4.3971929683,with,seed:,16,with,dcc:,3.4249697688
-1.1308782464,-4.0038013308,with,seed:,0,with,dcc:,2.9320832152
-1.508110083,-3.0114613472,with,seed:,0,with,dcc:,2.9320832152
-0.5853741924,-3.0136712058,with,seed:,0,with,dcc:,2.9320832152
-1.4858575106,-3.6495151957,with,seed:,0,with,dcc:,2.9320832152
-0.1589326691,-3.1829646368,with,seed:,0,with,dcc:,2.9320832152
-1.2958858027,-3.8818899366,with,seed:,0,with,dcc:,2.9320832152
-1.1367343858,-4.0597696971,with,seed:,0,with,dcc:,2.9320832152
-0.6714013957,-2.8570496033,with,seed:,0,with,dcc:,2.9320832152
-0.6441350544,-2.7438638766,with,seed:,0,with,dcc:,2.9320832152
-0.771721486,-4.1398582397,with,seed:,0,with,dcc:,2.9320832152
0.1599906421,-3.7907011036,with,seed:,0,with,dcc:,2.9320832152
-0.2322239462,-2.8492187557,with,seed:,0,with,dcc:,2.9320832152
0.042445077,-3.6883249406,with,seed:,0,with,dcc:,2.9320832152
0.0395358392,-3.2633925698,with,seed:,0,with,dcc:,2.9320832152
-0.6150967008,-4.0014973531,with,seed:,0,with,dcc:,2.9320832152
-0.9101592906,-4.160630181,with,seed:,0,with,dcc:,2.9320832152
-0.4384753949,-4.2268513659,with,seed:,0,with,dcc:,3.4395644672
0.0232614572,-3.9290108469,with,seed:,0,with,dcc:,3.4395644672
-0.4040095655,-3.881863968,with,seed:,0,with,dcc:,3.4395644672
-0.2381315685,-3.784082536,with,seed:,0,with,dcc:,3.4395644672
-1.3581493371,-3.8118942006,with,seed:,0,with,dcc:,3.4395644672
-0.2462471346,-3.9102384824,with,seed:,0,with,dcc:,3.4395644672
-0.6588980794,-2.9044707808,with,seed:,0,with,dcc:,3.4395644672
-1.2075458202,-3.178923524,with,seed:,0,with,dcc:,3.4395644672
-1.2498288332,-3.0597125223,with,seed:,0,with,dcc:,3.4395644672
-0.310747105,-4.164183388,with,seed:,0,with,dcc:,3.4395644672
-1.4579073323,-3.445910627,with,seed:,0,with,dcc:,2.8305701721
-0.189112169,-3.0184255663,with,seed:,0,with,dcc:,2.8305701721
-0.8331480124,-2.7013181782,with,seed:,0,with,dcc:,2.8305701721
-0.8637254206,-2.9974028597,with,seed:,0,with,dcc:,2.8305701721
-0.7261698129,-4.171410084,with,seed:,0,with,dcc:,2.8305701721
-0.5629784893,-2.5601328861,with,seed:,0,with,dcc:,2.8305701721
-0.4540357004,-2.5874403117,with,seed:,0,with,dcc:,2.8305701721
-0.688300225,-2.787736899,with,seed:,0,with,dcc:,2.8305701721
-0.3406439482,-3.7648126261,with,seed:,0,with,dcc:,2.8305701721
-0.8742552667,-2.7140688996,with,seed:,0,with,dcc:,2.8305701721
-1.2552932404,-3.8885133003,with,seed:,0,with,dcc:,2.8305701721
0.0433667655,-4.027591141,with,seed:,0,with,dcc:,2.8305701721
-1.6020941362,-3.7765900509,with,seed:,0,with,dcc:,2.8305701721
-1.5217826256,-3.9583979991,with,seed:,0,with,dcc:,2.8305701721
-1.5731678832,-3.4866663165,with,seed:,0,with,dcc:,3.5983130077
-1.6264331358,-3.5747479476,with,seed:,0,with,dcc:,3.5983130077
-1.4937894871,-3.730271845,with,seed:,12,with,dcc:,3.5677337035
-1.1882936017,-2.7465314435,with,seed:,12,with,dcc:,3.5677337035
-0.4083702887,-4.1036102482,with,seed:,12,with,dcc:,3.5677337035
-0.8923769534,-4.3461965435,with,seed:,12,with,dcc:,3.5677337035
-0.2140366281,-3.6744538938,with,seed:,0,with,dcc:,3.3641093925
-0.3824237622,-3.8254437626,with,seed:,0,with,dcc:,3.3641093925
-1.6444190762,-3.2371300872,with,seed:,0,with,dcc:,3.3641093925
-0.9739663963,-4.2127707291,with,seed:,0,with,dcc:,3.3641093925
-1.4074501121,-3.5001146057,with,seed:,0,with,dcc:,3.3641093925
-0.0084727311,-3.2202799482,with,seed:,0,with,dcc:,3.3641093925
-0.8997399581,-2.8325996659,with,seed:,0,with,dcc:,3.3641093925
0.1966363678,-3.473982747,with,seed:,0,with,dcc:,3.3641093925
-1.353095557,-4.0883031905,with,seed:,0,with,dcc:,3.3641093925
-0.6997831368,-2.7212732987,with,seed:,0,with,dcc:,3.3641093925
-1.5440445715,-3.8864576667,with,seed:,0,with,dcc:,3.3641093925
-1.5313322315,-3.0384004657,with,seed:,0,with,dcc:,3.3641093925
-1.658415067,-3.7492357627,with,seed:,0,with,dcc:,3.3641093925
-0.6597601026,-2.8376828285,with,seed:,0,with,dcc:,3.3641093925
-1.765046176,-3.7448900806,with,seed:,0,with,dcc:,3.3641093925
-0.2631719838,-3.4199898878,with,seed:,0,with,dcc:,3.7316372825
-1.068304891,-4.1193822751,with,seed:,0,with,dcc:,3.7316372825
-0.4132870613,-2.6004203077,with,seed:,0,with,dcc:,3.7316372825
-1.3860101092,-2.8038597431,with,seed:,0,with,dcc:,3.7316372825
-0.7403285074,-4.1606498406,with,seed:,0,with,dcc:,3.7316372825
-0.948062127,-2.6770483972,with,seed:,18,with,dcc:,3.7078814522
-0.1998283331,-3.3665527644,with,seed:,20,with,dcc:,3.6588074724
-1.5112583659,-3.5953861343,with,seed:,21,with,dcc:,3.391906013
-0.8730633378,-2.6516268981,with,seed:,0,with,dcc:,3.968699585
-0.2764118574,-3.5775380886,with,seed:,21,with,dcc:,2.9130767896
-0.4589289222,-3.0264000466,with,seed:,0,with,dcc:,3.9696281649
-0.1438550985,-3.2249367477,with,seed:,12,with,dcc:,3.9661655817
-0.258753959,-3.5480744299,with,seed:,16,with,dcc:,3.4317840492
-1.639063259,-3.0217170704,with,seed:,16,with,dcc:,3.4317840492
-1.2910204722,-3.393964186,with,seed:,0,with,dcc:,3.4583494703
-1.3722564896,-4.0300171619,with,seed:,0,with,dcc:,3.4583494703
-0.5204058791,-2.9225844993,with,seed:,0,with,dcc:,3.4583494703
-1.4355380731,-3.164327461,with,seed:,0,with,dcc:,3.4583494703
-1.1375925896,-4.0051392405,with,seed:,0,with,dcc:,3.4583494703
-1.4959771979,-4.2056096509,with,seed:,0,with,dcc:,3.4583494703
-1.2920751006,-3.8305538817,with,seed:,0,with,dcc:,3.4583494703
-0.4784506785,-4.0816769046,with,seed:,0,with,dcc:,3.4583494703
-0.5765909862,-2.8098194867,with,seed:,0,with,dcc:,3.4583494703
-0.0434105318,-3.9460703989,with,seed:,20,with,dcc:,3.1407100008
-1.5525772407,-3.0862639068,with,seed:,20,with,dcc:,3.1407100008
-0.046017353,-3.3131008953,with,seed:,16,with,dcc:,3.9037162871
-0.6166375438,-2.5448593205,with,seed:,20,with,dcc:,3.2960976314
-0.0949182596,-3.97843287,with,seed:,20,with,dcc:,3.2960976314
-1.366738397,-3.6045020235,with,seed:,0,with,dcc:,3.7681967298
-0.9350415123,-2.9587855821,with,seed:,3,with,dcc:,3.7473193169
-0.107632081,-2.925647328,with,seed:,3,with,dcc:,3.7473193169
-0.4002891226,-2.8158628654,with,seed:,3,with,dcc:,3.7473193169
-0.0447472008,-4.1622311832,with,seed:,3,with,dcc:,3.7473193169
-1.4223350124,-3.0928760436,with,seed:,3,with,dcc:,3.7473193169
-1.060535619,-4.1470322494,with,seed:,16,with,dcc:,3.1004441941
-1.2659452184,-3.0151911417,with,seed:,16,with,dcc:,3.1004441941
-0.2075604473,-2.9861419522,with,seed:,16,with,dcc:,3.1004441941
-0.2783059995,-3.930289263,with,seed:,20,with,dcc:,3.6590149327
-1.4429393054,-3.8756184874,with,seed:,21,with,dcc:,3.2255741573
-0.767805301,-2.9700522765,with,seed:,16,with,dcc:,3.7607833976
-0.5962666001,-4.1897617917,with,seed:,18,with,dcc:,3.6973059822
-0.0723724433,-3.747944112,with,seed:,18,with,dcc:,3.6973059822
-1.1334340391,-4.1703552325,with,seed:,18,with,dcc:,3.6973059822
-0.1666113124,-3.7679795209,with,seed:,0,with,dcc:,3.2000239843
-1.5336275261,-3.4603541741,with,seed:,0,with,dcc:,3.2000239843
-1.1238372302,-4.3802007694,with,seed:,0,with,dcc:,3.2000239843
-0.3314544513,-3.903338911,with,seed:,0,with,dcc:,3.2000239843
-1.672614363,-3.8871648659,with,seed:,0,with,dcc:,3.2000239843
-0.8924954876,-4.1000981007,with,seed:,0,with,dcc:,3.2000239843
0.159283446,-3.7268543265,with,seed:,0,with,dcc:,3.2000239843
-1.3985192379,-3.2326531932,with,seed:,0,with,dcc:,3.2000239843
-1.2753385355,-3.1996160309,with,seed:,0,with,dcc:,3.2000239843
-1.1834788277,-4.2821187192,with,seed:,0,with,dcc:,3.2000239843
-1.3977612814,-3.4061560009,with,seed:,0,with,dcc:,3.2000239843
-0.4689289555,-2.8370119495,with,seed:,0,with,dcc:,3.2000239843
-0.2621996336,-3.5903757878,with,seed:,0,with,dcc:,3.2000239843
-1.5424634732,-3.4004104949,with,seed:,0,with,dcc:,3.2000239843
-0.207738806,-3.2583975258,with,seed:,20,with,dcc:,3.7244731109
-0.6821969092,-2.5730891325,with,seed:,21,with,dcc:,2.5050453124
-0.2427756106,-3.4122484916,with,seed:,0,with,dcc:,3.5077333987
-1.483713084,-3.2544780062,with,seed:,0,with,dcc:,3.5077333987
-0.7812946983,-4.103208209,with,seed:,0,with,dcc:,3.5077333987
-0.2853053848,-3.3741716849,with,seed:,0,with,dcc:,3.5077333987
-0.9739649679,-4.0766587981,with,seed:,0,with,dcc:,3.5077333987
-1.5188759555,-3.258414344,with,seed:,0,with,dcc:,3.5077333987
-1.317237402,-3.0277013316,with,seed:,0,with,dcc:,3.5077333987
-0.1108989853,-3.0536673162,with,seed:,0,with,dcc:,3.4481936912
-1.3633209448,-3.8901166625,with,seed:,0,with,dcc:,3.4481936912
0.0821583461,-3.2336170225,with,seed:,0,with,dcc:,3.4481936912
-0.1844354744,-4.0702360606,with,seed:,0,with,dcc:,3.4481936912
-1.1918847379,-4.0958848429,with,seed:,0,with,dcc:,3.4481936912
-1.6036038547,-3.5287796842,with,seed:,0,with,dcc:,3.4481936912
-0.3346790144,-3.172068924,with,seed:,0,with,dcc:,3.4481936912
-0.8263485012,-4.3866289525,with,seed:,0,with,dcc:,3.4481936912
-1.7087143999,-3.8222776716,with,seed:,0,with,dcc:,3.4481936912
-1.0717386154,-3.9898871288,with,seed:,0,with,dcc:,3.4481936912
-0.523908676,-2.6291051406,with,seed:,20,with,dcc:,3.0752841688
-1.522633869,-3.103208083,with,seed:,20,with,dcc:,3.0752841688
-1.6896948504,-3.8873822626,with,seed:,0,with,dcc:,3.6209183417
-1.0863182706,-3.0115341348,with,seed:,0,with,dcc:,3.6209183417
-1.4251948897,-3.0574997512,with,seed:,20,with,dcc:,3.6194276042
-0.3203006259,-2.6602297601,with,seed:,21,with,dcc:,3.2102667804
-0.3242254157,-3.2930709699,with,seed:,0,with,dcc:,3.6922030344
-1.330332642,-4.271883136,with,seed:,0,with,dcc:,3.6922030344
-1.4457683117,-3.1439360982,with,seed:,0,with,dcc:,3.6922030344
-0.5565889115,-2.897690614,with,seed:,20,with,dcc:,3.0128195536
-0.562437977,-4.2150011975,with,seed:,18,with,dcc:,3.5177913194
-1.1903443268,-4.167396755,with,seed:,20,with,dcc:,2.8472576301
-1.2778739912,-4.0367044498,with,seed:,20,with,dcc:,2.8472576301
-0.6447972779,-4.3275312319,with,seed:,0,with,dcc:,3.9339303129
-0.4858369659,-4.3865073007,with,seed:,0,with,dcc:,3.9339303129
-0.270140883,-2.7861711013,with,seed:,12,with,dcc:,3.8918367582
-0.288716483,-2.8867624476,with,seed:,16,with,dcc:,3.3272340047
-0.0372927365,-3.4382495291,with,seed:,0,with,dcc:,3.8036134489
-0.751459001,-4.508095078,with,seed:,0,with,dcc:,3.8036134489
-1.2084198065,-2.930984496,with,seed:,0,with,dcc:,3.8036134489
-1.347184157,-3.7216177853,with,seed:,20,with,dcc:,3.1704079644
-0.8810632513,-4.0166198862,with,seed:,20,with,dcc:,3.1704079644
-1.0125227076,-2.5956513649,with,seed:,0,with,dcc:,3.3164760127
-0.0619986452,-2.9541523589,with,seed:,0,with,dcc:,3.3164760127
-1.3713228249,-3.9935425679,with,seed:,0,with,dcc:,3.3164760127
-0.7201738868,-2.7002982611,with,seed:,0,with,dcc:,3.3164760127
-1.4495541872,-3.3311591226,with,seed:,0,with,dcc:,3.3164760127
-0.9755230472,-4.2318204201,with,seed:,0,with,dcc:,3.3164760127
-0.1201738738,-3.0555977737,with,seed:,0,with,dcc:,3.3164760127
-1.0953373345,-4.1198301272,with,seed:,16,with,dcc:,3.9278746323
-0.8084383715,-4.0195146591,with,seed:,18,with,dcc:,3.3014788065
-1.5260474578,-3.5646138091,with,seed:,20,with,dcc:,3.1549384927
-0.7223480652,-2.6394820592,with,seed:,20,with,dcc:,3.1549384927
