id,x[m],y[m],z[m],t[s],,,,,,,,,
1,1.1473571259,2.7374080299,0.5,82,,1,-0.1129710927,2.7425217141,-0.1129710927,2.7425217141,,-1.2603282186,0.0051136842
1,1.1073913651,2.7390627094,0.5,83,,,,,-0.1529368535,2.7441763936,,,
1,1.0674464114,2.7369649314,0.5,84,,,,,-0.1928818072,2.7420786156,,,
1,1.0278127309,2.7315638789,0.5,85,,,,,-0.2325154877,2.7366775631,,,
1,0.988560814,2.7238640725,0.5,86,,,,,-0.2717674046,2.7289777567,,,
1,0.9486733339,2.726862228,0.5,87,,,,,-0.3116548847,2.7319759122,,,
1,0.9096480609,2.7180856644,0.5,88,,,,,-0.3506801577,2.7231993486,,,
1,0.871808805,2.7051168283,0.5,89,,,,,-0.3885194136,2.7102305125,,,
1,0.8356392203,2.6880358114,0.5,90,,,,,-0.4246889983,2.6931494956,,,
1,0.7989851091,2.672020939,0.5,91,,,,,-0.4613431095,2.6771346232,,,
1,0.7684202801,2.6462180084,0.5,92,,,,,-0.4919079385,2.6513316926,,,
1,0.7340681653,2.6257257609,0.5,93,,,,,-0.5262600533,2.6308394451,,,
1,0.7008917236,2.6033802084,0.5,94,,,,,-0.559436495,2.6084938926,,,
1,0.6701375922,2.5778031992,0.5,95,,,,,-0.5901906264,2.5829168834,,,
1,0.6395731395,2.5519998228,0.5,96,,,,,-0.6207550791,2.557113507,,,
1,0.6163621099,2.5194230196,0.5,97,,,,,-0.6439661087,2.5245367038,,,
1,0.5896141717,2.4896816713,0.5,98,,,,,-0.6707140469,2.4947953555,,,
1,0.5666329754,2.4569423277,0.5,99,,,,,-0.6936952432,2.4620560119,,,
1,0.5451717413,2.4231870995,0.5,100,,,,,-0.7151564773,2.4283007837,,,
1,0.5259127249,2.3881287155,0.5,101,,,,,-0.7344154937,2.3932423997,,,
1,0.5077788456,2.3524753507,0.5,102,,,,,-0.752549373,2.3575890349,,,
1,0.4931588543,2.3152428938,0.5,103,,,,,-0.7671693643,2.320356578,,,
1,0.4789502696,2.2778515028,0.5,104,,,,,-0.781377949,2.282965187,,,
1,0.4690606684,2.2390933321,0.5,105,,,,,-0.7912675502,2.2442070163,,,
1,0.461122996,2.1998888253,0.5,106,,,,,-0.7992052226,2.2050025095,,,
1,0.4517793035,2.1609954401,0.5,107,,,,,-0.8085489151,2.1661091243,,,
1,0.4456802648,2.121463153,0.5,108,,,,,-0.8146479538,2.1265768372,,,
1,0.4428288344,2.0815649156,0.5,109,,,,,-0.8174993842,2.0866785998,,,
1,0.4394671235,2.0417064297,0.5,110,,,,,-0.8208610951,2.0468201139,,,
1,0.4397193732,2.0017072251,0.5,111,,,,,-0.8206088454,2.0068209093,,,
1,0.4394313367,1.9617082622,0.5,112,,,,,-0.8208968819,1.9668219464,,,
1,0.439147115,1.9217092719,0.5,113,,,,,-0.8211811036,1.9268229561,,,
1,0.4383542478,1.8817171307,0.5,114,,,,,-0.8219739708,1.8868308149,,,
1,0.437571477,1.8417247906,0.5,115,,,,,-0.8227567416,1.8468384748,,,
1,0.4362959087,1.8017451342,0.5,116,,,,,-0.8240323099,1.8068588184,,,
1,0.4350361702,1.7617649758,0.5,117,,,,,-0.8252920484,1.76687866,,,
1,0.4333021053,1.7218025808,0.5,118,,,,,-0.8270261133,1.726916265,,,
1,0.4316094996,1.6818384082,0.5,119,,,,,-0.828718719,1.6869520924,,,
1,0.4294651406,1.6418959281,0.5,120,,,,,-0.830863078,1.6470096123,,,
1,0.430397637,1.6019067989,0.5,121,,,,,-0.8299305816,1.6070204831,,,
1,0.4278426423,1.5619884823,0.5,122,,,,,-0.8324855763,1.5671021665,,,
1,0.4282969,1.5219910617,0.5,123,,,,,-0.8320313186,1.5271047459,,,
1,0.4282940765,1.4819910618,0.5,124,,,,,-0.8320341421,1.487104746,,,
1,0.4282913154,1.4419910619,0.5,125,,,,,-0.8320369032,1.4471047461,,,
1,0.4278514525,1.4019934805,0.5,126,,,,,-0.8324767661,1.4071071647,,,
1,0.4274163444,1.3619958471,0.5,127,,,,,-0.8329118742,1.3671095313,,,
1,0.4265582544,1.3220050521,0.5,128,,,,,-0.8337699642,1.3271187363,,,
1,0.4257092406,1.2820140634,0.5,129,,,,,-0.834618978,1.2871277476,,,
1,0.4244507029,1.2420338673,0.5,130,,,,,-0.8358775157,1.2471475515,,,
1,0.4232179566,1.2020528676,0.5,131,,,,,-0.837110262,1.2071665518,,,
1,0.4215757538,1.1620865922,0.5,132,,,,,-0.8387524648,1.1672002764,,,
1,0.4198634224,1.12212326,0.5,133,,,,,-0.8404647962,1.1272369442,,,
1,0.4231454618,1.0822581346,0.5,134,,,,,-0.8371827568,1.0873718188,,,
1,0.4263444335,1.0423862576,0.5,135,,,,,-0.8339837851,1.0474999418,,,
1,0.4329705644,1.0029388953,0.5,136,,,,,-0.8273576542,1.0080525795,,,
1,0.4409458733,0.9637420275,0.5,137,,,,,-0.8193823453,0.9688557117,,,
1,0.4537136248,0.9258344488,0.5,138,,,,,-0.8066145938,0.930948133,,,
1,0.4709721397,0.889749221,0.5,139,,,,,-0.7893560789,0.8948629052,,,
1,0.4855151773,0.8524866385,0.5,140,,,,,-0.7748130413,0.8576003227,,,
1,0.5000647037,0.8152265891,0.5,141,,,,,-0.7602635149,0.8203402733,,,
1,0.5081169493,0.7760454541,0.5,142,,,,,-0.7522112693,0.7811591383,,,
1,0.5189358754,0.7375363533,0.5,143,,,,,-0.7413923432,0.7426500375,,,
1,0.5272148887,0.6984025069,0.5,144,,,,,-0.7331133299,0.7035161911,,,
1,0.5315056674,0.6586333075,0.5,145,,,,,-0.7288225512,0.6637469917,,,
1,0.531134664,0.6186350281,0.5,146,,,,,-0.7291935546,0.6237487123,,,
1,0.5325164957,0.5786589035,0.5,147,,,,,-0.7278117229,0.5837725877,,,
1,0.5347577932,0.5387217455,0.5,148,,,,,-0.7255704254,0.5438354297,,,
1,0.5369160399,0.4987800133,0.5,149,,,,,-0.7234121787,0.5038936975,,,
1,0.5384223077,0.4588083839,0.5,150,,,,,-0.7219059109,0.4639220681,,,
1,0.540025589,0.4188405282,0.5,151,,,,,-0.7203026296,0.4239542124,,,
1,0.5328642336,0.3794868119,0.5,152,,,,,-0.727463985,0.3846004961,,,
1,0.5364649618,0.3396492071,0.5,153,,,,,-0.7238632568,0.3447628913,,,
1,0.5442394344,0.3004120108,0.5,154,,,,,-0.7160887842,0.305525695,,,
1,0.5494113633,0.2607477806,0.5,155,,,,,-0.7109168553,0.2658614648,,,
1,0.5627062045,0.223021832,0.5,156,,,,,-0.6976220141,0.2281355162,,,
1,0.5704444703,0.183777479,0.5,157,,,,,-0.6898837483,0.1888911632,,,
1,0.5821364597,0.1455244088,0.5,158,,,,,-0.6781917589,0.150638093,,,
1,0.5993461214,0.1094158566,0.5,159,,,,,-0.6609820972,0.1145295408,,,
1,0.6226026058,0.0768714879,0.5,160,,,,,-0.6377256128,0.0819851721,,,
1,0.6426285643,0.0422454719,0.5,161,,,,,-0.6176996543,0.0473591561,,,
2,1.613828587,2.7601775991,0.5,82,,2,0.3526670026,2.7697472112,0.5,81,,-1.2611615844,0.0095696121
2,1.5747389626,2.7516922432,0.5,83,,,,,0.314410744,2.7568059274,,,
2,1.5360816552,2.7414154449,0.5,84,,,,,0.2757534366,2.7465291291,,,
2,1.4974209216,2.7311515433,0.5,85,,,,,0.237092703,2.7362652275,,,
2,1.4584731749,2.7220371029,0.5,86,,,,,0.1981449563,2.7271507871,,,
2,1.418690679,2.7178714074,0.5,87,,,,,0.1583624604,2.7229850916,,,
2,1.3789252031,2.7135462566,0.5,88,,,,,0.1185969845,2.7186599408,,,
2,1.3395236817,2.7066527735,0.5,89,,,,,0.0791954631,2.7117664577,,,
2,1.2996879493,2.7030313886,0.5,90,,,,,0.0393597307,2.7081450728,,,
2,1.2600200347,2.6978877953,0.5,91,,,,,-0.0003081839,2.7030014795,,,
2,1.2201314327,2.6949046049,0.5,92,,,,,-0.0401967859,2.7000182891,,,
2,1.1808283087,2.687470599,0.5,93,,,,,-0.0794999099,2.6925842832,,,
2,1.1420816183,2.6775361144,0.5,94,,,,,-0.1182466003,2.6826497986,,,
2,1.1511191415,2.716501781,0.5,95,,,,,-0.1092090771,2.7216154652,,,
2,1.1113341205,2.7123602714,0.5,96,,,,,-0.1489940981,2.7174739556,,,
2,1.0716670025,2.7072105383,0.5,97,,,,,-0.1886612161,2.7123242225,,,
2,1.0318961876,2.7029347602,0.5,98,,,,,-0.228432031,2.7080484444,,,
2,0.9923696548,2.6967985391,0.5,99,,,,,-0.2679585638,2.7019122233,,,
2,0.9528500256,2.6906180129,0.5,100,,,,,-0.307478193,2.6957316971,,,
2,0.9138880839,2.6815644443,0.5,101,,,,,-0.3464401347,2.6866781285,,,
2,0.8753291431,2.6709245157,0.5,102,,,,,-0.3849990755,2.6760381999,,,
2,0.8371232088,2.6590794076,0.5,103,,,,,-0.4232050098,2.6641930918,,,
2,0.7992154566,2.6463121713,0.5,104,,,,,-0.461112762,2.6514258555,,,
2,0.7616328063,2.6326174862,0.5,105,,,,,-0.4986954123,2.6377311704,,,
2,0.7234827297,2.6205936909,0.5,106,,,,,-0.5368454889,2.6257073751,,,
2,0.6862672973,2.6059304173,0.5,107,,,,,-0.5740609213,2.6110441015,,,
2,0.6502884718,2.5884511692,0.5,108,,,,,-0.6100397468,2.5935648534,,,
2,0.6143443892,2.5709005872,0.5,109,,,,,-0.6459838294,2.5760142714,,,
2,0.5806802548,2.5492967438,0.5,110,,,,,-0.6796479638,2.554410428,,,
2,0.5482492881,2.5258823807,0.5,111,,,,,-0.7120789305,2.5309960649,,,
2,0.5181976084,2.4994835824,0.5,112,,,,,-0.7421306102,2.5045972666,,,
2,0.4903949401,2.4707257725,0.5,113,,,,,-0.7699332785,2.4758394567,,,
2,0.4636279465,2.4410015726,0.5,114,,,,,-0.7967002721,2.4461152568,,,
2,0.4393139463,2.4092394979,0.5,115,,,,,-0.8210142723,2.4143531821,,,
2,0.4180290809,2.3753727811,0.5,116,,,,,-0.8422991377,2.3804864653,,,
2,0.3981603571,2.3406563036,0.5,117,,,,,-0.8621678615,2.3457699878,,,
2,0.3801362786,2.3049473048,0.5,118,,,,,-0.88019194,2.310060989,,,
2,0.3644263712,2.2681614541,0.5,119,,,,,-0.8959018474,2.2732751383,,,
2,0.3523631106,2.2300238382,0.5,120,,,,,-0.907965108,2.2351375224,,,
2,0.3415996619,2.1914991945,0.5,121,,,,,-0.9187285567,2.1966128787,,,
2,0.3345316549,2.1521286055,0.5,122,,,,,-0.9257965637,2.1572422897,,,
2,0.3303278317,2.1123501205,0.5,123,,,,,-0.9300003869,2.1174638047,,,
2,0.3297163847,2.0723547941,0.5,124,,,,,-0.9306118339,2.0774684783,,,
2,0.3323364338,2.0324406946,0.5,125,,,,,-0.9279917848,2.0375543788,,,
2,0.336944588,1.9927070198,0.5,126,,,,,-0.9233836306,1.997820704,,,
2,0.3439774949,1.9533301456,0.5,127,,,,,-0.9163507237,1.9584438298,,,
2,0.3525219984,1.9142534075,0.5,128,,,,,-0.9078062202,1.9193670917,,,
2,0.3621228674,1.8754227068,0.5,129,,,,,-0.8982053512,1.880536391,,,
2,0.3721771036,1.8367069176,0.5,130,,,,,-0.888151115,1.8418206018,,,
2,0.3827383284,1.7981263457,0.5,131,,,,,-0.8775898902,1.8032400299,,,
2,0.3933696048,1.7595650184,0.5,132,,,,,-0.8669586138,1.7646787026,,,
2,0.4043646359,1.7211058285,0.5,133,,,,,-0.8559635827,1.7262195127,,,
2,0.4156455405,1.6827295182,0.5,134,,,,,-0.8446826781,1.6878432024,,,
2,0.4272504141,1.6444499295,0.5,135,,,,,-0.8330778045,1.6495636137,,,
2,0.438292333,1.6060041752,0.5,136,,,,,-0.8220358856,1.6111178594,,,
2,0.4485356896,1.567337993,0.5,137,,,,,-0.811792529,1.5724516772,,,
2,0.4578744395,1.5284434207,0.5,138,,,,,-0.8024537791,1.5335571049,,,
2,0.4662032427,1.4893201407,0.5,139,,,,,-0.7941249759,1.4944338249,,,
2,0.4739398886,1.4500754683,0.5,140,,,,,-0.78638833,1.4551891525,,,
2,0.4805186164,1.4106201729,0.5,141,,,,,-0.7798096022,1.4157338571,,,
2,0.4855215129,1.3709342682,0.5,142,,,,,-0.7748067057,1.3760479524,,,
2,0.4908785241,1.3312946109,0.5,143,,,,,-0.7694496945,1.3364082951,,,
2,0.4942831784,1.2914397702,0.5,144,,,,,-0.7660450402,1.2965534544,,,
2,0.4982149766,1.2516334772,0.5,145,,,,,-0.762113242,1.2567471614,,,
2,0.5030152382,1.2119225532,0.5,146,,,,,-0.7573129804,1.2170362374,,,
2,0.5050815903,1.1719759614,0.5,147,,,,,-0.7552466283,1.1770896456,,,
2,0.5075131584,1.1320499364,0.5,148,,,,,-0.7528150602,1.1371636206,,,
2,0.5120369671,1.0923065702,0.5,149,,,,,-0.7482912515,1.0974202544,,,
2,0.5139805055,1.0523538149,0.5,150,,,,,-0.7463477131,1.0574674991,,,
2,0.5193700637,1.0127185697,0.5,151,,,,,-0.7409581549,1.0178322539,,,
2,0.529071417,0.9739128517,0.5,152,,,,,-0.7312568016,0.9790265359,,,
2,0.5367440522,0.9346556146,0.5,153,,,,,-0.7235841664,0.9397692988,,,
2,0.5413686815,0.8949238539,0.5,154,,,,,-0.7189595371,0.9000375381,,,
2,0.5404711947,0.8549339237,0.5,155,,,,,-0.7198570239,0.8600476079,,,
2,0.5433624604,0.8150385533,0.5,156,,,,,-0.7169657582,0.8201522375,,,
2,0.5486338915,0.7753874245,0.5,157,,,,,-0.7116943271,0.7805011087,,,
2,0.5563329121,0.7361353535,0.5,158,,,,,-0.7039953065,0.7412490377,,,
2,0.5562826689,0.696135385,0.5,159,,,,,-0.7040455497,0.7012490692,,,
2,0.5571059998,0.6561438593,0.5,160,,,,,-0.7032222188,0.6612575435,,,
2,0.5589555266,0.6161866416,0.5,161,,,,,-0.701372692,0.6213003258,,,
3,2.3057864029,3.2317914134,0.5,82,,3,1.0457863157,3.2317078657,0.5,81,,-1.2600000872,-8.35477300000775E-05
3,2.2657870084,3.231571332,0.5,83,,,,,1.0054587898,3.2366850162,,,
3,2.2257916853,3.2309596661,0.5,84,,,,,0.9654634667,3.2360733503,,,
3,2.1858142647,3.2296158506,0.5,85,,,,,0.9254860461,3.2347295348,,,
3,2.1458557445,3.2277946802,0.5,86,,,,,0.8855275259,3.2329083644,,,
3,2.1059577843,3.2249393739,0.5,87,,,,,0.8456295657,3.2300530581,,,
3,2.0661733054,3.2207926595,0.5,88,,,,,0.8058450868,3.2259063437,,,
3,2.0268161441,3.2136502611,0.5,89,,,,,0.7664879255,3.2187639453,,,
3,1.9885703549,3.2019344767,0.5,90,,,,,0.7282421363,3.2070481609,,,
3,1.9530517735,3.1835379994,0.5,91,,,,,0.6927235549,3.1886516836,,,
3,1.9205215158,3.1602617812,0.5,92,,,,,0.6601932972,3.1653754654,,,
3,1.8919866512,3.1322303435,0.5,93,,,,,0.6316584326,3.1373440277,,,
3,1.8674055754,3.1006745086,0.5,94,,,,,0.6070773568,3.1057881928,,,
3,1.8451210549,3.0674570411,0.5,95,,,,,0.5847928363,3.0725707253,,,
3,1.8216392291,3.0350748878,0.5,96,,,,,0.5613110105,3.040188572,,,
3,1.7974235579,3.0032377825,0.5,97,,,,,0.5370953393,3.0083514667,,,
3,1.774722189,2.9703037902,0.5,98,,,,,0.5143939704,2.9754174744,,,
3,1.7504862263,2.9384821292,0.5,99,,,,,0.4901580077,2.9435958134,,,
3,1.723437518,2.9090140552,0.5,100,,,,,0.4631092994,2.9141277394,,,
3,1.6947355918,2.8811536994,0.5,101,,,,,0.4344073732,2.8862673836,,,
3,1.6657506224,2.8535879316,0.5,102,,,,,0.4054224038,2.8587016158,,,
3,1.635208677,2.8277579186,0.5,103,,,,,0.3748804584,2.8328716028,,,
3,1.6041986108,2.802491819,0.5,104,,,,,0.3438703922,2.8076055032,,,
3,1.5777022788,2.7725260986,0.5,105,,,,,0.3173740602,2.7776397828,,,
3,1.5628439013,2.7353881313,0.5,106,,,,,0.3025156827,2.7405018155,,,
3,1.5513209874,2.6970837914,0.5,107,,,,,0.2909927688,2.7021974756,,,
3,1.5444290084,2.6576820069,0.5,108,,,,,0.2841007898,2.6627956911,,,
3,1.5316469855,2.619779238,0.5,109,,,,,0.2713187669,2.6248929222,,,
3,1.5136570059,2.5840530482,0.5,110,,,,,0.2533287873,2.5891667324,,,
3,1.4880099974,2.5533572675,0.5,111,,,,,0.2276817788,2.5584709517,,,
3,1.4553103248,2.5303196588,0.5,112,,,,,0.1949821062,2.535433343,,,
3,1.4163441853,2.5212841748,0.5,113,,,,,0.1560159667,2.526397859,,,
3,1.3765495781,2.5253325373,0.5,114,,,,,0.1162213595,2.5304462215,,,
3,1.3373131278,2.5331107741,0.5,115,,,,,0.0769849092,2.5382244583,,,
3,1.2973643213,2.5310876927,0.5,116,,,,,0.0370361027,2.5362013769,,,
3,1.2577096145,2.5258432453,0.5,117,,,,,-0.0026186041,2.5309569295,,,
3,1.2177099395,2.5260044924,0.5,118,,,,,-0.0426182791,2.5311181766,,,
3,1.1778415323,2.5227625622,0.5,119,,,,,-0.0824866863,2.5278762464,,,
3,1.1384090494,2.5160484512,0.5,120,,,,,-0.1219191692,2.5211621354,,,
3,1.098529063,2.5129522136,0.5,121,,,,,-0.1617991556,2.5180658978,,,
3,1.0594292317,2.5045140152,0.5,122,,,,,-0.2008989869,2.5096276994,,,
3,1.0196940265,2.4999190758,0.5,123,,,,,-0.2406341921,2.50503276,,,
3,0.9797240052,2.4983707234,0.5,124,,,,,-0.2806042134,2.5034844076,,,
3,0.9401043477,2.4928677477,0.5,125,,,,,-0.3202238709,2.4979814319,,,
3,0.901666169,2.4817994858,0.5,126,,,,,-0.3586620496,2.48691317,,,
3,0.8627675297,2.4724776912,0.5,127,,,,,-0.3975606889,2.4775913754,,,
3,0.8250389395,2.4591903482,0.5,128,,,,,-0.4352892791,2.4643040324,,,
3,0.78867848,2.442519506,0.5,129,,,,,-0.4716497386,2.4476331902,,,
3,0.7552123318,2.4206102174,0.5,130,,,,,-0.5051158868,2.4257239016,,,
3,0.72410333,2.3954660331,0.5,131,,,,,-0.5362248886,2.4005797173,,,
3,0.6962305364,2.366776185,0.5,132,,,,,-0.5640976822,2.3718898692,,,
3,0.6734746369,2.3338798473,0.5,133,,,,,-0.5868535817,2.3389935315,,,
3,0.6538237545,2.2990396001,0.5,134,,,,,-0.6065044641,2.3041532843,,,
3,0.6381805548,2.2622253325,0.5,135,,,,,-0.6221476638,2.2673390167,,,
3,0.628724013,2.2233592313,0.5,136,,,,,-0.6316042056,2.2284729155,,,
3,0.6243761217,2.1835962355,0.5,137,,,,,-0.6359520969,2.1887099197,,,
3,0.6178519982,2.1441318742,0.5,138,,,,,-0.6424762204,2.1492455584,,,
3,0.6209685129,2.1042534673,0.5,139,,,,,-0.6393597057,2.1093671515,,,
3,0.6148792327,2.0647196758,0.5,140,,,,,-0.6454489859,2.06983336,,,
3,0.6159648432,2.0247344104,0.5,141,,,,,-0.6443633754,2.0298480946,,,
3,0.6175859899,1.9847672754,0.5,142,,,,,-0.6427422287,1.9898809596,,,
3,0.6230527949,1.9451426108,0.5,143,,,,,-0.6372754237,1.950256295,,,
3,0.6183983798,1.9054143284,0.5,144,,,,,-0.6419298388,1.9105280126,,,
3,0.6217615028,1.8655559616,0.5,145,,,,,-0.6385667158,1.8706696458,,,
3,0.6222268113,1.8255586681,0.5,146,,,,,-0.6381014073,1.8306723523,,,
3,0.6235095756,1.785579242,0.5,147,,,,,-0.636818643,1.7906929262,,,
3,0.622295652,1.7455976663,0.5,148,,,,,-0.6380325666,1.7507113505,,,
3,0.6257245048,1.7057449002,0.5,149,,,,,-0.6346037138,1.7108585844,,,
3,0.626651783,1.6657556497,0.5,150,,,,,-0.6336764356,1.6708693339,,,
3,0.6324684459,1.626180829,0.5,151,,,,,-0.6278597727,1.6312945132,,,
3,0.6322317101,1.5861815296,0.5,152,,,,,-0.6280965085,1.5912952138,,,
3,0.6333285675,1.5461965711,0.5,153,,,,,-0.6269996511,1.5513102553,,,
3,0.6360224167,1.5062873845,0.5,154,,,,,-0.6243058019,1.5114010687,,,
3,0.6400643226,1.466492121,0.5,155,,,,,-0.620263896,1.4716058052,,,
3,0.641683149,1.4265248919,0.5,156,,,,,-0.6186450696,1.4316385761,,,
3,0.6449550575,1.3866589338,0.5,157,,,,,-0.6153731611,1.391772618,,,
3,0.6498748217,1.3469626377,0.5,158,,,,,-0.6104533969,1.3520763219,,,
3,0.660050558,1.308278605,0.5,159,,,,,-0.6002776606,1.3133922892,,,
3,0.6558587007,1.2684988572,0.5,160,,,,,-0.6044695179,1.2736125414,,,
3,0.6653118172,1.2296319228,0.5,161,,,,,-0.5950164014,1.234745607,,,
4,2.1062963065,2.6868073829,0.5,82,,4,0.8458814871,2.6810616474,0.5,81,,-1.2604148194,-0.0057457355
4,2.0711552595,2.7059151514,0.5,83,,,,,0.8108270409,2.7110288356,,,
4,2.0311610575,2.7052341219,0.5,84,,,,,0.7708328389,2.7103478061,,,
4,1.9914042599,2.7008299139,0.5,85,,,,,0.7310760413,2.7059435981,,,
4,1.9514928862,2.6981686645,0.5,86,,,,,0.6911646676,2.7032823487,,,
4,1.9118891656,2.7037851859,0.5,87,,,,,0.651560947,2.7088988701,,,
4,1.8719074987,2.7025742706,0.5,88,,,,,0.6115792801,2.7076879548,,,
4,1.8324697609,2.6958910947,0.5,89,,,,,0.5721415423,2.7010047789,,,
4,1.7933615019,2.6874920429,0.5,90,,,,,0.5330332833,2.6926057271,,,
4,1.7550633529,2.6759485692,0.5,91,,,,,0.4947351343,2.6810622534,,,
4,1.7181330869,2.6605812191,0.5,92,,,,,0.4578048683,2.6656949033,,,
4,1.6831617551,2.6411645779,0.5,93,,,,,0.4228335365,2.6462782621,,,
4,1.6491431753,2.6201232797,0.5,94,,,,,0.3888149567,2.6252369639,,,
4,1.6191794788,2.5936246591,0.5,95,,,,,0.3588512602,2.5987383433,,,
4,1.5847317966,2.5732934715,0.5,96,,,,,0.324403578,2.5784071557,,,
4,1.5479310712,2.55761844,0.5,97,,,,,0.2876028526,2.5627321242,,,
4,1.5081112802,2.553825784,0.5,98,,,,,0.2477830616,2.5589394682,,,
4,1.4683983556,2.5490421009,0.5,99,,,,,0.208070137,2.5541557851,,,
4,1.4285325214,2.552315518,0.5,100,,,,,0.1682043028,2.5574292022,,,
4,1.3885420596,2.5514420393,0.5,101,,,,,0.128213841,2.5565557235,,,
4,1.3485572743,2.5503388847,0.5,102,,,,,0.0882290557,2.5554525689,,,
4,1.3085885777,2.5487567052,0.5,103,,,,,0.0482603591,2.5538703894,,,
4,1.2688089974,2.5529501509,0.5,104,,,,,0.0084807788,2.5580638351,,,
4,1.228814147,2.5523083222,0.5,105,,,,,-0.0315140716,2.5574220064,,,
4,1.1891097015,2.5571618781,0.5,106,,,,,-0.0712185171,2.5622755623,,,
4,1.1505386271,2.5677577369,0.5,107,,,,,-0.1097895915,2.5728714211,,,
4,1.1120631036,2.5786954737,0.5,108,,,,,-0.148265115,2.5838091579,,,
4,1.0749889966,2.593712484,0.5,109,,,,,-0.185339222,2.5988261682,,,
4,1.0370791163,2.6064733996,0.5,110,,,,,-0.2232491023,2.6115870838,,,
4,0.9987969312,2.6180697053,0.5,111,,,,,-0.2615312874,2.6231833895,,,
4,0.9598154824,2.6270389112,0.5,112,,,,,-0.3005127362,2.6321525954,,,
4,0.919862034,2.6289681493,0.5,113,,,,,-0.3404661846,2.6340818335,,,
4,0.8799277091,2.6266769288,0.5,114,,,,,-0.3804005095,2.631790613,,,
4,0.8405797655,2.6194839225,0.5,115,,,,,-0.4197484531,2.6245976067,,,
4,0.8017231748,2.6099883787,0.5,116,,,,,-0.4586050438,2.6151020629,,,
4,0.7635810461,2.5979393945,0.5,117,,,,,-0.4967471725,2.6030530787,,,
4,0.725896072,2.5845288492,0.5,118,,,,,-0.5344321466,2.5896425334,,,
4,0.6885429662,2.5702199187,0.5,119,,,,,-0.5717852524,2.5753336029,,,
4,0.6507195985,2.5572048178,0.5,120,,,,,-0.6096086201,2.562318502,,,
4,0.6130475203,2.5437580887,0.5,121,,,,,-0.6472806983,2.5488717729,,,
4,0.5756306502,2.5296167367,0.5,122,,,,,-0.6846975684,2.5347304209,,,
4,0.5380974477,2.5157871051,0.5,123,,,,,-0.7222307709,2.5209007893,,,
4,0.5019276528,2.4987065333,0.5,124,,,,,-0.7584005658,2.5038202175,,,
4,0.4666717073,2.4798116052,0.5,125,,,,,-0.7936565113,2.4849252894,,,
4,0.4325872374,2.4588772098,0.5,126,,,,,-0.8277409812,2.463990894,,,
4,0.3994190304,2.4365194361,0.5,127,,,,,-0.8609091882,2.4416331203,,,
4,0.3677785208,2.412047449,0.5,128,,,,,-0.8925496978,2.4171611332,,,
4,0.3373537744,2.3860794917,0.5,129,,,,,-0.9229744442,2.3911931759,,,
4,0.3097522692,2.357128552,0.5,130,,,,,-0.9505759494,2.3622422362,,,
4,0.2859504593,2.3249808639,0.5,131,,,,,-0.9743777593,2.3300945481,,,
4,0.2629595281,2.2922483559,0.5,132,,,,,-0.9973686905,2.2973620401,,,
4,0.2431359986,2.257506052,0.5,133,,,,,-1.01719222,2.2626197362,,,
4,0.2279429036,2.2205037567,0.5,134,,,,,-1.032385315,2.2256174409,,,
4,0.219300557,2.1814485413,0.5,135,,,,,-1.0410276616,2.1865622255,,,
4,0.2144778028,2.1417403426,0.5,136,,,,,-1.0458504158,2.1468540268,,,
4,0.2098252048,2.1020118474,0.5,137,,,,,-1.0505030138,2.1071255316,,,
4,0.2100896569,2.0620127216,0.5,138,,,,,-1.0502385617,2.0671264058,,,
4,0.2061012692,2.0222120588,0.5,139,,,,,-1.0542269494,2.027325743,,,
4,0.207379752,1.9822324955,0.5,140,,,,,-1.0529484666,1.9873461797,,,
4,0.208995794,1.9422651537,0.5,141,,,,,-1.0513324246,1.9473788379,,,
4,0.2109490498,1.9023128723,0.5,142,,,,,-1.0493791688,1.9074265565,,,
4,0.2082062909,1.8624070171,0.5,143,,,,,-1.0521219277,1.8675207013,,,
4,0.2098935483,1.8224426184,0.5,144,,,,,-1.0504346703,1.8275563026,,,
4,0.216130302,1.7829318237,0.5,145,,,,,-1.0441979166,1.7880455079,,,
4,0.2118938879,1.7431567964,0.5,146,,,,,-1.0484343307,1.7482704806,,,
4,0.2073450696,1.7034162849,0.5,147,,,,,-1.052983149,1.7085299691,,,
4,0.212185317,1.6637102148,0.5,148,,,,,-1.0481429016,1.668823899,,,
4,0.2073722695,1.6240008384,0.5,149,,,,,-1.0529559491,1.6291145226,,,
4,0.2120872359,1.5842796967,0.5,150,,,,,-1.0482409827,1.5893933809,,,
4,0.2124041846,1.5442809525,0.5,151,,,,,-1.047924034,1.5493946367,,,
4,0.2133899462,1.5042931009,0.5,152,,,,,-1.0469382724,1.5094067851,,,
4,0.2150215612,1.4643263918,0.5,153,,,,,-1.0453066574,1.469440076,,,
4,0.2176223077,1.4244110299,0.5,154,,,,,-1.0427059109,1.4295247141,,,
4,0.2253583566,1.3851662398,0.5,155,,,,,-1.034969862,1.390279924,,,
4,0.2259959088,1.3451713211,0.5,156,,,,,-1.0343323098,1.3502850053,,,
4,0.2279250162,1.3052178663,0.5,157,,,,,-1.0324032024,1.3103315505,,,
4,0.2314315094,1.2653718564,0.5,158,,,,,-1.0288967092,1.2704855406,,,
4,0.2369760602,1.2257579958,0.5,159,,,,,-1.0233521584,1.23087168,,,
4,0.2433461815,1.1862684838,0.5,160,,,,,-1.0169820371,1.191382168,,,
4,0.2619350317,1.1508502026,0.5,161,,,,,-0.9983931869,1.1559638868,,,
5,3.2595791719,3.1699295108,0.5,82,,5,1.999533782,3.1718345393,0.5,81,,-1.26004539,0.0019050285
5,3.2200160426,3.17582517,0.5,83,,,,,1.959687824,3.1809388542,,,
5,3.1801325152,3.1788754564,0.5,84,,,,,1.9198042966,3.1839891406,,,
5,3.1405840739,3.1848688517,0.5,85,,,,,1.8802558553,3.1899825359,,,
5,3.1010414451,3.1909004776,0.5,86,,,,,1.8407132265,3.1960141618,,,
5,3.061902504,3.1991553722,0.5,87,,,,,1.8015742854,3.2042690564,,,
5,3.0235758805,3.2106039501,0.5,88,,,,,1.7632476619,3.2157176343,,,
5,2.9849698637,3.2210717801,0.5,89,,,,,1.7246416451,3.2261854643,,,
5,2.9463176302,3.2313676457,0.5,90,,,,,1.6859894116,3.2364813299,,,
5,2.9073628626,3.2404520323,0.5,91,,,,,1.647034644,3.2455657165,,,
5,2.8680711404,3.2479460675,0.5,92,,,,,1.6077429218,3.2530597517,,,
5,2.828515848,3.2538940795,0.5,93,,,,,1.5681876294,3.2590077637,,,
5,2.7886863115,3.2575829842,0.5,94,,,,,1.5283580929,3.2626966684,,,
5,2.7487637876,3.2600713744,0.5,95,,,,,1.488435569,3.2651850586,,,
5,2.708763903,3.2601674725,0.5,96,,,,,1.4484356844,3.2652811567,,,
5,2.6687975563,3.2585270064,0.5,97,,,,,1.4084693377,3.2636406906,,,
5,2.6289226225,3.2553663649,0.5,98,,,,,1.3685944039,3.2604800491,,,
5,2.589266097,3.2501356876,0.5,99,,,,,1.3289378784,3.2552493718,,,
5,2.5498642213,3.2432442298,0.5,100,,,,,1.2895360027,3.248357914,,,
5,2.5107772831,3.2347465085,0.5,101,,,,,1.2504490645,3.2398601927,,,
5,2.4718251934,3.2256506467,0.5,102,,,,,1.2114969748,3.2307643309,,,
5,2.433176844,3.2153402105,0.5,103,,,,,1.1728486254,3.2204538947,,,
5,2.3952456636,3.202642748,0.5,104,,,,,1.134917445,3.2077564322,,,
5,2.3578248935,3.1885117196,0.5,105,,,,,1.0974966749,3.1936254038,,,
5,2.3208651667,3.1732153606,0.5,106,,,,,1.0605369481,3.1783290448,,,
5,2.2843238169,3.1569448429,0.5,107,,,,,1.0239955983,3.1620585271,,,
5,2.2491092964,3.1379728227,0.5,108,,,,,0.9887810778,3.1430865069,,,
5,2.2142576434,3.1183421762,0.5,109,,,,,0.9539294248,3.1234558604,,,
5,2.1803582163,3.0971094458,0.5,110,,,,,0.9200299977,3.10222313,,,
5,2.1471128974,3.0748664969,0.5,111,,,,,0.8867846788,3.0799801811,,,
5,2.1166480893,3.0489455504,0.5,112,,,,,0.8563198707,3.0540592346,,,
5,2.0894406768,3.0196239423,0.5,113,,,,,0.8291124582,3.0247376265,,,
5,2.0646212981,2.9882551928,0.5,114,,,,,0.8042930795,2.993368877,,,
5,2.0371121604,2.9592164714,0.5,115,,,,,0.7767839418,2.9643301556,,,
5,2.0120144936,2.9280699287,0.5,116,,,,,0.751686275,2.9331836129,,,
5,1.9836822893,2.8998336719,0.5,117,,,,,0.7233540707,2.9049473561,,,
5,1.9554651389,2.8714824387,0.5,118,,,,,0.6951369203,2.8765961229,,,
5,1.9285705158,2.8418736689,0.5,119,,,,,0.6682422972,2.8469873531,,,
5,1.9014757186,2.8124479665,0.5,120,,,,,0.6411475,2.8175616507,,,
5,1.8725348178,2.7848359354,0.5,121,,,,,0.6122065992,2.7899496196,,,
5,1.8432382144,2.7576015999,0.5,122,,,,,0.5829099958,2.7627152841,,,
5,1.8136784973,2.7306530726,0.5,123,,,,,0.5533502787,2.7357667568,,,
5,1.7841078686,2.703716519,0.5,124,,,,,0.52377965,2.7088302032,,,
5,1.7553102049,2.6759551328,0.5,125,,,,,0.4949819863,2.681068817,,,
5,1.7261217239,2.6486049485,0.5,126,,,,,0.4657935053,2.6537186327,,,
5,1.7018252609,2.6168294566,0.5,127,,,,,0.4414970423,2.6219431408,,,
5,1.6765915991,2.5857929892,0.5,128,,,,,0.4162633805,2.5909066734,,,
5,1.651051928,2.5550078435,0.5,129,,,,,0.3907237094,2.5601215277,,,
5,1.6282831888,2.5221203912,0.5,130,,,,,0.3679549702,2.5272340754,,,
5,1.6025012742,2.4915378328,0.5,131,,,,,0.3421730556,2.496651517,,,
5,1.5698371551,2.4684498419,0.5,132,,,,,0.3095089365,2.4735635261,,,
5,1.5317883267,2.48079029,0.5,133,,,,,0.2714601081,2.4859039742,,,
5,1.4959320494,2.4985195703,0.5,134,,,,,0.2356038308,2.5036332545,,,
5,1.4671523425,2.5262995715,0.5,135,,,,,0.2068241239,2.5314132557,,,
5,1.4318069865,2.5450267125,0.5,136,,,,,0.1714787679,2.5501403967,,,
5,1.3947911464,2.5601867779,0.5,137,,,,,0.1344629278,2.5653004621,,,
5,1.3557805797,2.5690284795,0.5,138,,,,,0.0954523611,2.5741421637,,,
5,1.3172672717,2.579832419,0.5,139,,,,,0.0569390531,2.5849461032,,,
5,1.2777548252,2.5860586997,0.5,140,,,,,0.0174266066,2.5911723839,,,
5,1.2377557556,2.5863315103,0.5,141,,,,,-0.022572463,2.5914451945,,,
5,1.197804158,2.5843643169,0.5,142,,,,,-0.0625240606,2.5894780011,,,
5,1.1578831656,2.581851477,0.5,143,,,,,-0.102445053,2.5869651612,,,
5,1.1181803251,2.576984809,0.5,144,,,,,-0.1421478935,2.5820984932,,,
5,1.0781920085,2.5760180946,0.5,145,,,,,-0.1821362101,2.5811317788,,,
5,1.0385819677,2.5704463202,0.5,146,,,,,-0.2217462509,2.5755600044,,,
5,0.9995912126,2.5615176577,0.5,147,,,,,-0.260737006,2.5666313419,,,
5,0.960432094,2.5533590161,0.5,148,,,,,-0.2998961246,2.5584727003,,,
5,0.9212695797,2.5452166901,0.5,149,,,,,-0.3390586389,2.5503303743,,,
5,0.8827661958,2.534377436,0.5,150,,,,,-0.3775620228,2.5394911202,,,
5,0.8459272454,2.5187924519,0.5,151,,,,,-0.4144009732,2.5239061361,,,
5,0.8101272339,2.5009498293,0.5,152,,,,,-0.4502009847,2.5060635135,,,
5,0.7760619093,2.4799842943,0.5,153,,,,,-0.4842663093,2.4850979785,,,
5,0.7440105289,2.4560529548,0.5,154,,,,,-0.5163176897,2.461166639,,,
5,0.7139326808,2.4296839757,0.5,155,,,,,-0.5463955378,2.4347976599,,,
5,0.6865561578,2.400520197,0.5,156,,,,,-0.5737720608,2.4056338812,,,
5,0.6628879195,2.3682740423,0.5,157,,,,,-0.5974402991,2.3733877265,,,
5,0.6406432457,2.3350298776,0.5,158,,,,,-0.6196849729,2.3401435618,,,
5,0.6219636784,2.2996593564,0.5,159,,,,,-0.6383645402,2.3047730406,,,
5,0.6068187968,2.2626373014,0.5,160,,,,,-0.6535094218,2.2677509856,,,
5,0.5956347801,2.2242326432,0.5,161,,,,,-0.6646934385,2.2293463274,,,
6,2.7333032541,3.1467247681,0.5,82,,6,1.4727549313,3.1401243771,0.5,81,,-1.2605483228,-0.006600391
6,2.6956242181,3.1601519884,0.5,83,,,,,1.4352959995,3.1652656726,,,
6,2.6565244267,3.1685903717,0.5,84,,,,,1.3961962081,3.1737040559,,,
6,2.6175400956,3.1775470411,0.5,85,,,,,1.357211877,3.1826607253,,,
6,2.5782376849,3.1849848172,0.5,86,,,,,1.3179094663,3.1900985014,,,
6,2.5393772425,3.194464586,0.5,87,,,,,1.2790490239,3.1995782702,,,
6,2.5004925329,3.2038443174,0.5,88,,,,,1.2401643143,3.2089580016,,,
6,2.4611857957,3.2112591949,0.5,89,,,,,1.2008575771,3.2163728791,,,
6,2.4217809099,3.2181334206,0.5,90,,,,,1.1614526913,3.2232471048,,,
6,2.3823922916,3.2251002527,0.5,91,,,,,1.122064073,3.2302139369,,,
6,2.343060039,3.2323785699,0.5,92,,,,,1.0827318204,3.2374922541,,,
6,2.3038582574,3.2403296909,0.5,93,,,,,1.0435300388,3.2454433751,,,
6,2.2649369432,3.2495563534,0.5,94,,,,,1.0046087246,3.2546700376,,,
6,2.2267877355,3.2615829052,0.5,95,,,,,0.9664595169,3.2666965894,,,
6,2.1890014683,3.2747053291,0.5,96,,,,,0.9286732497,3.2798190133,,,
6,2.1507299995,3.286336953,0.5,97,,,,,0.8904017809,3.2914506372,,,
6,2.1115205004,3.2942499286,0.5,98,,,,,0.8511922818,3.2993636128,,,
6,2.0717743414,3.2987491338,0.5,99,,,,,0.8114461228,3.303862818,,,
6,2.0317780107,3.2992909152,0.5,100,,,,,0.7714497921,3.3044045994,,,
6,1.992119025,3.2940789238,0.5,101,,,,,0.7317908064,3.299192608,,,
6,1.9559602495,3.2769750366,0.5,102,,,,,0.6956320309,3.2820887208,,,
6,1.9340143313,3.2435328974,0.5,103,,,,,0.6736861127,3.2486465816,,,
6,1.9153287851,3.2081655344,0.5,104,,,,,0.6550005665,3.2132792186,,,
6,1.8949849016,3.1737253485,0.5,105,,,,,0.634656683,3.1788390327,,,
6,1.8756169294,3.1387270393,0.5,106,,,,,0.6152887108,3.1438407235,,,
6,1.8511451519,3.1070863676,0.5,107,,,,,0.5908169333,3.1122000518,,,
6,1.8226692852,3.0789949985,0.5,108,,,,,0.5623410666,3.0841086827,,,
6,1.7947045509,3.0503947601,0.5,109,,,,,0.5343763323,3.0555084443,,,
6,1.7680087125,3.0206066381,0.5,110,,,,,0.5076804939,3.0257203223,,,
6,1.7380158088,2.9941410807,0.5,111,,,,,0.4776875902,2.9992547649,,,
6,1.7055149244,2.9708238657,0.5,112,,,,,0.4451867058,2.9759375499,,,
6,1.6716641852,2.9495135993,0.5,113,,,,,0.4113359666,2.9546272835,,,
6,1.6361683057,2.931073357,0.5,114,,,,,0.3758400871,2.9361870412,,,
6,1.6007609829,2.9124636421,0.5,115,,,,,0.3404327643,2.9175773263,,,
6,1.5644140262,2.8957633802,0.5,116,,,,,0.3040858076,2.9008770644,,,
6,1.5271891206,2.8811241727,0.5,117,,,,,0.266860902,2.8862378569,,,
6,1.4900054513,2.8663805389,0.5,118,,,,,0.2296772327,2.8714942231,,,
6,1.4515632418,2.8553262848,0.5,119,,,,,0.1912350232,2.860439969,,,
6,1.4137172188,2.8423772098,0.5,120,,,,,0.1533890002,2.847490894,,,
6,1.3759243113,2.8292739225,0.5,121,,,,,0.1155960927,2.8343876067,,,
6,1.337141816,2.8194801457,0.5,122,,,,,0.0768135974,2.8245938299,,,
6,1.2986756077,2.8085096939,0.5,123,,,,,0.0383473891,2.8136233781,,,
6,1.2600141379,2.7982485655,0.5,124,,,,,-0.0003140807,2.8033622497,,,
6,1.2205131737,2.7919498489,0.5,125,,,,,-0.0398150449,2.7970635331,,,
6,1.2205142602,2.7519498489,0.5,126,,,,,-0.0398139584,2.7570635331,,,
6,1.1918994868,2.7239999876,0.5,127,,,,,-0.0684287318,2.7291136718,,,
6,1.1693549128,2.6909584655,0.5,128,,,,,-0.0909733058,2.6960721497,,,
6,1.1685998055,2.6509655935,0.5,129,,,,,-0.0917284131,2.6560792777,,,
6,1.1396211724,2.6233931647,0.5,130,,,,,-0.1207070462,2.6285068489,,,
6,1.1084300213,2.5983509585,0.5,131,,,,,-0.1518981973,2.6034646427,,,
6,1.0684345702,2.5977477269,0.5,132,,,,,-0.1918936484,2.6028614111,,,
6,1.0286788818,2.6021619355,0.5,133,,,,,-0.2316493368,2.6072756197,,,
6,0.9889240587,2.5977399402,0.5,134,,,,,-0.2714041599,2.6028536244,,,
6,0.9489533263,2.5992698269,0.5,135,,,,,-0.3113748923,2.6043835111,,,
6,0.9089540333,2.5995076434,0.5,136,,,,,-0.3513741853,2.6046213276,,,
6,0.869308177,2.5941967038,0.5,137,,,,,-0.3910200416,2.599310388,,,
6,0.83157602,2.580919493,0.5,138,,,,,-0.4287521986,2.5860331772,,,
6,0.7949232192,2.5649016218,0.5,139,,,,,-0.4654049994,2.570015306,,,
6,0.7592017967,2.5469021782,0.5,140,,,,,-0.5011264219,2.5520158624,,,
6,0.72502819,2.5261136091,0.5,141,,,,,-0.5353000286,2.5312272933,,,
6,0.6921672559,2.5033066143,0.5,142,,,,,-0.5681609627,2.5084202985,,,
6,0.6605192086,2.478844376,0.5,143,,,,,-0.59980901,2.4839580602,,,
6,0.6294551999,2.4536446268,0.5,144,,,,,-0.6308730187,2.458758311,,,
6,0.6008192396,2.4257164729,0.5,145,,,,,-0.659508979,2.4308301571,,,
6,0.5727453619,2.3972233616,0.5,146,,,,,-0.6875828567,2.4023370458,,,
6,0.545964927,2.3675112713,0.5,147,,,,,-0.7143632916,2.3726249555,,,
6,0.5204415347,2.3367126278,0.5,148,,,,,-0.7398866839,2.341826312,,,
6,0.4955498719,2.3054012062,0.5,149,,,,,-0.7647783467,2.3105148904,,,
6,0.4718310709,2.2731922248,0.5,150,,,,,-0.7884971477,2.278305909,,,
6,0.448489723,2.2407086678,0.5,151,,,,,-0.8118384956,2.245822352,,,
6,0.4268978997,2.2070368225,0.5,152,,,,,-0.8334303189,2.2121505067,,,
6,0.4060688064,2.1728879005,0.5,153,,,,,-0.8542594122,2.1780015847,,,
6,0.3863718471,2.1380736822,0.5,154,,,,,-0.8739563715,2.1431873664,,,
6,0.368006675,2.1025389042,0.5,155,,,,,-0.8923215436,2.1076525884,,,
6,0.3513065581,2.0661918809,0.5,156,,,,,-0.9090216605,2.0713055651,,,
6,0.3352880859,2.0295393428,0.5,157,,,,,-0.9250401327,2.034653027,,,
6,0.3216019762,1.9919535689,0.5,158,,,,,-0.9387262424,1.9970672531,,,
6,0.3078918275,1.954376557,0.5,159,,,,,-0.9524363911,1.9594902412,,,
6,0.2974742844,1.9157569403,0.5,160,,,,,-0.9628539342,1.9208706245,,,
6,0.2887340179,1.8767235221,0.5,161,,,,,-0.9715942007,1.8818372063,,,
