0,randomseed,14,modified_value,i,x2.000000,from,1,simul_tick,436,-2,0.2388455555,-2.8722212603,-0.4584386395,-3.239167924,-1.0813870065,-3.4887603746,-1.5105798917,-3.5531201181,-0.094445909,-2.1578831282,-1.305999893,-2.6996970369,-2.4809856393,-3.2871355788,-0.4739833319,-2.6292041628,-0.8893350638,-3.052633595,-0.7961162408,-2.0778867461,-2.2908007007,-3.6900543543,-1.5249621221,-3.0464559757,-2.5157818636,-2.9075898834,-2.0220780506,-3.271352654,-3.1795411244,-2.7531016191,-1.6597101152,-2.2862254603,-2.0717373516,-2.8667348596,-2.6053849929,-2.5092462188,-2.1574699718,-2.4084963393,-2.9740087436,-2.3006460451,9.93,2.05,0.76,-3.45,-4.25,1.1,0.7873807989,-2.8199878971,0.3326193784,-2.6121609248,0.380016651,-3.1099093537,-0.0747447695,-2.9020823814,-0.1221420421,-2.4043339524,-0.0273474969,-3.3998308104,-0.4821089174,-3.192003838,-0.52950619,-2.6942554091,-0.4347116447,-3.689752267,-0.5769034626,-2.1965069801,-0.9368703378,-2.9841768657,-0.9842676105,-2.4864284367,-0.8894730652,-3.4819252947,-1.3916317583,-2.7763498934,-1.3442344857,-3.2740983223,-1.4390290309,-2.2786014644,-1.2968372131,-3.7718467513,-1.7989959062,-3.06627135,-1.8463931788,-2.568522921,-1.7515986336,-3.564019779,False,null,null,436,None
0,randomseed,16,modified_value,i,x2.000000,from,1,simul_tick,412,-2,0.5752293208,-2.8567174741,-0.349081322,-2.9499963367,-1.0576108795,-2.9053741422,-0.1697351716,-2.3914471065,-0.8434253631,-3.3476924866,-1.3360868253,-2.4802937092,-3.0248181686,-3.0621828674,-0.7266025295,-2.347605176,-1.8968467048,-2.4902435926,-1.0529580319,-1.8192546209,-2.1973465794,-3.3893380554,-1.6918520699,-2.9348061077,-3.1298507336,-2.5305408027,-2.2590620876,-2.8833835783,-2.696570249,-2.7096093423,-2.6956840162,-1.8198677073,-2.7067289292,-2.2866532031,-2.29010105,-2.423376225,-2.7600304201,-1.343385518,-3.1623010064,-2.0244064449,9.258,2.05,1.096,-3.45,-4.25,0.86,0.5778340505,-2.8687124338,0.7302522206,-2.3925100593,0.2416397819,-2.4986132393,0.394057952,-2.0224108648,0.8826703907,-1.9163076849,-0.0945544866,-2.1285140448,0.0578636834,-1.6523116703,0.5464761221,-1.5462084904,-0.4307487552,-1.7584148503,1.0350885607,-1.4401053104,0.2102818535,-1.1761092959,0.6988942921,-1.0700061159,-0.2783305852,-1.2822124758,0.3627000235,-0.6999069214,-0.1259124151,-0.8060101014,0.8513124622,-0.5938037415,-0.6145248538,-0.9121132813,0.0265057549,-0.3298077269,0.5151181936,-0.223704547,-0.4621066837,-0.4359109069,False,null,null,412,None
0,randomseed,18,modified_value,i,x2.000000,from,1,simul_tick,460,-2,-0.0814864209,-2.8375789301,-0.5092046039,-2.477531989,-1.750897963,-3.4853458881,-1.1619468297,-2.9061516926,-1.0437166851,-2.2334154022,-1.8659077176,-2.9760335287,-2.9904928141,-3.1313541146,-2.3560611642,-3.3762037253,-2.4423105715,-2.9592569046,-1.7479061795,-2.3728783773,-3.3175573688,-2.2327008488,-2.619874236,-2.5675983706,-2.1903638903,-2.5021071755,-3.0362962965,-2.6832896512,-3.7047984693,-2.02327685,-2.778516015,-1.7016894153,-3.5886156722,-2.728733115,-3.2298165182,-1.7916065131,-2.9368670698,-2.262754278,-2.6040761409,-2.2016513957,10.602,2.05,0.424,-3.45,-4.25,1.34,0.0688583318,-2.8391959014,-0.3614407117,-2.5845535381,-0.3668179454,-3.0845246227,-0.7971169889,-2.8298822594,-0.7917397552,-2.3299111749,-0.8024942226,-3.3298533439,-1.2327932661,-3.0752109807,-1.2274160324,-2.5752398962,-1.2381704998,-3.5751820652,-1.2220387987,-2.0752688117,-1.6630923096,-2.8205686175,-1.6577150759,-2.3205975329,-1.6684695433,-3.320539702,-2.0933913531,-2.5659262542,-2.0987685868,-3.0658973387,-2.0880141195,-2.0659551697,-2.1041458205,-3.5658684233,-2.5290676303,-2.8112549755,-2.5236903967,-2.311283891,-2.534444864,-3.31122606,False,null,null,460,None
0,randomseed,19,modified_value,i,x2.000000,from,1,simul_tick,422,-2,0.4054635256,-2.8644424141,0.1203561534,-2.3384203242,-1.7070515208,-3.6952390751,-0.9878958169,-3.4378907811,-0.442407186,-2.773309415,-2.7309804454,-3.3387077173,-2.3609180571,-3.6499388862,-0.9689919415,-2.8562072628,-2.8076343808,-2.4593371475,-0.8410194015,-1.7524754729,-1.5135451362,-3.2220076862,-0.8213592524,-2.337801788,-3.1038601221,-2.9857654818,-1.3509921645,-2.4403468847,-2.3214447962,-3.2310909548,-1.8897925542,-2.3581029343,-2.3439090786,-2.4722003949,-2.6273275592,-2.8969896939,-1.7463808334,-2.7875159743,-2.1974851119,-2.8691410138,9.538,2.05,0.956,-3.45,-4.25,0.96,0.7773571621,-2.8324130288,0.324489657,-2.6204908194,0.3673933925,-3.1186466881,-0.0854741125,-2.9067244786,-0.1283778481,-2.40856861,-0.042570377,-3.4048803473,-0.4954378821,-3.1929581378,-0.5383416176,-2.6948022692,-0.4525341465,-3.6911140065,-0.5812453531,-2.1966464005,-0.9483053871,-2.9810359284,-0.9912091227,-2.4828800597,-0.9054016516,-3.4791917971,-1.4011728922,-2.769113719,-1.3582691567,-3.2672695876,-1.4440766277,-2.2709578503,-1.3153654211,-3.7654254563,-1.8111366617,-3.0553473782,-1.8540403973,-2.5571915095,-1.7682329262,-3.5535032468,False,null,null,422,None
0,randomseed,21,modified_value,i,x2.000000,from,1,simul_tick,419,-2,0.4515833289,-2.9083757986,-0.4726877702,-2.8611176315,-1.5044825244,-3.3778793767,-1.2230866015,-3.7698330326,-0.1368321835,-2.3207113418,-1.226303532,-2.5755635745,-0.9436362435,-3.2850793037,-0.6604924432,-2.3109844365,-1.5799654642,-2.312399293,-1.3784551801,0.5499303028,-1.3041224968,-2.9841536758,-2.0259062474,-3.2825322926,-2.1870997818,-2.8875526937,-2.5322012828,-3.1283678084,-3.0210163701,-2.900290905,-1.7314856478,-2.7112922332,-2.1321716636,-2.4604939987,-2.6441376727,-2.6008502831,-1.0124403054,0.5302127532,-2.7004537417,-2.214099367,9.454,2.05,0.998,-3.45,-4.25,0.93,0.8571912943,-2.9511967435,0.4528188766,-2.6571169112,0.4003244799,-3.1543536137,-0.0040479378,-2.8602737814,0.0484464588,-2.3630370789,-0.0565423345,-3.3575104839,-0.4609147522,-3.0634306516,-0.4084203556,-2.5661939491,-0.5134091489,-3.5606673541,-0.3559259589,-2.0689572466,-0.86528717,-2.7693508193,-0.8127927733,-2.2721141168,-0.9177815666,-3.2665875218,-1.2696595877,-2.475270987,-1.3221539844,-2.9725076895,-1.2171651911,-1.9780342845,-1.374648381,-3.469744392,-1.7265264021,-2.6784278572,-1.6740320055,-2.1811911547,-1.7790207987,-3.1756645597,False,null,null,419,None
0,randomseed,23,modified_value,i,x2.000000,from,1,simul_tick,400,-2,0.5139479158,-3.5484557017,-0.1028238757,-3.6634162005,-1.5510384043,-3.9387820804,-0.1402566484,-3.1195585908,-0.6718542461,-3.4046719801,-1.5415267575,-2.968181063,-2.2387227968,-3.1150624393,-0.6708557434,-2.8814526436,-2.0981193795,-2.6723421537,-0.784065432,0.5363380415,-2.2550406047,-3.6172231522,-1.0895970152,-2.5289186268,-2.9749573464,-2.5071661045,-1.7210484823,-3.4130737318,-2.8659077846,-2.9492588711,-1.6200384849,-2.3446103249,-2.708384817,-2.0116103236,-3.0126126207,-1.5093047713,-2.5653779916,-2.3715959166,-3.1404130825,-2.0502441768,8.922,2.05,1.264,-3.45,-4.25,0.74,0.5859749452,-3.5561411561,0.1819314225,-3.2616096098,0.1288813825,-3.7587873378,-0.2751621401,-3.4642557915,-0.2221121001,-2.9670780634,-0.3282121802,-3.9614335195,-0.7322557028,-3.6669019732,-0.6792056628,-3.1697242451,-0.7853057429,-4.1640797012,-0.6261556228,-2.6725465171,-1.1362992255,-3.3723704268,-1.0832491855,-2.8751926988,-1.1893492655,-3.8695481549,-1.5403427482,-3.0778388805,-1.5933927882,-3.5750166085,-1.4872927081,-2.5806611524,-1.6464428282,-4.0721943365,-1.9974363108,-3.2804850622,-1.9443862708,-2.7833073341,-2.0504863509,-3.7776627902,False,null,null,400,None
0,randomseed,24,modified_value,i,x2.000000,from,1,simul_tick,426,-2,0.1711679926,-3.1368229262,-0.1414577491,-2.609922229,-2.1232987589,-3.4002949571,-1.6729335825,-3.2822638311,-0.7939278897,-3.49737805,-0.6065968571,-3.0450062957,-1.4164931241,-2.9399541958,-1.4409633605,-3.7125269065,-0.9322429181,-2.2724696078,-0.9906232872,-2.7068648645,-2.6923771912,-2.6936924236,-2.4215866225,-2.995971897,-2.0511330944,-2.4902009629,-1.9781119029,-2.9232026413,-2.7437497473,-3.3996016833,-2.4616734003,-2.3151777262,-1.544770058,-2.540128626,-3.367894264,-2.4122545997,-2.7890939118,-1.8660531772,-2.8744566746,-2.3562106491,9.65,2.05,0.9,-3.45,-4.25,1,0.5990451374,-3.196198633,0.2045050997,-2.8890534578,0.1357795941,-3.3843077408,-0.2587604436,-3.0771625656,-0.190034938,-2.5819082826,-0.3274859491,-3.5724168487,-0.7220259868,-3.2652716735,-0.6533004813,-2.7700173904,-0.7907514923,-3.7605259565,-0.5845749757,-2.2747631073,-1.1165660245,-2.9581264982,-1.0478405189,-2.4628722152,-1.18529153,-3.4533807813,-1.5111060622,-2.650981323,-1.5798315677,-3.1462356061,-1.4423805566,-2.15572704,-1.6485570733,-3.6414898891,-1.9743716054,-2.8390904309,-1.9056460999,-2.3438361478,-2.043097111,-3.3343447139,False,null,null,426,None
0,randomseed,26,modified_value,i,x2.000000,from,1,simul_tick,421,-2,0.2456281342,-3.4061153994,-0.3170440234,-3.3549276569,-1.1859683386,-3.8066057296,-1.0843293629,-4.2854412427,-0.2592297691,-2.7573552077,-2.0267421507,-2.9610179773,-2.5678220257,-3.1478095399,-1.2047872217,-3.3537923843,-1.2996827818,-2.9296889347,-0.7729256786,-2.4698565631,-2.6211242411,-3.6379712045,-1.6854254892,-3.3250597435,-3.1061139085,-3.1720768509,-2.168581023,-3.8251649764,-2.2006142196,-3.3915776052,-1.6474273884,-2.4300478769,-2.7541624253,-2.7496081794,-3.3662227188,-2.6417605141,-2.2114552769,-2.5046294267,-3.0298191424,-2.1937404686,9.51,2.05,0.97,-3.45,-4.25,0.95,0.6250218635,-3.422657507,0.2033101825,-3.1540327537,0.1815301625,-3.6535581592,-0.2401815185,-3.3849334059,-0.2184014986,-2.8854080004,-0.2619615384,-3.8844588114,-0.6836732195,-3.6158340581,-0.6618931995,-3.1163086526,-0.7054532394,-4.1153594636,-0.6401131796,-2.6167832471,-1.1053849005,-3.3472093048,-1.0836048805,-2.8476838993,-1.1271649204,-3.8467347103,-1.5270965815,-3.0785845515,-1.5488766014,-3.5781099569,-1.5053165616,-2.579059146,-1.5706566214,-4.0776353624,-1.9705882825,-3.3094852036,-1.9488082625,-2.8099597981,-1.9923683024,-3.8090106091,False,null,null,421,None
0,randomseed,27,modified_value,i,x2.000000,from,1,simul_tick,474,-2,-0.3830734482,-2.9186734992,-0.7381274172,-2.4285593683,-1.3659522901,-3.4093469225,-2.1749479157,-3.473716619,-1.2426174442,-2.807274904,-1.3566962248,-2.0158757127,-1.671973343,-2.715240857,-2.8000182364,-3.1933707477,-1.2144311599,0.4866268674,-1.5362500071,0.4917550402,-3.0995282373,-2.4891389609,-2.1083696195,-2.9640763335,-2.6055394571,-2.3602615236,-2.6733820013,-2.7805483193,-3.2037097823,-3.0199127194,-1.8288700486,0.6039498756,-2.8885472327,-1.8968613158,-3.4007811814,-2.133998954,-2.2131318837,-2.5294783113,-3.4843939527,-1.6006065126,10.994,2.05,0.228,-3.45,-4.25,1.48,0.1743678251,-2.9174412414,-0.2591964577,-2.6683990507,-0.25809118,-3.1683978291,-0.6916554627,-2.9193556385,-0.6927607404,-2.4193568601,-0.6905501851,-3.4193544168,-1.1241144678,-3.1703122262,-1.1252197455,-2.6703134478,-1.1230091902,-3.6703110045,-1.1263250232,-2.1703146695,-1.5576787506,-2.9212700355,-1.5587840283,-2.4212712572,-1.5565734729,-3.4212688139,-1.9912430333,-2.6722278449,-1.9901377557,-3.1722266233,-1.992348311,-2.1722290665,-1.989032478,-3.6722254016,-2.4237020384,-2.9231844326,-2.4248073161,-2.4231856543,-2.4225967608,-3.423183211,False,null,null,474,None
0,randomseed,28,modified_value,i,x2.000000,from,1,simul_tick,412,-2,0.655249599,-2.7934093013,0.0156151671,-2.773854309,-1.2852203752,-3.4305867602,-0.3024538088,-2.2501265777,-0.5646908395,-2.7557053948,-2.3318545739,-3.1218683006,-2.2855490171,-3.5821772064,-1.0108316841,-2.7179853681,-2.6881388995,-2.6595719001,-1.7984193775,-2.2624554237,-1.6467280033,-3.012602056,-1.0746653452,-1.9630617339,-2.8716510395,-2.2150626787,-2.0711285178,-2.7669007043,-3.1278395552,-2.5597548533,-1.4425398647,-2.5150624083,-2.502485601,-2.2681796994,-2.971933808,-3.023415083,-2.3063898606,-2.527067465,-2.7998606171,-1.8116147845,9.258,2.05,1.096,-3.45,-4.25,0.86,0.6829014283,-2.7997400841,0.3166027113,-2.4594089954,0.2050167013,-2.946798534,-0.1612820157,-2.6064674453,-0.0496960057,-2.1190779067,-0.2728680257,-3.093856984,-0.6391667427,-2.7535258953,-0.5275807327,-2.2661363566,-0.7507527527,-3.2409154339,-0.4159947227,-1.778746818,-1.0054654597,-2.4131948066,-0.8938794497,-1.925805268,-1.1170514697,-2.9005843452,-1.3717641767,-2.0728637179,-1.4833501867,-2.5602532565,-1.2601781667,-1.5854741793,-1.5949361967,-3.0476427952,-1.8496489037,-2.2199221679,-1.7380628937,-1.7325326292,-1.9612349137,-2.7073117065,False,null,null,412,None
0,randomseed,30,modified_value,i,x2.000000,from,1,simul_tick,445,-2,0.0844100701,-2.8575831513,-0.307754451,-2.4974545893,-0.8451510894,-3.4639197803,-1.1586631786,-2.9920668844,-0.7749096911,-2.1345358303,-2.5096120605,-3.6546241258,-1.8823866417,-3.4153559792,-1.2017222919,-2.4604980654,-2.4282109659,-2.7982365133,1.9956014324,0.4842745086,-1.6750890236,-2.9008065225,-1.7025546694,-2.3737134835,-2.4161451767,-3.2233735878,-2.8092912038,-2.6251826825,-3.2330661066,-2.6214068802,-1.5699125925,0.5731404057,-2.527762196,-2.3344483895,-2.9897445746,-2.1586731017,-2.1143739286,-2.4161465518,-2.8629183122,-1.6856165179,10.182,2.05,0.634,-3.45,-4.25,1.19,0.6060765128,-2.8881441566,0.1884257448,-2.6132481108,0.1591841697,-3.1123923087,-0.2584665982,-2.8374962628,-0.2292250231,-2.3383520649,-0.2877081734,-3.3366404607,-0.7053589413,-3.0617444149,-0.6761173662,-2.562600217,-0.7346005164,-3.5608886128,-0.6468757911,-2.0634560191,-1.1230097093,-2.786848369,-1.0937681342,-2.2877041712,-1.1522512844,-3.2859925669,-1.5406604773,-2.5119523232,-1.5699020524,-3.0110965211,-1.5114189021,-2.0128081253,-1.5991436275,-3.510240719,-1.9875528203,-2.7362004753,-1.9583112452,-2.2370562774,-2.0167943954,-3.2353446731,False,null,null,445,None
0,randomseed,31,modified_value,i,x2.000000,from,1,simul_tick,424,-2,0.358963872,-2.8983881692,-0.6175981508,-3.3367808145,-0.8956933088,-2.9062794061,-1.850516004,-2.742042757,-0.2864102204,-2.8671282374,-0.5639928485,-2.471240826,-1.4477042248,-2.3771602244,-2.1880486426,-3.0061595278,-2.3871179911,-2.6653993095,-1.0508809428,-2.0868809851,-1.3509956528,-3.3203257714,-1.3667935292,-2.8101697746,-2.98016571,-3.0207042009,-1.7531929681,-3.1673144483,-2.9797911491,-2.5130799128,-2.8006938803,-1.7675779894,-2.5650635675,-3.0763511061,-2.5798598598,-2.3022867791,-2.0041363848,-2.3181054451,-3.3427533501,-2.1637326173,9.594,2.05,0.928,-3.45,-4.25,0.98,0.6115868488,-2.9323151575,0.2157030368,-2.6269039472,0.149151076,-3.1224549905,-0.246732736,-2.8170437801,-0.1801807752,-2.3214927368,-0.3132846967,-3.3125948234,-0.7091685087,-3.0071836131,-0.642616548,-2.5116325698,-0.7757204695,-3.5027346564,-0.5760645872,-2.0160815265,-1.1050523207,-2.7017724028,-1.03850036,-2.2062213595,-1.1716042815,-3.1973234461,-1.5009361327,-2.3963611925,-1.5674880935,-2.8919122358,-1.434384172,-1.9008101492,-1.6340400542,-3.3874632791,-1.9633719055,-2.5865010254,-1.8968199447,-2.0909499821,-2.0299238662,-3.0820520687,False,null,null,424,None
0,randomseed,33,modified_value,i,x2.000000,from,1,simul_tick,407,-2,0.4516872066,-3.0944846043,-0.0023636283,-2.6964229988,-1.272520287,-3.0725464194,-1.1508332328,-3.8136948752,-1.4441921151,-3.4455366618,-0.9829417104,-2.3378838957,-2.5818772586,-2.9938879152,-0.9077298393,-3.324626433,-1.8229209287,-2.6136197656,-1.5091889251,-2.7551999167,-2.3502622702,-3.754572108,-0.8451167088,-2.7859768675,-2.1560908671,-2.8677429947,-3.1210836388,-2.9791132864,-3.0383461527,-2.2724452439,-2.1460718241,-2.3722855843,-2.560890711,-2.3364340563,-2.3196078067,-3.3084706435,-1.703206926,0.5522876861,-2.7753949891,-2.6910437356,9.118,2.05,1.166,-3.45,-4.25,0.81,0.6274248645,-3.1187543479,0.2326841999,-2.8118670596,0.1642823444,-3.3071661472,-0.2304583202,-3.0002788589,-0.1620564647,-2.5049797714,-0.2988601756,-3.4955779465,-0.6936008402,-3.1886906583,-0.6251989848,-2.6933915707,-0.7620026957,-3.6839897459,-0.5567971293,-2.1980924831,-1.0883415048,-2.88180337,-1.0199396494,-2.3865042824,-1.1567433603,-3.3771024576,-1.4830821694,-2.5749160817,-1.5514840249,-3.0702151693,-1.414680314,-2.0796169941,-1.6198858803,-3.5655142569,-1.9462246895,-2.763327881,-1.877822834,-2.2680287934,-2.0146265449,-3.2586269686,False,null,null,407,None
0,randomseed,34,modified_value,i,x2.000000,from,1,simul_tick,429,-2,0.1856928866,-3.0106219844,-0.8171925904,-3.3969768951,-1.5069830966,-3.3238553663,-0.4049181399,-3.0195001901,-0.2582726906,-2.3598003874,-2.4721740352,-3.300910815,-1.7284796537,-3.8108501749,-0.767985728,-2.6292054496,-2.3316913081,-2.5681584894,-1.7031336573,-2.3573518205,-1.1743272979,-2.9271922832,-1.2116566987,-2.4193143301,-3.426510164,-2.6353155562,-1.9152682636,-2.961235866,-2.6799610976,-2.9200117112,-2.65150932,-2.3381782788,-2.6953606181,-2.0320132607,-3.5883978173,-2.0767973895,-2.9949772614,-2.5459092666,-3.108356241,-2.1061785185,9.734,2.05,0.858,-3.45,-4.25,1.03,0.4490208237,-2.9976031408,0.0041915188,-2.7692900017,0.0288811927,-3.2686800496,-0.4159481122,-3.0403669104,-0.4406377861,-2.5409768625,-0.3912584383,-3.5397569584,-0.8360877432,-3.3114438192,-0.8607774171,-2.8120537713,-0.8113980693,-3.8108338672,-0.8854670909,-2.3126637233,-1.280917048,-3.08313068,-1.3056067219,-2.5837406321,-1.2562273742,-3.582520728,-1.7257463529,-2.8548175409,-1.701056679,-3.3542075888,-1.7504360268,-2.3554274929,-1.6763670051,-3.8535976368,-2.1458859839,-3.1258944496,-2.1705756578,-2.6265044017,-2.12119631,-3.6252844976,False,null,null,429,None
0,randomseed,37,modified_value,i,x2.000000,from,1,simul_tick,447,-2,-0.1094298026,-3.5633600245,-0.6453700649,-3.4797485487,-1.101872603,-4.0124985376,-0.5694640531,-3.9816305001,-0.4436054392,-2.6484755834,-1.1706439899,-2.6221909562,-2.1755768416,-3.1738853331,-1.1581636132,-3.4766345839,-1.7810803661,-2.6255603185,-0.8679728896,-2.9754572539,-2.1214037256,-3.7048197147,-1.6419524818,-3.5029367093,-1.382828497,-3.0706519363,-2.5569481223,-3.3618117352,-3.0121866529,-3.2350199545,-1.7801177004,-3.0264858188,-2.3427890975,-2.7887463162,-2.8752206307,-2.7975536458,-2.8728853862,-1.8477422913,-2.7576598607,-2.3722996653,10.238,2.05,0.606,-3.45,-4.25,1.21,0.0328165919,-3.5985815306,-0.3274151365,-3.2518350787,-0.4475905082,-3.7371781327,-0.8078222366,-3.3904316809,-0.6876468649,-2.9050886269,-0.9279976084,-3.8757747348,-1.2882293368,-3.529028283,-1.168053965,-3.0436852291,-1.4084047085,-4.014371337,-1.0478785933,-2.5583421751,-1.6484610652,-3.1822818312,-1.5282856934,-2.6969387772,-1.7686364369,-3.6676248852,-2.0086927936,-2.8355353794,-2.1288681653,-3.3208784333,-1.8885174218,-2.3501923254,-2.2490435371,-3.8062214873,-2.4890998937,-2.9741319815,-2.368924522,-2.4887889276,-2.6092752655,-3.4594750355,False,null,null,447,None
0,randomseed,38,modified_value,i,x2.000000,from,1,simul_tick,443,-2,0.3367467735,-2.7202421837,0.4876190341,-2.1332992533,-0.4767026484,-3.1642025207,-0.2204739208,-2.5552047724,-0.9657814296,-2.0887590541,-2.1745808543,-3.5258718947,-1.594040306,-3.3826378327,-0.9463441266,-2.6764020872,-2.6365072742,-3.1703176862,-0.1749846209,-1.4405672293,-1.4754571275,-2.818186161,-1.6132714271,-2.2993679066,-1.9489294763,-3.0987206542,-2.0450659756,-2.3875667003,-2.2259796422,-2.8091334087,-1.4118851579,0.5897521866,-2.9348961077,-2.8380353115,-2.4508393352,-2.4212147953,-2.8168256053,-1.8455790296,-2.912061384,-2.3688678638,10.126,2.05,0.662,-3.45,-4.25,1.17,0.8845313907,-2.7518543592,0.4666412527,-2.4773223345,0.4378346142,-2.9764918224,0.0199444762,-2.7019597978,0.0487511147,-2.2027903099,-0.0088621623,-3.2011292856,-0.4267523003,-2.926597261,-0.3979456618,-2.4274277731,-0.4555589387,-3.4257667488,-0.3691390234,-1.9282582853,-0.8446424383,-2.6520652363,-0.8158357998,-2.1528957485,-0.8734490768,-3.1512347242,-1.2625325763,-2.3775332117,-1.2913392148,-2.8767026996,-1.2337259379,-1.8783637239,-1.3201458533,-3.3758721874,-1.7092293528,-2.6021706749,-1.6804227144,-2.1030011871,-1.7380359913,-3.1013401628,False,null,null,443,None
0,randomseed,42,modified_value,i,x2.000000,from,1,simul_tick,404,-2,0.5768860034,-2.946332198,-0.6278990831,-3.1328039248,-1.8189314268,-3.5120981051,-0.7784848623,-2.5790341533,-0.3531946259,-1.9852666709,-2.5012700552,-3.1399343768,-2.6528534066,-3.5598186215,-0.212595903,-2.5621583211,-2.8011622818,-2.5987921396,-1.9633468446,-2.2979250806,-1.5145464405,-2.89908986,-0.9784856479,-1.9238105287,-3.0705167912,-2.9932990319,-1.4481479611,-2.3074975435,-2.0822175407,-3.0962921779,-2.7583395537,-1.8520700913,-2.4377792487,-2.3583591539,-2.0090498302,-2.6890969587,-2.8197383058,-1.3517059998,-2.4304525694,-2.7460819177,9.034,2.05,1.208,-3.45,-4.25,0.78,0.6500041086,-2.9600051438,0.2703222984,-2.6346718946,0.178416345,-3.1261526121,-0.2012654652,-2.8008193629,-0.1093595117,-2.3093386454,-0.2931714186,-3.2923000805,-0.6728532287,-2.9669668313,-0.5809472753,-2.4754861137,-0.7647591822,-3.4584475488,-0.4890413219,-1.9840053962,-1.0525350389,-2.6416335821,-0.9606290855,-2.1501528645,-1.1444409923,-3.1331142996,-1.4322168491,-2.3163003329,-1.5241228025,-2.8077810504,-1.3403108956,-1.8248196153,-1.6160287559,-3.299261768,-1.9038046126,-2.4824478012,-1.8118986592,-1.9909670836,-1.9957105661,-2.9739285188,False,null,null,404,None
0,randomseed,47,modified_value,i,x2.000000,from,1,simul_tick,462,-2,-0.3039556168,-3.0837084957,-1.7384499791,-3.4163858288,-2.6057434169,-3.3806094039,-1.0507834981,-3.4606011388,-0.8380620674,-2.5304352994,-3.3450492023,-3.1848368097,-2.1733745244,-3.3605066106,-1.3421463881,-2.9476266318,-3.4740622497,-2.7357022715,-1.4157240066,0.5578576998,-2.329321724,-2.9700808466,-1.8744974169,-2.4433649999,-2.9331870739,-3.0113340824,-1.8402228218,-2.9177508327,-2.6247764779,-2.6987783337,-2.3262950578,-2.3653327997,-2.8961638193,-1.79119995,-3.124690927,-2.4634038395,-2.7588382095,-2.2199967937,-3.5315899532,-1.9204308566,10.658,2.05,0.396,-3.45,-4.25,1.36,0.1200132323,-3.0707011416,-0.3204622112,-2.8340972877,-0.3051294376,-3.3338621384,-0.7456048811,-3.0972582846,-0.7609376547,-2.5974934338,-0.7302721074,-3.5970231353,-1.1707475509,-3.3604192814,-1.1860803246,-2.8606544307,-1.1554147773,-3.8601841322,-1.2014130982,-2.3608895799,-1.6112229944,-3.1238154275,-1.6265557681,-2.6240505768,-1.5958902208,-3.6235802783,-2.0516984379,-2.8872115736,-2.0363656643,-3.3869764244,-2.0670312116,-2.3874467229,-2.0210328906,-3.8867412752,-2.4768411078,-3.1503725705,-2.4921738814,-2.6506077198,-2.4615083341,-3.6501374213,False,null,null,462,None
0,randomseed,48,modified_value,i,x2.000000,from,1,simul_tick,502,-2,-0.6086229476,-2.7842983285,-1.2619159748,-3.4681113661,-1.0095352753,-2.1915888216,-1.955839731,-2.447964402,-1.1177745511,-2.6626349895,-1.7447908065,-3.3136496319,-3.3893372606,-2.7712621303,-2.4328139457,-3.2337990674,-1.5857586245,-2.8428196848,-2.0180430599,-2.8756892038,-3.2379705569,-2.2834088567,-2.349264225,-2.3502457031,-2.9404592939,-2.7213518501,-2.4738152992,-2.765974697,-3.0488572421,-3.2366046765,-2.7733444789,-2.2813049246,-1.8329455129,0.4790690748,-3.4985493682,-1.8065944573,-2.85975248,-1.8867267212,-3.0992732392,-1.5137212798,11.778,2.05,-0.164,-3.45,-4.25,1.76,-0.4023023983,-2.8085797288,-0.8031269182,-2.5096822477,-0.86156747,-3.0062552049,-1.26239199,-2.7073577238,-1.2039514381,-2.2107847665,-1.3208325418,-3.2039306811,-1.7216570617,-2.9050331999,-1.6632165099,-2.4084602427,-1.7800976136,-3.4016061572,-1.604775958,-1.9118872854,-2.1224815816,-2.6061357188,-2.0640410298,-2.1095627615,-2.1809221335,-3.1027086761,-2.5233061015,-2.3072382376,-2.5817466534,-2.8038111949,-2.4648655497,-1.8106652804,-2.6401872052,-3.3003841522,-2.9825711733,-2.5049137138,-2.9241306215,-2.0083407565,-3.0410117251,-3.0014866711,False,null,null,502,None
0,randomseed,49,modified_value,i,x2.000000,from,1,simul_tick,447,-2,-0.1091914398,-3.4660052445,-0.6955227539,-3.5517100025,-1.6779608208,-3.777403513,-1.5376437916,-4.2896776076,-0.5784389987,-2.9140625871,-0.8036485129,0.4721680988,-3.0711457745,-4.1200796625,-1.1846835458,-3.2553988731,-2.1669908664,-2.9522697773,-1.2712846822,0.5444081752,-2.5319618109,-4.0474935376,-1.9182339654,-3.3116529885,-2.6822175731,-3.2682549932,-2.2337451673,-3.6881356036,-3.4009038261,-3.589432294,-1.6022985035,-2.7464040144,-3.0066112965,-3.0018564785,-2.8423054633,-3.6935916711,-3.2311401142,-2.4615030259,-3.5212070413,-3.0946570017,10.238,2.05,0.606,-3.45,-4.25,1.21,0.3596953223,-3.4010331957,-0.1035330212,-3.2128325,-0.0349054329,-3.708100361,-0.4981337763,-3.5198996653,-0.5667613646,-3.0246318043,-0.4295061881,-4.0151675263,-0.8927345315,-3.8269668306,-0.9613621198,-3.3316989696,-0.8241069433,-4.3222346916,-1.029989708,-2.8364311086,-1.3559628749,-3.6387661349,-1.4245904632,-3.1434982739,-1.2873352867,-4.1340339959,-1.8191912184,-3.4505654392,-1.7505636301,-3.9458333002,-1.8878188066,-2.9552975782,-1.6819360419,-4.4411011612,-2.2137919735,-3.7576326045,-2.2824195618,-3.2623647435,-2.1451643853,-4.2529004655,False,null,null,447,None
0,randomseed,54,modified_value,i,x2.000000,from,1,simul_tick,469,-2,-0.4559876113,-3.2334444032,-0.9150277209,-3.3023001127,-1.872035945,-3.52760235,-1.3733850205,-3.3235487398,-1.4818155714,-2.2847080181,-0.9823272199,-2.8386229844,-3.2873343512,-3.2281034792,-1.4897154932,-2.814340482,-2.0073352376,-2.4949999473,-1.9790646477,-2.9159177368,-2.380938,-2.9097346984,-2.7112200449,-3.3010703999,-3.6854658267,-2.898544664,-2.5015333559,-2.4577128153,-2.7806812118,-2.8570037673,-2.7895569641,-1.5751401042,-3.0304258064,-2.4155179377,-3.4820914884,-2.3409486445,-2.8039065333,-2.0573860982,-3.2297305108,-2.8105094193,10.854,2.05,0.298,-3.45,-4.25,1.43,0.0399876517,-3.3309209732,-0.3366854873,-3.0021089503,-0.4331084827,-3.492723469,-0.8097816216,-3.1639114462,-0.7133586263,-2.6732969275,-0.906204617,-3.6545259649,-1.282877756,-3.3257139421,-1.1864547606,-2.8350994234,-1.3793007513,-3.8163284608,-1.0900317653,-2.3444849046,-1.659550895,-2.9969019192,-1.5631278996,-2.5062874005,-1.7559738903,-3.4875164379,-2.036224034,-2.6680898964,-2.1326470293,-3.1587044151,-1.9398010386,-2.1774753777,-2.2290700247,-3.6493189338,-2.5093201683,-2.8298923922,-2.412897173,-2.3392778735,-2.6057431637,-3.320506911,False,null,null,469,None
0,randomseed,56,modified_value,i,x2.000000,from,1,simul_tick,395,-2,0.8124615847,-2.8532029725,0.1000439841,-2.7791117349,-1.9135258695,-3.5758646709,-1.1503427277,-3.4472038891,-0.0045542132,-2.1455151272,-2.7758576531,-3.2278668867,-1.5530891555,-3.1881662358,-0.6897392572,-2.9785028225,-2.5475287561,-2.5971303063,-1.1666007613,-2.0844584215,-1.1534053403,-2.6764976548,-0.6261835996,-2.3191367361,-2.9279077141,-2.6090077596,-1.6898341097,-2.7141745199,-2.7371917432,-3.6496973176,-1.7118068134,-2.2179645459,-2.360865615,-2.3061234419,-2.5860450402,-2.9065435392,-2.1746130933,-3.0572469944,-2.1290387521,-2.6590006382,8.782,2.05,1.334,-3.45,-4.25,0.69,0.8286393455,-2.8567549738,0.4593140748,-2.5197106971,0.3520878043,-3.0080779021,-0.0172374663,-2.6710336253,0.0899888042,-2.1826664204,-0.1244637368,-3.1594008303,-0.4937890075,-2.8223565536,-0.386562737,-2.3339893486,-0.601015278,-3.3107237586,-0.2793364665,-1.8456221436,-0.8631142781,-2.4853122769,-0.7558880076,-1.9969450719,-0.9703405486,-2.9736794819,-1.2324395488,-2.1482680002,-1.3396658193,-2.6366352052,-1.1252132782,-1.6599007952,-1.4468920898,-3.1250024102,-1.7089910899,-2.2995909285,-1.6017648194,-1.8112237235,-1.8162173604,-2.7879581335,False,null,null,395,None
0,randomseed,57,modified_value,i,x2.000000,from,1,simul_tick,441,-2,-0.0583448023,-3.3507193547,-0.5247404851,-3.0455391248,-1.3377259244,-3.931574373,-0.844562318,-3.5496050567,-0.9987472544,-2.7247814069,-1.2289322094,0.4596182999,-2.0777278785,-3.9683349641,-1.3552846753,-3.3593486945,-1.7259075821,-2.9882362447,-1.5756183926,0.5502369892,-2.9581496554,-3.9017194399,-1.9238288222,-3.4192476983,-2.4399698983,-3.2178369052,-2.5430803184,-3.6343567191,-3.0866213895,-3.4465377704,-0.9103517754,0.5039589529,-2.5156856493,-2.7863336914,-3.1275812744,-2.9996647315,-2.8811677874,-2.1163525557,-3.2605376943,-2.5680600677,10.07,2.05,0.69,-3.45,-4.25,1.15,0.3516983978,-3.3125479287,-0.1026227896,-3.1037603367,-0.0562775546,-3.6016078225,-0.5105987421,-3.3928202304,-0.5569439771,-2.8949727446,-0.4642535071,-3.8906677163,-0.9185746946,-3.6818801242,-0.9649199296,-3.1840326384,-0.8722294596,-4.1797276101,-1.0112651646,-2.6861851525,-1.3728958821,-3.4730925321,-1.4192411171,-2.9752450463,-1.3265506471,-3.970940018,-1.8272170696,-3.2643049401,-1.7808718346,-3.7621524259,-1.8735623046,-2.7664574542,-1.7345265996,-4.2599999118,-2.235193022,-3.5533648339,-2.281538257,-3.055517348,-2.188847787,-4.0512123197,False,null,null,441,None
0,randomseed,61,modified_value,i,x2.000000,from,1,simul_tick,415,-2,0.5987179305,-2.8065666859,0.3198125236,-2.3118602139,-1.3092050026,-3.6417231854,-0.4847140499,-3.3930205558,-0.2318634247,-2.3448749697,-2.2816624866,-3.0048502345,-2.5712270542,-3.6698515797,-0.8917917514,-2.9675282195,-1.8532112725,-2.8709541761,-1.2220409165,-1.9567321792,-2.0101426765,-3.7909258523,-0.8599229273,-2.3997749605,-2.4013909759,-2.6283771708,-1.4380710359,-3.0585921449,-2.2098612643,-3.4078393914,-1.9822461552,-2.3846257974,-1.4855804414,-2.6011346057,-1.8045626775,-3.2916902487,-2.692132452,-2.2815850423,-3.2641280169,-2.2308531665,9.342,2.05,1.054,-3.45,-4.25,0.89,0.8657630032,-2.7827027433,0.412216907,-2.5722367397,0.4567210493,-3.0702521826,0.0031749532,-2.859786179,-0.0413291891,-2.3617707362,0.0476790955,-3.3578016218,-0.4058670006,-3.1473356183,-0.450371143,-2.6493201754,-0.3613628583,-3.6453510611,-0.4948752853,-2.1513047326,-0.8594130968,-2.9368696147,-0.9039172391,-2.4388541718,-0.8149089544,-3.4348850575,-1.3129591929,-2.7264036111,-1.2684550506,-3.2244190539,-1.3574633353,-2.2283881682,-1.2239509083,-3.7224344968,-1.7220011467,-3.0139530503,-1.7665052891,-2.5159376075,-1.6774970044,-3.5119684932,False,null,null,415,None
0,randomseed,62,modified_value,i,x2.000000,from,1,simul_tick,444,-2,-0.1053371643,-3.5404062575,-0.6360150711,-3.478609526,-2.0666859559,-3.7728586707,-1.4992161229,-3.8188799665,-0.7529326355,-2.8699392086,-2.7903442809,-2.4886623889,-3.2934248499,-3.401167782,-1.2234509925,-3.3620549599,-2.3671717412,-2.468297185,-1.8475851175,-2.7566754162,-2.8026791885,-3.3797159836,-1.3542064222,-2.8821090953,-3.5432156339,-2.8898172926,-2.0736282455,-3.2951875037,-3.275549494,-2.2047750531,-3.1220801744,-2.9935736367,-2.7660463478,-2.1182990118,-3.8239580261,-2.1430313996,-2.4437563378,-3.088348676,-2.7780765383,-2.8924609654,10.154,2.05,0.648,-3.45,-4.25,1.18,0.1158444871,-3.5040025258,-0.3520204246,-3.3276437312,-0.2708191651,-3.8210060275,-0.7386840767,-3.6446472329,-0.8198853362,-3.1512849366,-0.6574828172,-4.1380095293,-1.1253477289,-3.9616507346,-1.2065489884,-3.4682884383,-1.0441464694,-4.455013031,-1.2877502479,-2.974926142,-1.5932126405,-3.78529194,-1.6744139,-3.2919296437,-1.512011381,-4.2786542364,-2.0610775522,-3.6089331454,-1.9798762927,-4.1022954417,-2.1422788117,-3.1155708491,-1.8986750332,-4.5956577381,-2.4477412044,-3.9259366471,-2.5289424639,-3.4325743508,-2.3665399448,-4.4192989435,False,null,null,444,None
0,randomseed,63,modified_value,i,x2.000000,from,1,simul_tick,438,-2,0.1925337167,-2.8948311752,-0.3672203858,-2.7688942041,-1.4454186732,-3.2264729583,-0.7916568756,-3.1375341369,-0.8250778561,-2.3825705539,-2.2482494938,-3.3996739179,-2.2202752965,-3.8737425793,-1.1184285638,-3.5881673095,-1.4427665755,-2.3228807462,-1.0682506951,-1.8403783025,-1.1626932182,-2.7853672454,-1.5855146293,-2.7345402536,-2.465512662,-2.993641632,-1.8314944303,-3.1849349621,-2.0269606356,-2.8469663193,-2.7732371082,-1.6524494733,-1.9915026688,-2.4340893479,-2.47818591,-2.4883152854,-2.8595854258,-2.162608303,-2.9747003869,-2.820587393,9.986,2.05,0.732,-3.45,-4.25,1.12,0.7048576082,-2.9637877601,0.3090628446,-2.6582611572,0.2423664267,-3.1537927786,-0.1534283369,-2.8482661757,-0.086731919,-2.3527345542,-0.2201247547,-3.3437977971,-0.6159195184,-3.0382711942,-0.5492231005,-2.5427395727,-0.6826159362,-3.5338028156,-0.4825266826,-2.0472079513,-1.011714282,-2.7327445913,-0.9450178641,-2.2372129698,-1.0784106998,-3.2282762127,-1.4075090456,-2.4272179883,-1.4742054634,-2.9227496098,-1.3408126277,-1.9316863669,-1.5409018813,-3.4182812312,-1.870000227,-2.6172230068,-1.8033038092,-2.1216913854,-1.9366966449,-3.1127546283,False,null,null,438,None
0,randomseed,66,modified_value,i,x2.000000,from,1,simul_tick,442,-2,0.167463692,-2.8559008905,0.4093011484,-2.3118819427,-0.827639231,-3.4485952076,-0.5655539212,-2.8300537368,-0.5717755611,-2.1926757753,-2.0713084368,-3.4792816032,-1.8182579839,-3.8569260824,-1.2852632946,-3.1348101209,-2.1269555608,-2.7105798789,-1.6390858249,-2.2435733706,-2.5841074145,-2.7849373301,-2.2110660517,-3.0718953899,-1.3498888488,-2.6936591807,-2.7649239211,-2.3184422959,-1.7529944827,-2.9293747607,-1.5185784536,0.6137919648,-1.663217712,-3.3716501045,-2.3217403224,-2.3789888071,-2.7868564073,-1.8306694933,-3.2520759512,-2.6185963358,10.098,2.05,0.676,-3.45,-4.25,1.16,0.7224993451,-2.8977811556,0.3095243775,-2.6159094186,0.2719037765,-3.1144921002,-0.1410711911,-2.8326203632,-0.1034505901,-2.3340376816,-0.1786917922,-3.3312030448,-0.5916667598,-3.0493313078,-0.5540461588,-2.5507486262,-0.6292873608,-3.5479139894,-0.5164255578,-2.0521659446,-1.0046417274,-2.7674595709,-0.9670211264,-2.2688768893,-1.0422623284,-3.2660422524,-1.4176166951,-2.4855878339,-1.4552372961,-2.9841705155,-1.3799960941,-1.9870051523,-1.4928578971,-3.4827531971,-1.8682122637,-2.7022987785,-1.8305916627,-2.2037160969,-1.9058328647,-3.2008814601,False,null,null,442,None
0,randomseed,70,modified_value,i,x2.000000,from,1,simul_tick,445,-2,-0.104727847,-3.319207079,-0.8935952861,-3.2051766342,-2.140371815,-2.9894897216,-2.1107595684,-3.5239955151,-0.7538438171,-2.5809289082,-1.3494842577,-2.7889415383,-3.1300117075,-2.8984330286,-1.6562472349,-3.1755383358,-2.4664721417,-2.4260399177,-1.2899572924,-2.1758269664,-3.5084290277,-2.5208585018,-1.8421762743,-2.4804278909,-3.0931573376,-2.2760122429,-2.6882373834,-2.7990648077,-3.591087813,-1.9860663841,-2.7185410077,-1.9806897022,-2.7470111046,-1.5650072363,-3.6753117691,-1.4780861998,-3.1001939892,-1.8696068981,-3.1831824968,-1.5027461019,10.182,2.05,0.634,-3.45,-4.25,1.19,-0.0651564361,-3.3238525971,-0.4660670065,-3.0250705452,-0.5243645685,-3.5216603098,-0.9252751389,-3.2228782579,-0.866977577,-2.7262884933,-0.9835727008,-3.7194680225,-1.3844832712,-3.4206859706,-1.3261857093,-2.924096206,-1.4427808332,-3.9172757351,-1.2678881474,-2.4275064414,-1.7853938416,-3.1219039187,-1.7270962797,-2.6253141541,-1.8436914036,-3.6184936832,-2.186304412,-2.8231218668,-2.244601974,-3.3197116314,-2.1280068501,-2.3265321022,-2.3028995359,-3.8163013959,-2.6455125444,-3.0209295795,-2.5872149825,-2.5243398149,-2.7038101063,-3.517519344,False,null,null,445,None
0,randomseed,71,modified_value,i,x2.000000,from,1,simul_tick,421,-2,0.5521379266,-2.7600253615,0.0276278413,-2.4173577888,-1.4639221783,-3.4450918803,-0.7282725215,-2.5068198171,-0.6658058516,-3.0193077823,-1.1545801831,-2.9125393167,-2.6286944736,-2.4853586322,-0.6534230131,-1.9703224072,-1.7036037103,-2.7332622546,-1.2277674602,-2.0830898164,-2.3076073456,-3.1812930811,-1.8276355321,-3.1181022029,-1.8786294423,-2.3662774306,-2.2420832654,-2.3256909293,-3.1403669456,-2.4509623875,-2.2368932187,-2.7167428182,-2.6924549482,-2.0228520613,-2.8808108417,-2.9308149385,-2.8967441062,-1.4261613344,-3.1206729833,-2.0321592228,9.51,2.05,0.97,-3.45,-4.25,0.95,0.6078083821,-2.7609991968,0.179234461,-2.5034639678,0.1704893708,-3.0033874853,-0.2580845502,-2.7458522563,-0.24933946,-2.2459287387,-0.2668296404,-3.2457757738,-0.6954035615,-2.9882405447,-0.6866584713,-2.4883170272,-0.7041486517,-3.4881640623,-0.6779133811,-1.9883935096,-1.1239774825,-2.7307053157,-1.1152323923,-2.2307817981,-1.1327225727,-3.2306288332,-1.5525514036,-2.4731700866,-1.5612964938,-2.9730936042,-1.5438063133,-1.9732465691,-1.570041584,-3.4730171217,-1.9898704148,-2.7155583751,-1.9811253246,-2.2156348576,-1.998615505,-3.2154818927,False,null,null,421,None
0,randomseed,79,modified_value,i,x2.000000,from,1,simul_tick,418,-2,0.5629767419,-2.7994874766,-0.4003044762,-3.2585648964,-1.2823984582,-3.5770593975,-0.5988299496,-2.7522578525,-0.0198918998,-2.3191991534,-1.233676267,-2.5372812352,-2.4373657807,-3.4200565798,-0.6511252877,-2.1788831219,-1.9270776387,-2.5036863146,-1.3719154997,0.5360214525,-1.8568377238,-3.4040786285,-1.7197422385,-2.8981571154,-2.165958914,-2.9756372441,-1.2919776562,-3.0457645162,-3.1900729327,-3.0880019478,-0.9740337636,0.547357086,-2.5705331286,-2.4254111416,-2.7727297995,-2.8301010942,-2.7668277153,-1.9999690635,-3.2259260616,-2.010096752,9.426,2.05,1.012,-3.45,-4.25,0.92,0.748397427,-2.7917829078,0.3053790504,-2.5599754058,0.3261370532,-3.0595443253,-0.1168813234,-2.8277368233,-0.1376393262,-2.3281679038,-0.0961233206,-3.3273057427,-0.5391416972,-3.0954982407,-0.5598997,-2.5959293212,-0.5183836945,-3.5950671602,-0.5806577028,-2.0963604017,-0.9821600738,-2.8636907387,-1.0029180766,-2.3641218192,-0.9614020711,-3.3632596582,-1.4251784504,-2.6318832367,-1.4044204477,-3.1314521562,-1.4459364532,-2.1323143172,-1.3836624449,-3.6310210756,-1.8474388243,-2.8996446541,-1.868196827,-2.4000757346,-1.8266808215,-3.3992135736,False,null,null,418,None
0,randomseed,81,modified_value,i,x2.000000,from,1,simul_tick,423,-2,0.3274209657,-2.9535270331,-0.2594546042,-3.0341726511,-1.4180550776,-3.5630579104,-0.8487978471,-3.3010614852,-0.7332184274,0.545752967,-2.8302927932,-3.3893743752,-2.6761957737,-3.9528000691,-0.4946419833,-2.4974068467,-2.904368883,-2.8958734101,-0.3451360777,0.561779237,-1.9515981764,-3.7522350641,-1.0314334631,-2.7450503996,-2.4031905785,-3.1527773672,-1.5225079698,-3.0004114983,-2.3829808147,-3.5769054383,-1.4640337585,-2.4347840443,-1.8916913134,-2.5029341299,-2.03234647,-2.8944793279,-2.0119128399,-3.2904973265,-2.41949646,-2.7042186044,9.566,2.05,0.942,-3.45,-4.25,0.97,0.8288329102,-2.8982586785,0.3710364838,-2.6972053722,0.4258174262,-3.1941953604,-0.0319790002,-2.9931420541,-0.0867599426,-2.496152066,0.0228019423,-3.4901320423,-0.4349944841,-3.289078736,-0.4897754266,-2.7920887478,-0.3802135417,-3.7860687242,-0.544556369,-2.2950987597,-0.8927909105,-3.0880254297,-0.947571853,-2.5910354415,-0.8380099681,-3.5850154179,-1.3505873369,-2.8869721234,-1.2958063945,-3.3839621116,-1.4053682794,-2.3899821353,-1.2410254521,-3.8809520998,-1.7536028209,-3.1829088053,-1.8083837634,-2.6859188171,-1.6988218785,-3.6798987935,False,null,null,423,None
0,randomseed,83,modified_value,i,x2.000000,from,1,simul_tick,425,-2,0.2077626532,-3.0678181952,0.2589617946,-2.4814018196,-2.1956478114,-3.6495342217,-1.1749838943,-3.8074767374,-0.4061482319,-2.5570302748,-2.6133589539,-3.2799894999,-1.5184569814,-3.6669125006,-0.6917468306,-3.0957264598,-3.077713704,-2.7303961043,0.1952829592,-1.3519113945,-1.833947497,-3.3315341661,-1.0093103659,-2.4974580344,-2.0523053486,-2.9780638375,-1.3684748507,-3.2152238087,-1.4853014059,-2.7997283039,-1.5262912438,0.5784695599,-2.3484923296,-2.4972134683,-2.6176694854,-2.8396180003,-1.8583375895,-2.4739915973,-2.9352393342,-2.2216032222,9.622,2.05,0.914,-3.45,-4.25,0.99,0.8854164203,-3.0045687797,0.4310446049,-2.795891389,0.4775105911,-3.2937276193,0.0231387757,-3.0850502286,-0.0233272105,-2.5872139984,0.0696047619,-3.5828864588,-0.3847670535,-3.3742090681,-0.4312330397,-2.8763728379,-0.3383010673,-3.8720452984,-0.4776990259,-2.3785366077,-0.8391388689,-3.1655316775,-0.8856048551,-2.6676954472,-0.7926728827,-3.6633679077,-1.2935106843,-2.9568542868,-1.2470446981,-3.454690517,-1.3399766705,-2.4590180566,-1.200578712,-3.9525267472,-1.7014165135,-3.2460131263,-1.7478824997,-2.7481768961,-1.6549505273,-3.7438493566,False,null,null,425,None
0,randomseed,86,modified_value,i,x2.000000,from,1,simul_tick,476,-2,-0.5318018625,-3.1354603815,-1.0581985623,-3.2505658857,-1.674080356,-3.8007500124,-1.6058484993,-3.2491444469,-1.4926910119,-2.2508781483,-2.7125897789,-3.6600440223,-2.8670991784,-3.1847823914,-1.3488361601,-2.7554594175,-1.9674471007,-2.4800018207,-1.1583838267,0.5767281247,-2.1660976241,-3.4234794752,-2.0160849669,-2.9080263081,-3.4221807113,-3.0520847769,-2.5653653094,-2.6565196999,-2.4391870146,-3.0690040259,-2.7607658208,-1.7829683075,-2.7078532071,-2.2903481494,-3.2276518368,-2.1297454631,-2.8329977573,-1.2932972945,-3.033941975,-2.7056279509,11.05,2.05,0.2,-3.45,-4.25,1.5,0.1052440444,-3.3504858851,-0.2250755798,-2.9751341223,-0.3849799297,-3.4488751896,-0.7152995539,-3.0735234267,-0.5553952039,-2.5997823594,-0.8752039038,-3.547264494,-1.205523528,-3.1719127312,-1.045619178,-2.6981716638,-1.3654278779,-3.6456537985,-0.8857148281,-2.2244305965,-1.5358431521,-2.7965609683,-1.3759388022,-2.3228199009,-1.695747502,-3.2703020356,-1.8661627763,-2.4212092054,-2.0260671262,-2.8949502727,-1.7062584263,-1.9474681381,-2.1859714761,-3.36869134,-2.3563867504,-2.5195985098,-2.1964824004,-2.0458574425,-2.5162911003,-2.9933395772,False,null,null,476,None
0,randomseed,87,modified_value,i,x2.000000,from,1,simul_tick,428,-2,0.155973095,-3.2668015156,-0.3823431622,-3.2611671855,-1.7948197878,-4.0550122836,-0.991055906,-3.6362536022,-0.3971192986,-2.6716296133,-2.6054806407,-3.7461644298,-1.5145410059,-3.5301516279,-0.9495463384,-3.0337826819,-2.4203756103,-2.9525356565,-0.9267016491,-2.3990270223,-2.0874553555,-3.7269905755,-1.5040894836,-2.9648196786,-3.3032866762,-3.1994511295,-2.2576932505,-3.3492244681,-2.8080094159,-3.2920262907,-1.6176165571,-2.3928400225,-2.8494625016,-2.8460056275,-1.946146651,-2.9585729839,-2.307850012,-2.4841495119,-3.3292360694,-2.6923867633,9.706,2.05,0.872,-3.45,-4.25,1.02,0.5795701081,-3.2484323019,0.1361329459,-3.0174269272,0.157795004,-3.516957462,-0.2856421582,-3.2859520873,-0.3073042164,-2.7864215525,-0.2639801,-3.7854826221,-0.7074172622,-3.5544772474,-0.7290793204,-3.0549467125,-0.6857552041,-4.0540077822,-0.7507413786,-2.5554161777,-1.1508544245,-3.3234718726,-1.1725164826,-2.8239413378,-1.1291923663,-3.8230024075,-1.5942915867,-3.0924664979,-1.5726295285,-3.5919970327,-1.6159536449,-2.5929359631,-1.5509674703,-4.0915275676,-2.0160666907,-3.360991658,-2.0377287489,-2.8614611232,-1.9944046326,-3.8605221928,False,null,null,428,None
0,randomseed,89,modified_value,i,x2.000000,from,1,simul_tick,422,-2,0.4376327971,-2.8309919702,-0.0765801348,-2.6468225289,-1.5949670732,-3.8291885429,-0.5754874651,-2.9188132132,-0.3823312764,-2.1457468465,-2.3917770075,-3.5143375021,-2.3965323781,-3.954962274,-1.0506016157,-3.3369378054,-2.8132184541,-3.2032429195,-2.1198911382,-2.3669618849,-1.2717895593,-2.846971392,-0.9347284888,-2.3053825813,-1.8058116339,-3.1787670019,-1.5031719239,-2.3339468796,-1.9167321841,-3.5742180192,-2.7459689852,-1.8364201173,-2.4680217856,-2.7677793955,-1.9479941206,-2.790432175,-2.6835418687,-2.3416498366,-2.2809862868,-3.1402526443,9.538,2.05,0.956,-3.45,-4.25,0.96,0.7817844619,-2.8195360246,0.3406941961,-2.5840803443,0.3573287284,-3.08380356,-0.0837615374,-2.8483478797,-0.1003960697,-2.348624664,-0.0671270051,-3.3480710954,-0.508217271,-3.1126154151,-0.5248518033,-2.6128921994,-0.4915827387,-3.6123386309,-0.5414863356,-2.1131689837,-0.9493075368,-2.8771597348,-0.9659420691,-2.3774365191,-0.9326730045,-3.3768829506,-1.3903978026,-2.6417040545,-1.3737632703,-3.1414272702,-1.4070323349,-2.1419808388,-1.357128738,-3.641150486,-1.8148535362,-2.9059715899,-1.8314880685,-2.4062483742,-1.7982190039,-3.4056948057,False,null,null,422,None
0,randomseed,92,modified_value,i,x2.000000,from,1,simul_tick,455,-2,-0.2061870324,-3.1307966677,-1.2097979911,-2.9078437512,-0.7954053881,-2.4374185218,-1.8255420402,-3.7147825168,-0.688989293,-2.9274379691,-2.5070393064,-2.30423116,-2.9535583669,-3.1349244082,-1.9649270215,-3.2512908169,-2.4479357875,-2.7013409241,-1.4029482809,-2.2324033081,-3.3044555468,-2.1916165017,-2.841956498,-2.5874847491,-1.9777757316,-2.8070325162,-2.8210831293,-2.0031164194,-3.3237093705,-2.7403285247,-1.7367711501,0.6082026401,-2.8099206708,-1.5287971643,-3.662454961,-1.2384698161,-3.0055471708,-0.8929833499,-3.2930577508,-1.6020090746,10.462,2.05,0.494,-3.45,-4.25,1.29,-0.0040997621,-3.1650492217,-0.3892458959,-2.8462037174,-0.4728011356,-3.3391728056,-0.8579472694,-3.0203273013,-0.7743920297,-2.5273582131,-0.9415025091,-3.5132963895,-1.3266486429,-3.1944508853,-1.2430934032,-2.7014817971,-1.4102038826,-3.6874199735,-1.1595381635,-2.2085127088,-1.7117947767,-2.875605381,-1.628239537,-2.3826362928,-1.7953500164,-3.3685744692,-2.0969409105,-2.5567598767,-2.1804961502,-3.0497289649,-2.0133856709,-2.0637907885,-2.2640513899,-3.5426980531,-2.565642284,-2.7308834606,-2.4820870444,-2.2379143724,-2.6491975237,-3.2238525488,False,null,null,455,None
0,randomseed,97,modified_value,i,x2.000000,from,1,simul_tick,430,-2,0.1230251949,-3.4191175513,-0.3344047797,-2.6275143331,-1.4933904728,-3.8386944657,-0.8658839625,-3.4881956113,-0.40064176,-3.1250215755,-2.4424348118,-3.5714632231,-1.4470820329,-3.2814579821,-0.9070668596,-2.8902438904,-2.8678724868,-3.28616579,-0.4663139992,-2.0711926235,-1.9593014944,-3.3765701788,-1.0311057538,-2.3058947594,-2.2077185637,-3.03219128,-1.4857656436,-2.7337466952,-1.9057289682,-2.6265716319,-2.735741833,-1.9173033008,-3.3376542968,-2.7517415442,-2.6501239454,-2.8265659974,-2.3820439649,-2.4026505473,-2.9029476135,-2.4246713887,9.762,2.05,0.844,-3.45,-4.25,1.04,0.6172891281,-3.5730603406,0.2782070683,-3.205605096,0.1295225217,-3.682986396,-0.2095595381,-3.3155311514,-0.0608749914,-2.8381498514,-0.3582440848,-3.7929124514,-0.6973261445,-3.4254572069,-0.5486415978,-2.9480759069,-0.8460106912,-3.9028385069,-0.3999570512,-2.4706946069,-1.0364082043,-3.0580019623,-0.8877236576,-2.5806206623,-1.1850927509,-3.5353832623,-1.375490264,-2.6905467177,-1.5241748107,-3.1679280177,-1.2268057174,-2.2131654178,-1.6728593573,-3.6453093177,-1.8632568704,-2.8004727732,-1.7145723238,-2.3230914732,-2.0119414171,-3.2778540732,False,null,null,430,None
0,randomseed,100,modified_value,i,x2.000000,from,1,simul_tick,429,-2,0.8697152663,-2.7019875579,0.1331674452,-2.7302909297,-1.2005719379,-3.3217006364,-1.1459082436,-3.7787694238,-0.2562026414,-2.2480967346,-1.4782158416,-3.019731266,-2.1030377631,-3.128967259,-0.5723443806,-3.2797453734,-0.7661478622,-2.3697377217,-0.486995569,-1.6836246923,-1.9557519991,-3.5848686414,-0.6703160742,-2.7897466442,-1.2255198047,-2.2878581095,-1.1238509239,-2.6986722582,-2.2979184152,-2.7261315527,-2.7723782371,-1.7630237245,-1.6283269616,-2.3446608634,-1.8409149527,-2.7209100737,-2.5409503336,-2.3485613135,-2.8528562067,-2.7969971474,9.734,2.05,0.858,-3.45,-4.25,1.03,1.08585647,-2.7157569275,0.6696139077,-2.4387332295,0.6378256288,-2.9377217116,0.2215830665,-2.6606980135,0.2533713453,-2.1617095314,0.1897947877,-3.1596864957,-0.2264477747,-2.8826627976,-0.1946594958,-2.3836743154,-0.2582360535,-3.3816512798,-0.162871217,-1.8846858333,-0.642690337,-2.6056390995,-0.6109020582,-2.1066506174,-0.6744786158,-3.1046275817,-1.0589328993,-2.3286154014,-1.0907211782,-2.8276038836,-1.0271446205,-1.8296269193,-1.122509457,-3.3265923658,-1.5069637405,-2.5505801855,-1.4751754617,-2.0515917034,-1.5387520193,-3.0495686677,False,null,null,429,None
0,randomseed,101,modified_value,i,x2.000000,from,1,simul_tick,470,-2,-0.4500299666,-3.3708504704,-0.653216334,-2.8780795745,-1.7025998715,-4.0381676398,-1.1392338758,-3.8479431887,-1.178444122,-2.7210018582,-2.1555351546,-3.860533098,-3.2934773298,-3.5842944177,-1.224738019,-3.3199947662,-1.684650044,-3.1657992736,-2.0085866496,-2.8067308592,-2.6148938265,-4.0293333993,-2.7406424981,-3.4984063306,-1.7698573193,-3.6072574203,-3.2625977131,-3.1426205914,-2.8519523442,-3.0091248211,-2.6594318076,-2.3942640134,-2.3090593315,-3.3621282167,-3.7500773561,-2.8197092896,-2.4472909614,-2.8451055839,-3.2014486154,-2.6666291046,10.882,2.05,0.284,-3.45,-4.25,1.44,0.231379676,-3.2193471442,-0.245570908,-3.0692866884,-0.1370517828,-3.5573682384,-0.6140023669,-3.4073077826,-0.7225214921,-2.9192262326,-0.5054832417,-3.8953893326,-0.9824338257,-3.7453288769,-1.0909529509,-3.2572473268,-0.8739147005,-4.2334104269,-1.1994720761,-2.7691657768,-1.4593844097,-3.5952684211,-1.5679035349,-3.1071868711,-1.3508652845,-4.0833499711,-1.9363349938,-3.4452079653,-1.8278158686,-3.9332895153,-2.044854119,-2.9571264153,-1.7192967434,-4.4213710653,-2.3047664526,-3.7832290595,-2.4132855778,-3.2951475095,-2.1962473274,-4.2713106095,False,null,null,470,None
0,randomseed,107,modified_value,i,x2.000000,from,1,simul_tick,459,-2,-0.1722690947,-2.9589061269,-1.0055766838,-2.915908775,-2.772103333,-3.7566298366,-1.9222239844,-3.6469402066,-0.8932249692,-2.3072206332,-2.2331790005,-3.0536646314,-3.0364048038,-2.8885550196,-1.5450882693,-3.3457171381,-2.0796443748,-2.6509117296,-1.5202966643,-2.3302886305,-2.885260222,-3.3086030329,-2.5931748888,-2.7268830396,-1.7850860603,-3.0274477729,-3.2078879084,-2.4968504133,-2.4213123573,-3.4372531609,-2.4228023389,-2.3344702399,-2.8081937,-1.92001209,-3.7139078132,-2.3780412151,-2.8248399785,-2.3354901266,-3.503666238,-1.8438711364,10.574,2.05,0.438,-3.45,-4.25,1.33,0.1310104217,-2.9526000021,-0.3071058578,-2.7116557644,-0.2967115487,-3.2115477111,-0.7348278282,-2.9706034735,-0.7452221373,-2.4707115268,-0.7244335191,-3.4704954202,-1.1625497986,-3.2295511825,-1.1729441077,-2.7296592359,-1.1521554895,-3.7294431292,-1.1833384168,-2.2297672892,-1.6006660781,-2.9886069449,-1.6110603872,-2.4887149983,-1.590271769,-3.4884988916,-2.0387823576,-2.7476627073,-2.0283880485,-3.247554654,-2.0491766667,-2.2477707606,-2.0179937395,-3.7474466006,-2.466504328,-3.0066104164,-2.4768986371,-2.5067184697,-2.456110019,-3.506502363,False,null,null,459,None
0,randomseed,110,modified_value,i,x2.000000,from,1,simul_tick,414,-2,0.6024488063,-2.8273781411,-0.3517228734,-2.7579343284,-1.7010600009,-3.3760289757,-1.2014143984,-3.5968591467,-0.2531055218,-2.1408489915,-1.2118063373,-2.6522733443,-2.1706122354,-2.7668985973,-0.7739823624,-2.9339518852,-0.6642183663,0.4923323996,-1.0330482846,0.5563350594,-1.2431592084,-3.1064465596,-0.9221090874,-2.0996202919,-1.6515058961,-2.3767249079,-2.2012328808,-3.2529964424,-3.1005410884,-2.994853997,-1.6942180777,-2.8303868427,-2.7007317753,-2.7151174132,-3.0993188555,-2.5174474259,-2.3763469778,-2.3659681704,-2.741593466,-2.2022196069,9.314,2.05,1.068,-3.45,-4.25,0.88,0.8483096335,-2.8232348518,0.4111459601,-2.580566513,0.4195708507,-3.0804955292,-0.0175928227,-2.8378271903,-0.0260177133,-2.3378981742,-0.0091679321,-3.3377562065,-0.4463316055,-3.0950878677,-0.4547564961,-2.5951588515,-0.4379067149,-3.5950168839,-0.4631813867,-2.0952298353,-0.8834952789,-2.8524195289,-0.8919201695,-2.3524905127,-0.8750703883,-3.3523485451,-1.3206589523,-2.6097511901,-1.3122340617,-3.1096802062,-1.3290838429,-2.1098221739,-1.3038091711,-3.6096092224,-1.7493977351,-2.8670118674,-1.7578226257,-2.3670828512,-1.7409728445,-3.3669408836,False,null,null,414,None
0,randomseed,113,modified_value,i,x2.000000,from,1,simul_tick,422,-2,0.6872834984,-2.7202142364,0.2135301788,-2.2178346089,-0.8922095858,-2.6980941116,-0.4925383055,-2.2146137845,-0.1589886514,-2.6890345778,-2.5371272527,-3.2782910794,-1.8944944222,-3.0394708113,-0.6240007786,-3.1654266483,-2.658668868,-2.5717992363,-2.6639680294,-1.6576748099,-1.4086777803,-2.8887586746,-1.1370082006,-2.0967491694,-3.1524812441,-2.07478395,-1.5776717303,-2.3905334843,-2.9859810239,-2.9055740028,-1.9959428023,-2.4308951663,-2.3715229952,-2.3255901366,-2.3729954612,-2.845297766,-2.775553464,-1.2105819087,-2.7135344845,-2.1009222947,9.538,2.05,0.956,-3.45,-4.25,0.96,0.6749380526,-2.7202553601,1.1087811181,-2.96881158,1.1071155861,-2.468814354,1.5409586516,-2.717370574,1.5426241837,-3.2173678,1.5392931196,-2.217373348,1.9731361851,-2.4659295679,1.9748017172,-2.9659267939,1.9714706531,-1.9659323419,1.9764672493,-3.4659240199,2.4069792507,-2.7144857878,2.4086447828,-3.2144830138,2.4053137186,-2.2144885618,2.8408223163,-2.9630420077,2.8391567842,-2.4630447817,2.8424878483,-3.4630392337,2.8374912521,-1.9630475557,3.2729998498,-2.7116010016,3.2746653818,-3.2115982276,3.2713343177,-2.2116037756,False,null,null,422,None
0,randomseed,114,modified_value,i,x2.000000,from,1,simul_tick,409,-2,0.7703771055,-2.7618461303,-0.0493675323,-2.6188772286,-1.9501604853,-3.3916477308,-1.2225504457,-3.3898652067,-0.0951347673,-2.0110864724,-1.1963437282,-2.3493512843,-2.6205358121,-3.0069160262,-0.6796715516,-2.4537000579,-1.8945246527,-2.2833834761,-0.8900584403,-1.8117042911,-1.552949058,-3.0320356155,-1.0662270063,-2.8093038703,-2.2125613856,-2.9800079949,-1.611436234,-2.5933908863,-2.9380138663,-2.5793137728,-2.0423143348,-2.6372590461,-2.6305676681,-2.2389175958,-2.4598497887,-2.5958377649,-2.8105206193,-1.5164545365,-3.0491852247,-2.0336572021,9.174,2.05,1.138,-3.45,-4.25,0.83,0.8020728637,-2.7611843165,0.3639356119,-2.5202782175,0.3743734361,-3.0201692575,-0.0637638157,-2.7792631584,-0.0742016399,-2.2793721185,-0.0533259915,-3.2791541984,-0.4914632433,-3.0382480994,-0.5019010676,-2.5383570594,-0.4810254191,-3.5381391393,-0.5123388918,-2.0384660195,-0.9296004952,-2.7973420003,-0.9400383194,-2.2974509604,-0.9191626709,-3.2972330403,-1.367737747,-2.5564359013,-1.3572999228,-3.0563269413,-1.3781755712,-2.0565448614,-1.3468620985,-3.5562179812,-1.7954371746,-2.8154208423,-1.8058749988,-2.3155298023,-1.7849993504,-3.3153118822,False,null,null,409,None
0,randomseed,117,modified_value,i,x2.000000,from,1,simul_tick,390,-2,0.6710987992,-3.1063777905,-0.4901103434,-3.0152429477,-0.2955862458,-3.6168269967,-1.7928224457,-3.2294988484,-0.0917026729,-2.5043630675,-2.4416818993,-3.0599022679,-2.8132888964,-3.1746895147,-1.4972617526,-3.6520296683,-2.7842339064,-2.2100774013,-0.8638932956,0.5800939026,-1.2315318569,-3.1320138933,-0.8326415809,-2.514461685,-1.9514202527,-2.7901334202,-1.3924148554,-2.6118370204,-2.8411683555,-3.6892406402,-1.5936555783,0.5840911543,-2.3743614141,-2.3627242652,-2.3877553986,-3.4973974481,-2.4368698591,-2.7222399701,-2.9201504997,-2.733909925,8.642,2.05,1.404,-3.45,-4.25,0.64,0.7487366259,-3.1021159425,0.3026720015,-2.8762258124,0.3300777226,-3.3754741739,-0.1159869018,-3.1495840439,-0.1433926229,-2.6503356824,-0.0885811807,-3.6488324054,-0.5346458051,-3.4229422753,-0.5620515262,-2.9236939139,-0.5072400839,-3.9221906368,-0.5894572473,-2.4244455524,-0.9807104295,-3.1970521453,-1.0081161506,-2.6978037838,-0.9533047084,-3.6963005068,-1.4267750539,-2.9711620153,-1.3993693328,-3.4704103768,-1.454180775,-2.4719136538,-1.3719636116,-3.9696587382,-1.8454339572,-3.2445202467,-1.8728396783,-2.7452718852,-1.8180282361,-3.7437686082,False,null,null,390,None
