-0.9584349261,-3.6750818498,-1.2995556712,-3.7515818398,-1.580372325,-4.2104110212,-1.6770969135,-3.9107115088,-1.3641940418,-3.4194901984,-2.4033299129,-4.3952142138,-2.0380207399,-4.330151358,-1.6711748328,-3.6025330787,-2.3394532524,-3.5845095901,-1.6484086812,-3.2339788457,-2.0890594097,-4.0333013723,-1.9331528775,-3.4789889547,-3.018478432,-4.3193497527,-2.3906060588,-4.0782133223,-2.9054998375,-3.9854248627,-2.2508488326,-3.8090934911,-3.1797895301,-4.0453467678,-2.783247384,-3.6746329915,-2.696266522,-4.2001101022,-2.6025878113,-3.952488188
-0.7897267692,-3.2932850968,-0.9685901266,-3.035752782,-1.1974376072,-3.5763044229,-1.7235547116,-3.5362022296,-1.2901100048,-2.9490202713,-2.2253995445,-3.8465927849,-2.1649625151,-4.1024835578,-1.4426240276,-3.2860882659,-2.5583745195,-3.7234936984,-2.8946130237,-3.1783032722,-1.9622794984,-3.3831569394,-1.7109680383,-3.184318854,-1.9444205835,-3.7257366394,-1.7618290401,-2.9080030691,-2.6343566451,-3.9700500531,-2.0319745046,-2.960687126,-2.6241641017,-3.4717462024,-2.2671971849,-3.591472496,-2.4356605645,-3.0639088668,-2.3005843358,-3.3597060892
-1.0765139635,-3.442160288,-1.1021115395,-3.1216094348,-2.0538273689,-4.1076330062,-1.6489126725,-3.7064476669,-1.4244362502,-3.1267641999,-2.5430633457,-4.0951603177,-2.1157308601,-3.8371585277,-1.7098124602,-3.3876659306,-2.789946131,-3.9308233825,-2.0975135512,-3.0428661787,-2.2524715256,-3.6272360956,-1.7926717713,-3.0918392657,-2.4964755162,-3.7997872673,-2.0090520174,-3.4407722037,-2.2266119706,-3.3643217793,-2.6882008696,-3.2179039612,-3.0156876462,-3.7172493274,-2.4851852402,-3.4716287815,-2.3834520036,-3.0833257748,-2.7005501578,-3.6148662123
-0.8880410014,-3.5913604118,-0.6980633109,-3.2991458963,-1.4472305912,-3.9444910068,-1.2257951786,-3.6132992511,-1.0081985283,-3.2552877097,-1.8039291264,-3.8500561144,-2.1164580355,-4.1544276196,-1.5547923762,-3.5843946664,-2.8812077381,-3.6184851693,-1.2402037322,-3.0222477837,-2.4297502709,-4.0038546034,-1.4748073859,-3.2644297004,-2.7730049834,-3.9262410008,-2.2362890604,-3.6576829873,-2.0869886466,-3.8872165171,-1.7672896673,-3.3190285633,-2.3534970849,-3.4710598426,-2.479096102,-3.7464100198,-2.0269358524,-3.3287913889,-2.6012054299,-3.5232230105
-0.7407058772,-3.4510648339,-1.0909872707,-3.4089627941,-1.3986070882,-3.8670046075,-1.449007582,-3.5425068557,-1.4389361733,-2.9061665869,-1.7234644106,-3.4795220705,-2.110597865,-3.9036263488,-1.4803575162,-3.2229617679,-2.7069412257,-3.459639723,-1.1506066379,-3.0649252299,-2.548215339,-3.8891072177,-1.911051876,-3.1316293814,-2.9172885736,-3.6077974573,-2.264960218,-3.6665708336,-1.8161012239,-3.7504065675,-2.3580115721,-3.0440228373,-2.5433717804,-3.2629268877,-2.5948541966,-3.6575043754,-2.8648556209,-3.2333038607,-2.3023894694,-3.4351925917
-1.8596700398,-3.6037787861,-1.7975414102,-3.2672257862,-2.5676448947,-4.0068274458,-2.3155670307,-3.7741037111,-2.1612272849,-3.2737110312,-2.7636219143,-4.2932013271,-3.0746007576,-4.3803614698,-2.4256916161,-3.4821153464,-3.2097080513,-4.1673855971,-2.5198807652,-3.1648722437,-2.6644125136,-3.701934086,-2.7462094135,-3.3737471351,-2.8739633793,-4.0212617398,-3.6351240578,-3.8846324282,-2.9498759526,-3.7323913717,-3.1633898598,-3.7632672665,-3.385574177,-4.0307193439,-3.7146537812,-3.6064078204,-3.4739622272,-3.3305328455,-3.1722972438,-3.5246246647
-1.1046267497,-3.467503276,-1.3041875817,-3.1529660112,-2.1651535483,-3.8791933968,-1.8240924216,-3.4075106459,-1.8073599629,-3.6698813196,-2.612566091,-3.9840044525,-2.1920948805,-3.560741317,-1.5099501961,-3.4309864695,-2.9722042269,-3.5402370685,-1.741718832,-2.9337062156,-2.6372548803,-3.7044496349,-1.9865836646,-3.1675066382,-3.0871306241,-3.8497072637,-2.4665920759,-3.4381113869,-2.8611333704,-3.7562373411,-2.2579976545,-3.0162894048,-3.1429683301,-3.3526313059,-2.7292727107,-3.4989892831,-2.5254750172,-3.1431794158,-2.7582245726,-3.2789116852
-1.4905456649,-3.5751491442,-1.9700140529,-3.5239883342,-2.5496335539,-3.7689266623,-2.2839349458,-3.5070768965,-1.7824860954,-3.1793798042,-3.2065388888,-3.6898439083,-2.8533313388,-3.6644768092,-2.1233454306,-3.194289734,-3.7142964932,-3.4405343107,-2.5862583577,-3.1443755023,-3.0476811391,-3.4443371817,-2.5746624895,-3.4334453674,-3.5016622643,-3.2552734681,-2.7916734854,-3.2760136595,-3.2775116688,-3.2161907431,-3.2270149018,-2.803947385,-3.8947927191,-2.9242806901,-3.3679229983,-3.0248148868,-3.0147563227,-3.187546893,-3.5713548471,-2.8812713602
-0.7927672926,-3.4273444161,-0.9075337225,-3.160950256,-1.8521059781,-3.9838873487,-1.4570161138,-3.8315254518,-0.7370487797,-2.8727794377,-2.2254434542,-4.1787765564,-1.5539260691,-3.5429117844,-1.1960285145,-3.5165422654,-2.4088032982,-3.7109724636,-1.1558905055,-2.8780810803,-1.8194549726,-3.6698222971,-1.2859911674,-3.2059286219,-2.5414007291,-4.0494231053,-1.8353737773,-3.3712466853,-2.1827553927,-3.9078076794,-1.5659022758,-3.0363351685,-2.6919482667,-3.7853591405,-2.1109388074,-3.646821897,-1.9183332199,-3.070534136,-2.197344921,-3.4060912005
-0.8150744222,-3.4948725032,-1.1548859549,-3.4761863278,-2.0895687127,-4.0291745383,-1.565262261,-3.7539449627,-1.2900384175,-3.1432480907,-2.609458587,-3.9459676361,-2.0610358811,-3.7370970375,-1.6418893406,-3.4394142047,-2.8019495534,-3.487256921,-2.4320578804,-3.0865637578,-2.1851350758,-3.4806654838,-1.8282614102,-3.1605527144,-3.0231894137,-3.7028814217,-2.4972847318,-3.6550001467,-2.7762094685,-3.7294099383,-2.1560051723,-3.1674049061,-3.3436292595,-3.3817414884,-2.526248757,-3.3952832848,-2.7580126478,-3.2159162964,-3.0311805083,-3.3985151767
-1.4634737945,-3.6363098153,-1.776398512,-3.5891022861,-2.1322710502,-4.0472286251,-2.5817370883,-4.1359973838,-1.8779190435,-3.2439877631,-3.0515689925,-3.9587197865,-2.6860191363,-3.9203085112,-2.2958584172,-3.791632665,-3.3608546475,-3.6419818945,-3.0273252517,-3.1615394961,-2.3781058882,-3.54739002,-2.3382369814,-3.2411030013,-2.6913906279,-3.6864913261,-2.6423613789,-3.4074635287,-3.1121818406,-3.7479940413,-2.3910322095,-2.948823586,-3.5134129816,-3.3589435825,-3.0739619549,-3.5449961183,-2.8593818021,-3.3681128298,-3.18130521,-3.3999299138
-1.3194406603,-3.3608057724,-1.6583259141,-3.3753247326,-1.7936430516,-3.7809785426,-2.0321365261,-3.5648799157,-1.7112576206,-2.9634020699,-2.7048934263,-3.9458434617,-2.3192296081,-3.833410984,-1.9406047209,-3.2139257006,-3.0576704073,-4.0410974685,-2.3517236326,-2.9983339427,-2.5327534704,-3.6450860139,-2.2549146549,-3.3105489658,-3.3340030331,-3.8639851143,-2.5178469939,-3.3690578316,-2.9298950653,-3.7499617396,-2.6857530063,-3.1750138142,-3.2789082907,-3.4346876602,-2.9498461248,-3.2398314538,-2.8052986364,-3.4592314411,-3.1220755382,-3.6746978365
-1.9935675432,-3.5279668141,-2.0503653933,-3.1576490112,-2.490064804,-3.7946170575,-2.5669282086,-3.3921798373,-2.4644944562,-3.0702056857,-2.2814533771,-3.3644421738,-2.9189611581,-3.8183407524,-2.2997937854,-3.6357867305,-2.7846494351,-3.313703739,-2.7338989529,-3.5382563223,-3.3575537868,-3.6772816465,-2.9802130166,-3.4637280331,-3.467775275,-2.9567288661,-3.2462244947,-3.3857499987,-3.6474312361,-3.6208249539,-3.0182063481,-3.1928983097,-3.2247769583,-3.1516320226,-3.5691810113,-3.3739085567,-3.4296604181,-3.1419928231,-3.8232322894,-3.3729044297
-1.4623397427,-3.1790293292,-1.2400784404,-3.3107593766,-1.5663332678,-3.4823422274,-2.0871179794,-3.6171224568,-1.8946402847,-2.8801124045,-2.5320732742,-3.601363872,-2.3928052379,-3.8582536682,-2.0311789136,-3.2100411045,-3.0236198986,-3.5340136119,-2.2617004974,-2.6584553626,-2.3155313062,-3.4956306235,-2.3080891823,-2.9693688497,-2.439561378,-3.2970680328,-2.7917770883,-3.6894773045,-3.115801634,-3.7856349181,-2.6670013285,-3.1367147135,-3.2679188487,-3.4030609081,-2.7589406392,-3.4180813355,-3.2721133858,-3.0290129826,-2.9483594375,-3.2479997488
-1.1302074641,-3.4401365206,-1.2768650654,-3.149115497,-1.9375300736,-3.8088002205,-1.5574791725,-3.6280768577,-1.5801570274,-3.2274658255,-2.5810735887,-4.1326804501,-2.2385849514,-3.9845727051,-1.8468822694,-3.4482022426,-2.7544771771,-3.5989276088,-1.8726566492,-3.0509398218,-2.8471838632,-4.1019078403,-2.138917775,-3.4336598962,-2.9279131438,-3.8458403608,-2.4262963657,-3.738999063,-2.670160463,-3.8581596915,-2.2811929274,-3.1086177248,-3.172397081,-4.0159363497,-2.5865515063,-3.2418672248,-2.4807069529,-3.475089554,-3.1478845537,-3.6616212336
-0.8614724791,-3.5368352789,-0.9107603929,-3.2170297512,-2.0267431184,-4.0698579662,-1.5098509909,-3.9404244258,-1.2414205642,-3.2000865632,-2.6590513417,-4.0795635388,-1.7139722311,-3.759469273,-1.4377479744,-3.5063895363,-2.8843109718,-3.7754531984,-1.5844050262,-3.196861128,-2.1651089008,-3.8176292855,-1.8486803909,-3.4441108596,-2.3482002703,-3.3471816174,-2.4019977132,-3.9022185025,-2.5950728269,-3.8027921568,-1.7965984021,-2.9488032174,-2.6190980016,-3.543243457,-2.2236174929,-3.5664945742,-2.0367631713,-3.1877226102,-2.3887640517,-3.6755487946
-1.6224817012,-3.8090583527,-1.6818999055,-4.0680095885,-2.2522310758,-4.3183317762,-1.9989966559,-3.9537679525,-1.9163673798,-3.5359058762,-2.5273591314,-4.5186764307,-2.4893105924,-4.1770483104,-2.300556155,-3.8602545439,-3.1070488509,-4.3342566277,-2.3135215886,-3.2827472476,-2.938337943,-4.5731370454,-2.4441028324,-3.5840642515,-2.7773508513,-4.32416088,-2.7325012727,-4.059383102,-3.3584621763,-4.3315990806,-2.7276966184,-3.8122029239,-2.774769245,-3.6184989377,-3.0506473913,-3.6941290028,-3.0110248572,-3.978958014,-3.359058622,-4.0299926257
-0.8964272168,-3.1419193032,-1.2374326106,-3.3153768563,-1.330291353,-3.6861928201,-1.4869907427,-3.384946372,-1.3865478256,-2.7908370984,-2.1030483053,-3.951072647,-1.947742526,-4.1694291246,-1.5587893661,-3.0776854991,-1.9518042888,-3.3030513606,-1.8019794598,-2.817376337,-2.029194211,-3.5556800669,-1.7680180559,-3.7085751948,-2.259825936,-3.7643982555,-1.7495252926,-3.4359750801,-2.5346940482,-3.7757854046,-2.1873008782,-2.9568076411,-2.3902799637,-3.5660789923,-2.3783526009,-4.000349479,-2.3070322834,-3.3038516662,-2.675564169,-3.5149581452
-0.8199059375,-3.4453463446,-0.5711764532,-3.1472199485,-1.8071764657,-3.9843720445,-1.4844324492,-3.6986253168,-0.9109883475,-3.1090742545,-2.442659865,-4.0724190741,-2.090392085,-4.0707735838,-1.17335016,-3.4229071496,-2.4838659516,-3.553348601,-1.2248919304,-3.0322111708,-2.1030794154,-3.803899764,-1.4841053964,-3.3244790476,-2.4107826172,-3.8140386206,-1.7612445359,-3.6923198228,-1.8567213809,-3.4604751464,-1.5660729126,-2.9856917937,-2.748829944,-3.6320505385,-2.1610000982,-3.5758923353,-1.8948781391,-3.1550057773,-2.2402062231,-3.3355124839
-0.4679346211,-3.8899379557,-0.7091325504,-3.6756864687,-1.7195553989,-4.4931361601,-1.2645164641,-4.0616514119,-0.8868922377,-3.9449957131,-2.4795475755,-4.3316679554,-1.7572196775,-4.2197149476,-1.0820453864,-3.7207498264,-2.5766998787,-4.0814487778,-1.1602869254,-3.3817861041,-2.1099606107,-4.2331028589,-1.3970293425,-3.7012904232,-2.3126156501,-4.0538692406,-1.7624251033,-3.9459219131,-2.0409917278,-3.9160977486,-1.6114304449,-3.3771649877,-2.8352367442,-3.9136302295,-1.7383578469,-3.6771717283,-2.0173993621,-3.5778141572,-2.4205131227,-3.7984927781
-1.2377946576,-3.6950407069,-1.1233043849,-3.3774138997,-2.0576460883,-4.0423592832,-1.6505201634,-3.9327904726,-1.4264011943,-3.4341416143,-2.3894677282,-3.863685604,-2.3915308919,-4.1524547657,-1.8933748626,-3.7237446178,-3.2385153388,-3.8374849082,-1.6745793775,-3.2109175158,-2.7923555856,-4.0676722446,-2.0241387139,-3.4530444074,-2.6138952764,-3.3688661523,-2.7518726718,-3.7954839761,-2.8379604378,-3.5658719754,-2.2196621808,-3.1991923927,-3.2221671002,-3.5765092807,-3.0717975575,-3.3068323677,-2.5072712999,-3.6132792722,-3.4365728533,-3.4124981066
-1.2072572525,-3.4344511014,-1.5570409755,-3.1324716089,-1.3659904614,-3.7192160099,-1.9804559972,-3.6185430956,-1.7638552894,-3.3452118468,-2.5628065589,-3.9873208036,-2.2433064752,-3.4691876789,-1.8635112657,-3.0596031284,-2.8933061552,-4.0150516555,-3.1784559986,-2.9171760291,-2.2698899599,-3.7523535347,-2.107713123,-3.1421154686,-2.8179778247,-3.4910686593,-2.3832882358,-3.174628977,-2.52717373,-3.7243327799,-2.8076515454,-3.2036102076,-2.5823471447,-3.491978936,-3.0649882979,-3.5255798257,-3.11979966,-3.2247569196,-2.8163421721,-3.759907754
-1.0170039056,-3.1050737698,-1.1204510242,-3.3589251751,-1.534884448,-3.5225299366,-1.4100032264,-3.1864378044,-1.5441018331,-2.7231045649,-2.0496664239,-3.5434963149,-2.0578299044,-3.8176565571,-1.675725397,-3.0226689402,-2.6532030206,-3.806453459,-1.9457942087,-2.7466525827,-2.0216821213,-3.0719548841,-1.9021077563,-3.2813426531,-2.8202318071,-3.5819479093,-2.3565295208,-3.5838507775,-2.5286963589,-3.2897902372,-2.2639273133,-2.955652256,-2.9173287052,-3.3173795592,-2.5614953571,-3.5102907803,-2.2741817648,-3.2638649976,-2.4927010691,-3.0295207436
-1.6689556506,-3.2978292243,-1.9472332516,-3.2625040476,-2.0115309367,-3.6120185527,-2.3958881172,-3.5645831767,-2.1061514996,-2.9371671779,-2.9840476171,-3.6613564086,-3.0769237617,-3.8825938611,-2.2319149682,-3.2478016611,-3.294366584,-3.4894572784,-2.4566348384,-2.8563335323,-2.7197362028,-3.3787278414,-2.5029137085,-3.1322611706,-2.9877467989,-3.2340049549,-2.772254389,-3.8296678336,-2.745938293,-3.5846979433,-3.2714857696,-2.7187733114,-3.4998147773,-3.1919162709,-2.7548384103,-3.166151167,-3.2840555139,-3.0477488086,-3.0264418229,-3.4603843583
-0.4457145603,-3.2405317918,-0.9120588432,-2.9159736081,-1.5678146944,-3.6753633354,-1.2847370638,-3.8357298595,-0.7761884517,-3.2123740834,-1.9756672631,-3.9733039065,-1.2845776633,-3.5384357832,-1.1048006376,-3.1967118641,-2.2389689526,-3.9818430352,-1.2662593416,-2.8387171352,-1.74704226,-3.3928517047,-1.4513160591,-3.2802263934,-2.3032264611,-3.6927496114,-1.5614924131,-3.0328340077,-1.942837657,-3.6773917621,-1.8271685666,-2.801765266,-2.6045609567,-3.6951453692,-2.0268409473,-3.3958228259,-2.0169320592,-3.0695342406,-2.2821739114,-3.4049570382
-0.7838551689,-3.4131271804,-1.0573267535,-3.2354543597,-1.6946014375,-3.6823453213,-1.3144636119,-3.4734771039,-1.3353256008,-3.0917984173,-2.4100533627,-3.6223065828,-2.2434539536,-3.9084295403,-1.753313201,-3.2833407334,-2.5978356888,-3.4907968765,-1.6543425612,-2.9130089891,-2.6814051422,-3.6851056053,-2.024516311,-3.4119001535,-2.2047648965,-3.4123526585,-2.5002315894,-3.8737937164,-2.2013639941,-3.6480397235,-2.1110416425,-2.9748689005,-3.0084111877,-3.4061421298,-2.4729223349,-2.9987126603,-2.390320507,-3.2441639881,-2.6809738939,-3.2732724124
-0.471662481,-3.0167071196,-0.9103796367,-2.6088217603,-1.2391619873,-3.5040432217,-1.0715279031,-3.1965757409,-0.8920372184,-2.8979068615,-1.6126953071,-3.6913720858,-2.1207941232,-3.6982292401,-1.3358210644,-3.1779828634,-1.8122147004,-3.4649220027,-1.2391941146,-2.5393336781,-1.3502782375,-2.874915217,-1.5919523512,-3.0340046938,-2.4450085754,-3.6836041362,-1.700037138,-2.7415307664,-2.1240742856,-3.4075451688,-2.7158840726,-3.1676640117,-2.5393988059,-3.4318848972,-1.8854050632,-3.098013895,-3.2371430384,-2.853087199,-2.228465981,-3.1482178555
-1.6183782006,-3.260037159,-1.8887398564,-3.1536220411,-2.0831452804,-3.5911140378,-2.5766899013,-3.7713247374,-2.2049144093,-2.9814137439,-2.5462683658,-3.5083645853,-2.8381456268,-3.7778393746,-2.3217911252,-3.3096436458,-2.7629389385,-3.2783510072,-3.2136028731,-2.7478724988,-3.3346449034,-3.7616006667,-2.5239122285,-3.0757055188,-3.1363997301,-3.3422155301,-2.8289199614,-3.4835622539,-3.38714012,-3.5201947333,-3.0778291724,-3.1290231965,-3.0944061316,-3.8950289951,-3.1469620701,-3.5632793485,-3.3118919401,-3.056127394,-3.5592733336,-3.3461442665
-0.775982171,-3.2905514382,-1.0122925351,-2.9151074906,-1.5944069182,-3.5489362247,-1.420345534,-3.7969950982,-1.1782950255,-3.1794857942,-2.1221065687,-3.7041257193,-2.1772882591,-3.9796736778,-1.4823430729,-3.2622742297,-1.9898848659,-3.2432360887,-1.7013220577,-2.9317471727,-1.8606020611,-3.7358585824,-1.7116485556,-3.2275389041,-2.5322938539,-3.6688917191,-1.9748473512,-3.4671416847,-2.5498450812,-3.9465605762,-1.9661262791,-2.8780832191,-2.8832013097,-3.6944925408,-2.3205653309,-3.4174133774,-2.2841403071,-3.0689775595,-2.602644991,-3.3950580627
-1.3603379543,-3.8554963898,-1.8239761937,-3.6314347054,-2.2296115386,-4.1175676795,-2.6764568758,-3.789196523,-1.3845655962,-3.554235902,-3.1066965437,-3.6784823762,-2.6266908221,-4.0432288946,-1.8599808629,-3.9389696118,-2.8938632289,-4.0164305607,-1.5626907407,-3.2851992652,-2.184089844,-3.8418243429,-1.9016650523,-3.3277441308,-3.2367612643,-3.4448243849,-2.382507835,-3.6510799566,-2.6060670907,-3.3447734297,-2.3169926478,-3.2344509791,-2.8673777301,-3.5496922218,-2.6153608106,-3.5836406867,-2.1462077889,-3.5414021719,-3.1725890943,-3.2201839309
-1.0620580211,-3.6986529502,-0.9163042223,-3.3771164876,-1.6029212179,-3.9687149387,-2.1621579938,-4.1423991299,-1.3808032219,-3.497575856,-2.5783593539,-3.7022268687,-2.649312933,-4.1932253602,-1.8456527326,-3.7087598177,-2.3587512255,-3.7491257061,-1.3930687927,-3.1423665913,-2.3131851607,-3.9740578578,-1.7594898154,-3.3833342447,-2.0726337428,-3.5153504366,-2.1149112341,-3.7543195782,-2.8431520812,-3.9445798705,-1.9072140792,-3.0829762659,-2.4469186748,-3.4790415987,-2.5560198299,-3.938602601,-2.1893052359,-3.2113556528,-2.9856190011,-3.6749885209
-0.9528964385,-3.057908315,-1.862924173,-3.3596530615,-1.6015896012,-3.1260406732,-2.0314986266,-3.6096857792,-1.347654093,-3.145431845,-2.2718134586,-3.8586302887,-1.8972966227,-3.0890176888,-1.603868854,-3.4264758946,-2.136161426,-3.10726871,-1.729766405,-2.680750387,-2.2624955352,-3.5613620229,-2.0632920272,-2.7456447411,-2.3433391411,-3.3376946722,-2.0716714607,-3.3258025787,-2.8097598227,-3.4660142231,-3.2137000545,-2.6489742251,-2.6137130437,-3.2478068413,-2.5358045376,-3.5069866497,-3.1805012559,-3.1000381044,-2.3934730079,-3.0585486736
-1.0041556732,-3.0612414829,-1.3455657928,-2.8728377965,-1.5212555014,-3.5247253397,-1.2469546893,-3.2061003589,-1.6781267021,-2.7630868649,-1.9333660052,-3.7808317957,-1.8032254725,-3.4730410749,-1.6170985995,-3.1149252404,-2.1916902133,-3.8196058056,-1.9091348214,-3.0692212642,-2.0266016813,-3.3416323387,-2.2625397608,-2.9795737603,-2.4492951893,-3.7074567112,-2.2882957133,-3.2961158526,-2.0452063635,-2.8561151056,-3.2069278221,-2.7012044362,-2.6698295959,-3.7478460552,-2.5192967308,-3.1308266167,-2.8432865168,-3.2285454247,-2.538525409,-3.4284677026
-0.4645558111,-3.7959005675,-0.1250431702,-3.7660716355,-1.6060775598,-4.2119625238,-1.1060091458,-3.8980134569,-0.4554618808,-3.4308587735,-2.1564974745,-4.228988999,-1.4005984992,-3.9373346212,-0.7462143614,-3.6536580878,-2.2688803998,-3.7300046044,-0.7868303481,-3.2702972122,-1.719038556,-3.9338234946,-1.0738193854,-3.5459367962,-2.4608134107,-4.0000494737,-1.4324907883,-3.6306415846,-2.1388695198,-3.9609338194,-1.1938200186,-3.2354490947,-2.6289386194,-3.7114101702,-1.8248806688,-3.6825484871,-1.5650594406,-3.3344319485,-2.0557881114,-3.522306681
-0.7282035073,-3.8362854107,-0.7919992362,-3.4901863294,-1.3618307713,-4.2853939422,-1.0561383374,-4.0389613475,-1.0379105835,-3.7131256727,-1.9085949172,-4.1162367781,-2.041776893,-4.3646991302,-1.3626348903,-3.9402783869,-2.3418841714,-4.1778922094,-1.2340055725,-3.4170151933,-2.4219907573,-4.4115693514,-1.5367196321,-3.6498461905,-2.8804543383,-3.9963944953,-1.8067096441,-3.837271989,-2.6633373187,-4.1007051146,-1.9621755307,-3.562708653,-2.4409488719,-3.9405851973,-2.6863067244,-3.7360474819,-2.3191863195,-3.6300272109,-2.2044585353,-3.9492779336
-1.6002105886,-3.5587370736,-1.952420022,-3.5903860865,-1.892674891,-3.9357575858,-2.4918848055,-4.3107690221,-2.0733409931,-3.2772333375,-2.552088391,-4.0597070277,-2.3167006745,-3.736588759,-2.2326955827,-3.9989722625,-2.9866096653,-4.1796601388,-2.3992273982,-3.1158771263,-2.7080267509,-3.8243260788,-2.4358300533,-3.4348432467,-3.3186684378,-4.0346501762,-3.0022829365,-3.8734462003,-3.4511459505,-3.7801252409,-2.7316251468,-3.5450576817,-3.1797597823,-3.7928001779,-3.1161116895,-3.5290865409,-2.8747313864,-3.2729737368,-3.4357328062,-3.4971050226
-1.4814691759,-3.7445537489,-1.3290319019,-3.9868777301,-1.6195102607,-4.0418883942,-1.8863995428,-3.7581028381,-1.8612697167,-3.4039736903,-2.441968801,-4.5866416715,-2.1688261461,-4.3455753569,-2.1074164686,-3.9644628225,-2.6280519597,-4.3581306731,-2.2136292054,-3.2581886829,-2.3700123086,-4.1531682997,-2.2994599823,-3.5791192688,-2.3531412081,-3.8998771879,-2.9503527036,-4.255290047,-3.2532897445,-4.4547216037,-2.6880863267,-3.997269324,-2.5926458945,-3.7641861788,-2.9827375861,-3.9191353698,-2.9039225208,-3.5820796564,-3.187815955,-4.1510916165
-1.1098417492,-3.0874204721,-1.6663032113,-2.7817549829,-1.1676495521,-3.4065548145,-1.5139637326,-3.3419917482,-1.6851112176,-3.0476317062,-2.0810718779,-3.3339550394,-2.1311674535,-3.9167541637,-1.9999046846,-3.5803711404,-2.264633372,-3.7083648297,-1.9407635076,-2.7755534851,-1.8523049143,-3.316335105,-2.2447583106,-2.7671432296,-2.6045560713,-3.8052159041,-2.2473694729,-3.0590632696,-2.7098983699,-3.2189459461,-3.2150659382,-2.6726412721,-2.4460346818,-3.2899298831,-2.7163410253,-3.4759624736,-3.0262830485,-3.2112302611,-2.4350528994,-3.5406022615
-0.6857789502,-3.8484187641,-0.7840478535,-3.536388069,-2.0440435481,-4.1063930407,-1.5851906673,-3.9615687618,-1.161471267,-3.1959874069,-2.7273260248,-3.9260874074,-1.837519004,-3.7006148677,-1.490056038,-3.6411239418,-2.9474996699,-3.6753091463,-1.1636128413,-3.5020284819,-2.4018434056,-3.8896007719,-1.4659494417,-3.3238664694,-2.548173116,-3.6751389908,-2.1016960395,-3.8255584063,-2.1899739659,-3.6052487408,-1.7561624275,-3.2616277893,-3.0582832086,-3.3895798008,-2.351464288,-3.3903569974,-2.0682450632,-3.1980927829,-2.6809739983,-3.4344259265
-1.2601220883,-3.5296473548,-1.5069337785,-3.3824003508,-1.8306728368,-3.8968133658,-1.7573877999,-3.5396106603,-1.5931672876,-3.0755103255,-2.395479182,-3.7879651874,-2.3169546101,-4.0772108536,-2.0470495103,-3.612850583,-3.2038902424,-4.0949285194,-1.911960577,-3.1270722513,-2.7040126933,-3.8136713009,-2.2721732997,-3.4076694611,-3.3157122898,-3.7916367485,-2.5869529557,-3.5167938424,-2.9903967547,-3.8648785251,-2.380156396,-3.085467357,-2.9476651878,-3.3633289874,-2.9783100878,-3.612736068,-2.6235028869,-3.2276290719,-3.3499801944,-3.4910526205
-0.9878648041,-3.615256407,-0.8482786039,-3.2600361877,-1.9531197291,-3.9941329308,-1.2598062388,-3.5073861913,-1.5135890223,-3.7065466205,-2.6132665702,-3.9201216966,-2.3235790207,-4.039517166,-1.6013985402,-3.4332470165,-2.9396418268,-3.5611692541,-1.2700528781,-3.1317279897,-1.9362015886,-3.6690318844,-1.6238222293,-3.1232746648,-2.6657409065,-3.4162989623,-2.3592970816,-3.7887335337,-2.9071399009,-3.8790388405,-2.1789024372,-3.0553873842,-2.412262426,-3.6053175435,-2.6755026762,-3.6612263983,-2.0781382458,-3.3822544018,-2.4501675068,-3.3269721125
-0.8030063875,-3.6976038028,-1.0425646643,-3.6410825831,-1.9381798124,-3.9456762414,-1.6490914285,-3.7588886229,-1.0264496081,-3.3148016252,-2.5069114609,-3.9496871325,-2.1984271017,-3.9482768935,-1.323217593,-3.5756726383,-2.9829774922,-3.8119783995,-1.3240354867,-3.2031980259,-2.2518414693,-3.6836881586,-1.623013441,-3.4378459302,-2.7697874864,-3.6137865392,-1.9316277387,-3.6514819865,-2.4976598498,-3.6644290975,-1.7040101424,-3.1050977742,-3.0216076717,-3.438001099,-2.2234883948,-3.4138695691,-1.9129258992,-3.3584636014,-2.5992598982,-3.3857560709
-0.958560046,-3.7641721839,-1.2177330028,-3.5469557838,-2.0448866933,-3.9660546882,-1.6322292015,-3.8760714788,-1.9032459274,-3.0438090159,-2.5496589257,-3.9027336979,-1.9805729667,-3.6472547844,-1.590621745,-3.5574378412,-3.0853509312,-3.7925408812,-1.3406474891,-3.1853552456,-2.2505691062,-3.5903502134,-1.7833437275,-3.341367453,-3.0970112109,-3.5332153739,-2.1494534489,-3.2815689272,-2.4732395748,-3.6061640731,-2.4358645568,-3.1432419719,-2.7833572928,-3.6554476179,-2.6775501581,-3.3313380642,-3.1807976154,-3.1075748359,-3.0106782636,-3.3060717011
-0.8056051105,-3.221167568,-0.8622524402,-2.8959537089,-1.8020200382,-3.5363179693,-1.475479374,-3.4108760148,-1.2085338712,-2.9409085796,-2.3330224165,-3.7782304672,-2.677419138,-3.629528136,-1.557822938,-3.067277259,-2.4539926067,-3.5228906679,-1.8437483142,-2.7613729011,-2.0487171959,-3.5163762684,-1.9572915899,-3.0880409859,-3.0152882349,-3.5707582088,-2.3934352442,-3.0533030522,-2.2451292179,-3.3280752619,-3.2452672664,-2.8136310667,-2.8796200855,-3.345391757,-2.6161259105,-3.2753708025,-3.0395416684,-3.14765089,-3.2460555103,-3.3171659296
-1.2622062884,-3.557242168,-1.4052911962,-3.2663286467,-2.1712032619,-3.8666522875,-1.7409567062,-3.6655932246,-1.7331366354,-3.2768138932,-2.9231832602,-3.9038732266,-2.7238298696,-4.0927394708,-2.0785580541,-3.4907477774,-3.4054173042,-3.7180159027,-2.073194864,-3.1148398104,-2.5090619606,-3.7662457596,-2.4298422704,-3.4425956967,-2.7574703271,-3.2731762705,-3.0085722901,-3.674407003,-3.5758465975,-3.3761312916,-2.4748956572,-3.124719586,-3.4615749603,-3.0933196951,-3.1657986191,-3.5473771648,-2.8033758496,-3.4920547426,-3.1811989991,-3.3118171811
-0.6350692641,-3.3325490745,-0.8261924153,-3.0747664942,-1.5380664578,-3.664445244,-1.1712943838,-3.4290850533,-1.1574437267,-3.0333523137,-1.9778169465,-3.7293542073,-2.2757906908,-3.9065750648,-1.5009630951,-3.2841988497,-2.9152428371,-3.245463083,-2.1156115145,-2.9074952696,-2.4399827353,-3.6854910723,-1.6591230927,-2.9480831271,-3.0228547168,-3.5979214576,-2.122750807,-3.3970976445,-2.7377169878,-3.7091257807,-1.9124568992,-3.1362082468,-2.6334798924,-3.3130319646,-2.4033583342,-3.429322984,-2.4157084937,-3.0834292497,-2.8038675706,-3.4747110759
-0.7176084526,-3.2753265466,-0.623074266,-2.9610935678,-1.5041556128,-3.353812038,-1.443204088,-3.653187959,-1.0526139023,-3.2634555447,-2.4776707971,-3.8106190648,-2.1618947905,-3.742712813,-1.2195989572,-2.9701430586,-2.7869701823,-3.5760433023,-1.500188252,-2.6829596352,-1.8837885648,-3.524289212,-1.6009428589,-2.992969899,-2.4271869669,-3.5434457379,-1.8410168697,-3.1871061934,-2.1162583926,-3.4591063806,-3.181429253,-2.9197528642,-2.9421666255,-3.3212094439,-2.3024008572,-3.2324794651,-2.1285479328,-2.9224921774,-2.5542762858,-3.3052557357
-1.281242609,-3.2551256678,-1.5845610506,-2.887499796,-2.1041052253,-3.8221191914,-1.8949060067,-3.4726606867,-1.6325534673,-3.1905896642,-2.6391437719,-3.8840363872,-2.3000314957,-3.6058844414,-1.8964267625,-3.0059296616,-3.0556158397,-3.8307910563,-2.4064303604,-2.9892289902,-2.692336025,-3.6122608301,-2.1419147207,-3.2228836464,-3.2468712487,-3.5679024079,-2.4421951836,-3.3178472522,-2.957479725,-3.5717883644,-3.2712280531,-2.9226508288,-3.2572360273,-3.2890292465,-2.6769644968,-3.3808146536,-2.783075883,-3.1683932488,-2.9705058377,-3.3408636129
-1.5995045179,-3.603112688,-1.4113183106,-3.2603333251,-2.7565907655,-3.9532025731,-2.3292338004,-4.0263866078,-1.7305157631,-3.2862490384,-3.432701812,-3.6285469848,-3.0413748251,-3.8761969567,-2.0278711149,-3.5987245251,-3.5797769151,-3.3556745242,-2.0487834294,-3.174171787,-2.44534628,-3.752121301,-2.3519782316,-3.440654118,-3.1977971719,-3.5233108915,-2.7066693491,-3.6697592064,-3.0199552598,-3.6157648894,-2.480143489,-3.137836906,-3.6599112794,-3.0740013324,-2.9584208956,-3.3378046574,-2.7071309092,-3.4045710006,-3.2725353741,-3.2858359667
-1.524192224,-3.2973478294,-1.8440759037,-3.2620893252,-2.4469725059,-3.7203709383,-2.1656438246,-3.4783161621,-2.0965067666,-2.9554032816,-2.9696699449,-3.7343305147,-2.630815872,-3.4945416776,-2.2947236075,-3.1953922054,-3.3083470139,-3.4983658483,-3.0374121231,-3.0031030518,-2.8928822534,-3.4635318854,-2.809853367,-3.1906347859,-3.6652113199,-3.2965545224,-3.0313069532,-3.2687953418,-3.4058776302,-3.2148930851,-2.5661434102,-3.1256356873,-3.8017393527,-2.9808971762,-3.2282439382,-3.0861276414,-3.293526468,-2.7901613826,-3.4826490325,-2.9815724406
-0.7255778522,-3.3726958612,-1.0842632416,-3.0326854289,-1.0308795137,-3.7006007745,-1.0099201963,-3.3615770612,-1.2738549869,-3.4191132765,-2.0936378682,-3.965554721,-1.6526668905,-3.7588428592,-1.5207245286,-3.4535333021,-1.4194113306,-3.2085410334,-1.7251881828,-2.8025694619,-2.0701397666,-3.6490695218,-1.7319292048,-3.1766941015,-2.3261043755,-3.7981398003,-1.8554159981,-3.4457877599,-2.5582093706,-3.557464388,-2.0136285198,-3.2632414977,-1.936817845,-3.0435598717,-2.2363686289,-3.1347475296,-2.5568025793,-3.1952712733,-2.2576262948,-3.4637790097
-1.4408694406,-3.3746730726,-1.4425561067,-3.0546071085,-2.2066917012,-3.5681518604,-1.7095776826,-3.4979456242,-1.780309988,-3.008389812,-2.2569648645,-3.8914302281,-1.9942608726,-3.315830548,-1.945568746,-3.6077686796,-2.8239975863,-3.4654498918,-2.1027367998,-2.7084291638,-2.3260546516,-3.2913150605,-2.154921207,-3.0191439156,-3.0648490062,-3.8413677535,-2.5198418553,-3.6142236685,-2.7194342202,-3.909061397,-2.529698613,-2.9217079893,-3.1530891593,-3.3872112674,-2.8717260766,-3.6946395931,-2.5999920759,-3.3495835128,-2.8682735381,-3.2464302964
-1.1642699363,-3.2167043344,-2.1548881636,-3.3316702625,-1.2965959238,-3.518471297,-1.4708423721,-3.1870143653,-1.7944936781,-2.8718630098,-1.6264043154,-3.6515225152,-1.8913815122,-3.3796058297,-2.5307557975,-3.6856006416,-2.1098143526,-2.8904114871,-2.335692948,-3.547074885,-2.4002690645,-3.3932307048,-2.0513994788,-3.563094537,-2.261543412,-3.1236410469,-2.9523088622,-3.5024931042,-2.9445505498,-3.2473077339,-2.0086310307,-3.095819146,-2.4822661219,-3.2266449276,-3.1860781401,-3.1609531587,-2.6879765645,-3.1591486199,-2.685551547,-3.4595387824
-1.0841960752,-3.1813359304,-1.6005417137,-2.8316744881,-1.8633440395,-3.8023548807,-1.6106136963,-3.3962260807,-1.4284233907,-3.0917497872,-2.0520906763,-3.9134590504,-2.0938801225,-3.3897151221,-1.8758426041,-3.5099428992,-2.4994985825,-3.8695809418,-1.8666885332,-3.0787504405,-2.1699795482,-3.1168864384,-1.9941115692,-2.7911188846,-2.2273435448,-3.6678230031,-2.4640326627,-3.1281480683,-2.422687018,-3.4436886669,-2.3174193791,-2.7748121092,-2.7771177479,-3.835825615,-2.6537431804,-3.5358418827,-3.1056420782,-3.1853890597,-2.7714877044,-3.298702551
-0.6350598015,-3.3670315664,-0.412404142,-3.0494931702,-1.8417665381,-3.9658769063,-1.3683653634,-3.651991536,-0.7867364419,-3.0226662016,-2.2940885314,-3.9357898252,-1.7390647439,-3.6585114224,-1.0458175186,-3.3155948938,-2.6571686628,-3.8456990127,-1.7548184189,-2.9829204979,-1.9900736322,-3.7149196375,-1.4410883325,-3.3206560356,-2.4865746157,-3.6083507846,-1.6921293259,-3.3332659918,-2.2357748517,-3.6514891615,-1.4202449981,-3.0006485291,-2.8235047746,-3.4521378137,-2.1042171554,-3.1999799455,-1.9612576821,-3.4384538141,-2.4463152198,-3.3389509848
-0.9259979139,-3.3070936743,-1.2261919688,-3.2046332744,-1.7544407138,-3.913056331,-1.4474295358,-3.4853450013,-1.3047444964,-2.8751686289,-2.2759284249,-4.0420702835,-1.7761474313,-3.6118950578,-1.5666765407,-3.1473035754,-2.6279139242,-3.9988681215,-2.2365104344,-2.8804609044,-1.9920573176,-3.4450189999,-1.9622402999,-3.1184983172,-2.9071688484,-3.7770112222,-2.2709971901,-3.7503743648,-2.329952718,-3.5281819838,-2.6251697764,-3.1645652224,-2.7816445431,-3.461515848,-2.6484971088,-3.6950348929,-2.2923365794,-3.1903341763,-2.4949435874,-3.4466541305
-0.7771479908,-3.3109175598,-0.8191340931,-2.9904676439,-1.6060898504,-3.7323612784,-1.3191931364,-3.4197953466,-1.1223521376,-3.0337097293,-2.2997595807,-3.7995557036,-2.2713233787,-4.0679190514,-1.6490558386,-3.3888192214,-2.0120896169,-3.6207920061,-1.4895915046,-2.8190581805,-2.0104195643,-3.8710893218,-1.6883721745,-3.0593226595,-2.688409229,-3.9579139409,-1.9706985727,-3.2997176959,-2.2703354051,-3.4855485945,-2.0139318182,-2.8835732166,-2.5295207616,-3.402895479,-2.4813157823,-3.6589970828,-2.2270738646,-3.1225725386,-2.782502766,-3.6463252288
-0.815726053,-3.3246594277,-1.0261502253,-3.0726069523,-1.4325896223,-3.7457123176,-1.8914825415,-3.6357246313,-1.4498134118,-3.4228610214,-2.6192293549,-3.7570445775,-2.4374325052,-3.9603105365,-1.5595071004,-3.1809569772,-2.6034722745,-3.3364102525,-1.386605141,-2.8369139969,-2.258888643,-3.7043023803,-1.7702101115,-2.9993666467,-2.8869611897,-3.5050250989,-1.9433622737,-3.3012623873,-2.5012251272,-3.5442695726,-2.052010925,-2.922298415,-2.2407421185,-3.2679854685,-2.4392502944,-3.0716416347,-2.2377264531,-3.4710093543,-3.0320705967,-3.2867067343
-1.5338615554,-3.6899988169,-1.5279396721,-3.4072456006,-2.5654628873,-4.2050955641,-2.1782621847,-4.0671445401,-1.4145935002,-3.1076340067,-2.9669297412,-3.8444461086,-2.7055899475,-3.9908918155,-1.8487299612,-3.7281120442,-3.3867484196,-3.9888614414,-1.7429220456,-3.1456836655,-2.2210891466,-3.7884963506,-2.0259392632,-3.438732744,-2.6464146463,-3.7317248015,-2.4505576984,-3.8958691734,-2.3828159363,-3.5909358561,-2.2146801356,-3.1512672719,-3.220199748,-3.4556394166,-2.8421703712,-3.5217844816,-2.5123074895,-3.2939823569,-3.2385977991,-3.743617296
-0.9687919464,-3.6580991325,-1.7069342273,-3.9201188645,-2.11598296,-3.9051652052,-1.464230992,-3.6928625339,-1.1680147882,-3.3213189439,-2.4783571087,-3.9028848352,-1.8457555646,-3.6598485814,-1.5600500333,-3.4008091619,-2.6263471868,-3.4431159925,-1.6211772069,-3.0316951037,-2.5568384176,-4.1558215396,-1.8160028825,-3.3227526242,-2.9760586586,-3.9743922304,-2.0966031355,-3.1642299715,-2.6749464995,-3.9182241657,-2.1184558126,-3.4277719752,-2.8682950959,-3.6828738882,-2.3362446216,-3.5850157748,-2.364611416,-3.181960532,-2.5608330639,-3.6972075869
-0.8347905153,-3.8676290136,-0.8529542913,-3.5960413768,-1.8802922093,-4.2593108442,-1.4784282862,-3.7615715485,-1.1397368596,-3.6429389403,-2.6586866356,-4.0533715897,-2.3716305588,-4.4028727872,-1.4624113656,-4.0645414672,-2.2819568858,-4.17048268,-1.1410331721,-3.2993578901,-1.8796937639,-3.9335904735,-1.4836256311,-3.4367320766,-2.5920208634,-3.7852263409,-2.3815876636,-3.9425493435,-2.8231361474,-3.7809142886,-1.8541231987,-3.5867802215,-2.3422912987,-3.7092929637,-2.9043007605,-4.0778984445,-2.0934007186,-3.4219887526,-2.1331492001,-3.9429637598
-1.4158269312,-3.6146046515,-1.6301309757,-3.3660716637,-1.9593268422,-3.7667783206,-2.5783781019,-3.8585007707,-2.139958887,-3.2627797131,-2.9887205785,-3.4973696396,-3.3335084757,-3.712880489,-2.2502384001,-3.6570461346,-3.5858161519,-3.401377089,-1.9324857345,-2.9840884919,-2.9798699792,-3.7668484033,-2.3907583165,-3.3948245034,-2.6908980289,-3.6481644576,-2.5479650122,-3.1498233319,-2.7676421145,-3.402423908,-3.2685443954,-2.8305774419,-3.2694670302,-3.4872374912,-3.1755806916,-3.1266342384,-2.8930045094,-3.2064750368,-3.3422853934,-3.2644372652
-1.31786812,-3.4320157085,-1.4531271772,-3.1332112107,-2.052877175,-3.9048020515,-1.7876239132,-3.5965922853,-1.773903032,-3.23650083,-2.8013456432,-3.9443662601,-2.4501078841,-4.000449772,-2.1074478433,-3.5814803013,-3.2978021934,-3.8968185057,-2.0176757436,-2.989322154,-2.5064671489,-3.7109179294,-2.2353347374,-3.3204758598,-3.2571378372,-3.5951530874,-2.6535672708,-3.49841706,-2.9332396714,-3.677208347,-2.4679773817,-3.117733959,-3.5113790827,-3.6161635697,-3.0185745826,-3.3727514603,-2.7413906998,-3.2345498761,-3.4206313386,-3.2939356722
-0.8104252797,-3.7707573576,-0.8942517259,-3.4569186709,-1.5290080676,-4.2185285234,-1.1792579839,-3.8943102539,-1.2075049935,-3.5298388879,-2.1067329145,-4.3703782031,-1.711796029,-3.968823139,-1.4900138551,-3.6982506579,-2.5503389969,-4.1563522586,-1.401551588,-3.2566252257,-2.0068002078,-3.9583160423,-1.7342996641,-3.5412726889,-2.4640435544,-4.4415892997,-2.0195428218,-3.6536957889,-2.2658137142,-4.1322669738,-1.8038520728,-3.2178938002,-2.8405866259,-4.0754802388,-2.3709395914,-3.8864401678,-2.1208220181,-3.3610737967,-2.4296257299,-3.6390383641
-1.0554851132,-3.3763816932,-1.2289918523,-3.1027456714,-1.7903262027,-3.7955892099,-1.4439087836,-3.4567276731,-1.5518670353,-3.0794801931,-2.467750682,-3.9354289651,-2.1558219446,-4.0213263589,-1.8122057665,-3.4377776221,-2.321591359,-3.5422044915,-2.0050286362,-2.8267125049,-2.1757975795,-3.7497996644,-1.9525646213,-3.1438535647,-2.0752214818,-3.4842464989,-2.5706534782,-3.5551906476,-2.743844284,-3.7589599885,-2.8372230622,-3.1976611349,-3.0476357948,-3.5654429161,-2.997375421,-3.8428470334,-2.4648441911,-3.1907838779,-2.7914305031,-3.4883417216
-0.7391441486,-3.0746453777,-1.6168615863,-2.7201317941,-1.2724191826,-3.5200192296,-1.5881856267,-3.3628373073,-1.3512927002,-2.8917534951,-2.150338241,-3.6429250409,-1.98947904,-3.8610394652,-1.2632148767,-3.179908137,-2.5731325276,-3.6143546836,-1.684320791,-3.0119533222,-1.8841214602,-3.3675254973,-1.9781828661,-2.8171740407,-2.5649449471,-3.8834626968,-2.1000891068,-3.1296342636,-2.295516586,-3.44709775,-2.7459433761,-3.1498214212,-2.9755427012,-3.4561014548,-2.6415752093,-3.3858746028,-3.1386009695,-3.1623462879,-2.3629026563,-3.1949110829
-0.4774627384,-3.2899591582,-0.7342129357,-3.1989165093,-1.5226890609,-3.8100615797,-1.0004144203,-3.6993743333,-0.8672325129,-2.8646979384,-1.5427016313,-3.5073879783,-1.1786794567,-3.4458488687,-1.1120615806,-3.1133567283,-2.6184258516,-3.6214626613,-1.4451204438,-2.8770125768,-1.9823808414,-3.7056721264,-1.9114637961,-3.0566903315,-2.5220117881,-3.923838335,-1.9385289321,-3.3665591888,-2.3664564156,-3.283821881,-1.6613908352,-3.1689317878,-2.2375584521,-3.5199603121,-2.303110073,-3.7302305077,-2.1778989769,-2.9896451388,-2.7232366294,-3.3557345174
-1.6826727223,-3.6504368153,-1.4243511232,-3.5624877918,-2.0114240476,-3.8651427566,-1.6364639743,-3.357790569,-2.3072294708,-3.723213165,-2.8899216853,-4.1257533041,-2.6358316377,-4.0376055639,-2.2386112294,-3.4286668334,-2.7188237318,-3.8230714247,-2.284860564,-3.1078965308,-3.2994359129,-3.9522823695,-1.9330337616,-3.2859291671,-3.4694909132,-3.7459041193,-3.2138326884,-3.5597214244,-3.0583107383,-3.8992047894,-2.6126200307,-3.2329349357,-3.0228500215,-3.6821055619,-2.7335355581,-3.5300140724,-3.4948304399,-3.3885696008,-3.2148168806,-3.3204881912
-1.2451477324,-3.2681954633,-1.6530795611,-2.8713365912,-1.5771580982,-3.5839872357,-1.5932374261,-3.2395428488,-1.8691719606,-2.9756676984,-2.1189764617,-4.0192360189,-2.6712415455,-3.8383018635,-1.9564875817,-3.2932044429,-2.6609250163,-3.301750173,-2.2200617742,-3.0267381824,-2.4323266923,-3.9528870171,-2.2180009369,-3.5472466704,-2.9592826823,-3.8026880442,-2.8204696437,-3.504517716,-3.039450765,-3.4908938783,-2.3914459481,-3.2980419641,-2.5328045217,-3.0703549902,-2.511101409,-3.6373185822,-2.5915126028,-3.4436128146,-2.8958069797,-3.2441950914
-0.7648340248,-3.5071957239,-0.8728491818,-3.2058532117,-1.9010119564,-3.9774863453,-1.4975784253,-3.7726854607,-1.1715028813,-3.2476312892,-2.5802830024,-4.2002873411,-2.22055593,-4.0897674907,-1.478846247,-3.4234542773,-2.8422437064,-3.9205522433,-1.5003950289,-3.0564321537,-1.8119884739,-3.6537034053,-1.8064931111,-3.3249840971,-2.4951139674,-3.9454445935,-2.1523032247,-3.4920651292,-2.2155371685,-3.7814098209,-1.9578049736,-3.0309953594,-3.0277543193,-3.6670726527,-2.5346300692,-3.6973995242,-2.2589988749,-3.1903821364,-2.5988573956,-3.4470558696
-0.9767371466,-3.6318419172,-1.1490678931,-3.3527351104,-2.165332225,-3.7596302989,-2.0527052849,-4.0463986282,-1.4434047502,-3.6391274552,-2.6560122679,-3.8558792095,-2.3581082385,-3.845689659,-1.6449010651,-3.4078587062,-3.2393557297,-3.6996192314,-1.8935512886,-3.1691814735,-1.9215038814,-3.5532389886,-2.2889673777,-3.1516069236,-2.9475211818,-3.7801914379,-2.4997832264,-3.5700998377,-2.7915309074,-3.5553873286,-2.2110801079,-3.4352003468,-3.2164015634,-3.2152132371,-2.8426291556,-3.2902429834,-2.5430997818,-3.2747970308,-3.0704825461,-3.4910677595
-1.4722097265,-3.1646302643,-1.8592817084,-3.0705973395,-1.5416060872,-3.4851057056,-1.9052243582,-3.3918293529,-1.7770168793,-2.7303178337,-2.2505708496,-3.807277938,-2.1961113008,-3.4013358383,-2.1557961039,-3.0403534817,-2.5302002787,-4.009130095,-3.2470528349,-2.7375285597,-2.4552190864,-3.5565052005,-2.5792345288,-3.3137601636,-2.9711769591,-3.8229634816,-2.6817313062,-3.7515856298,-2.5054363439,-3.0583968253,-2.7778643594,-3.1694165033,-2.7980713442,-3.5879242684,-3.2213248457,-3.4100396834,-3.2305282743,-3.0919473051,-2.9338465695,-3.4114692137
-1.0313439965,-3.1991529002,-1.3258187388,-3.0931171914,-1.5421170977,-3.5013865232,-2.3879903645,-3.7677980226,-1.8339063465,-3.2452581578,-2.7241860078,-3.7490807395,-2.0801974333,-3.5831327545,-1.6609883412,-2.9396358919,-2.9720552523,-3.5375779421,-2.3862340926,-2.9226795713,-2.3123462179,-3.4953301208,-2.0214771918,-2.9570284025,-2.9812121474,-3.7990505068,-2.319303255,-3.2129830334,-2.523072186,-3.4557515959,-3.2782339379,-2.8713136461,-2.9677532777,-3.294282238,-2.7328086227,-3.5078821257,-2.5783711027,-3.1206695075,-2.7334265802,-3.2968204983
-1.1035910093,-3.4446342685,-0.8706306457,-3.1642632826,-1.8554785261,-4.0111927128,-1.3964770194,-3.5986736851,-1.1551828492,-3.0716732028,-2.3369858547,-4.0484120736,-1.7342160978,-3.6960044598,-2.0291638565,-3.7764640478,-2.7509676717,-4.0314546307,-1.4911484574,-3.0009618025,-2.0066570683,-3.5179525519,-1.650893337,-3.3255847353,-2.6442402716,-3.7501947964,-2.029215043,-3.2307524898,-2.3740337791,-3.7827553822,-2.4114911912,-3.187688645,-3.2160623146,-3.7387985344,-2.697854987,-3.4207407794,-2.4444669087,-3.5095243386,-2.9276706071,-3.637056265
-1.6840574453,-3.6714662974,-2.1130864248,-3.7933432274,-2.6583493701,-3.8358201311,-2.1619561925,-3.4887564572,-1.8319493678,-3.2653172211,-3.2177152861,-3.7024444977,-2.8761492142,-3.5817845588,-2.4849186421,-3.5083739015,-3.5276625279,-3.4559077318,-2.2174952744,-3.1009304178,-3.1921848877,-3.4339008209,-2.4939842843,-3.1778915011,-3.6045904042,-3.2293300919,-2.7750817438,-3.2726150028,-3.0200022226,-3.2460598225,-3.2369089296,-2.8902917766,-3.4224095363,-3.0937416747,-3.2218307408,-3.1588506093,-3.3018046894,-2.6732384014,-3.6743983012,-2.7960630931
-0.9881078268,-3.5399870059,-1.4380456134,-3.7554783218,-1.9993322161,-4.0712852004,-1.3946964725,-3.4436945739,-1.1174630143,-3.1633660807,-1.9893668899,-3.7411540496,-2.5236939364,-4.3676974537,-1.7361066073,-3.8263633271,-2.8880701474,-3.8666830864,-1.5400405613,-3.0864545008,-2.8090553776,-4.1391097448,-1.7244274197,-3.4036302859,-2.5868652809,-3.5690560095,-2.3779945299,-4.1507568687,-2.6283134266,-3.8080147469,-2.1216035518,-3.3396047765,-2.4210236233,-3.7779281386,-2.5810962021,-4.0373761196,-2.8175372039,-3.4128160907,-2.3353928894,-3.9627822716
-0.9136279949,-3.2447559659,-1.3304997054,-3.4002071515,-0.9315191559,-3.5701227197,-1.5706200708,-2.8624038212,-1.3416810063,-3.0861349132,-1.7741089985,-3.495294325,-1.9561547729,-3.9285531823,-1.6662251887,-3.7163707497,-2.1638386001,-3.5167026891,-1.9529870454,-2.8058253186,-2.3842692288,-3.4755165225,-1.7401680939,-3.089824865,-2.6611696081,-3.8037912718,-2.1310610076,-3.7278881512,-1.9421372541,-3.3052467609,-3.2395941449,-2.8261074022,-2.1598076919,-3.2637940168,-2.7358539567,-3.5182103662,-2.4521843285,-3.1038517466,-2.6331400106,-3.2751678995
-1.3409680042,-3.334219738,-1.5928953456,-3.1891752774,-1.8764279968,-3.7619543214,-1.9202127592,-3.4386141971,-1.8845972527,-3.0197251376,-2.4967372365,-3.9369144726,-2.429307133,-3.6505303932,-2.267421206,-3.015644697,-2.8464908541,-3.7571906425,-2.5792088148,-3.1142575027,-2.4330755579,-3.3777597614,-2.1642708037,-3.2869869707,-3.1253064322,-3.7831681666,-2.7168897771,-3.4651383936,-3.0326050639,-3.4963294547,-3.2446111957,-2.9136968033,-3.2969658437,-3.4445044737,-3.0322034694,-3.2364215897,-2.7674660226,-3.1953412696,-3.5709547923,-3.4123158029
-1.4260263017,-3.4636153162,-1.620293342,-3.2662318955,-1.9817587304,-3.8760984907,-1.8775352723,-3.5334517795,-1.5426233068,-2.9535405074,-2.6035094986,-4.0405677309,-2.5654001436,-4.2943289585,-2.180874826,-3.5213338063,-2.9025764145,-3.8418279841,-1.8632072106,-2.9844576943,-2.9700937579,-4.0904691583,-2.3775808406,-3.7330670138,-3.0058382102,-3.5788755875,-2.6279465541,-3.8190468911,-3.1659992825,-3.8344764795,-2.1485052705,-3.1392354265,-2.7620702375,-3.4029665453,-2.4369873787,-3.4617260755,-2.4842274553,-3.1541784812,-2.6803483293,-3.6343325044
-1.4025278451,-3.2753138355,-1.4577019848,-2.9443039493,-1.530882408,-3.5753371056,-2.0589643944,-3.6759827306,-1.9375024464,-3.2279725629,-2.2371621912,-3.8530224885,-2.1888003516,-3.4509008633,-2.1881736938,-2.7923480149,-2.5957622874,-3.5475113717,-2.1939318979,-3.0675320316,-2.4943961466,-3.7859607134,-2.4224207159,-3.2819939356,-2.7763297506,-3.8679789493,-2.5131915422,-3.025560392,-3.0149049685,-3.7451781783,-2.6949863348,-3.1932658409,-2.9220998186,-3.2652945771,-3.1781883033,-3.2216625132,-3.0119201093,-3.4576679155,-3.2968883338,-3.5596610807
-1.3786622678,-3.1416641178,-1.1746677258,-3.2637992474,-1.8150432164,-3.5499335859,-1.6691929404,-3.2101030195,-1.9449291159,-2.9963577721,-2.3847836057,-3.9959644218,-2.2312969,-3.6862808953,-2.1379496899,-3.261853118,-2.5827235716,-3.76505568,-2.1862961351,-2.7212625243,-2.3472066383,-3.4210643735,-2.3476814803,-2.9947767063,-2.8076335,-3.808213316,-2.5608217424,-3.4260559488,-2.5825427879,-3.1652642061,-3.2867932925,-2.766762132,-3.0861949262,-3.695558508,-2.7988237139,-3.5168309646,-3.1685771972,-3.1839298191,-2.8641520063,-3.2813991585
-1.3127457455,-3.5215052748,-1.32462041,-3.1922012035,-2.2497604653,-4.0386456362,-1.8289904606,-3.8057528678,-1.6496625677,-3.2889794661,-2.6824540353,-4.1155352453,-2.295077245,-3.7339527899,-1.9338242159,-3.4987230361,-3.0787509434,-3.9311133069,-1.8895891535,-2.9732338858,-2.9947090861,-4.1802536783,-2.0961611607,-3.2144642094,-2.8781044441,-3.5939741988,-2.5943849536,-3.8210628501,-2.8491729771,-3.84848366,-2.4546586931,-3.0912691856,-3.1786950018,-3.6816688963,-2.6422433498,-3.5895129123,-2.3768943851,-3.396948999,-2.7070777764,-3.3415671236
-0.3720012455,-3.8852286742,-0.7235200114,-3.8038487367,-1.1972354925,-4.1095908416,-1.4172896611,-3.8368564207,-0.7449173313,-3.4570122455,-2.541946543,-3.9829400839,-1.9405083543,-4.0813193236,-1.0519126562,-3.7851413736,-2.6372930596,-3.7143933645,-1.4072771415,-3.229475058,-2.0175381355,-3.8214697615,-1.2788287683,-3.5552282083,-2.3494464226,-3.3976475369,-1.7122546139,-3.8335071589,-2.2983918993,-3.8983641106,-2.612455312,-3.3150428568,-2.1470989703,-3.6356141675,-1.8243005068,-3.5932067254,-1.9761776348,-3.3113449055,-2.3696246383,-3.6940310154
-1.6205053688,-3.4859194329,-1.5177830638,-3.1638609649,-2.2057287678,-3.7899180906,-2.6069456512,-3.7021882734,-1.842914728,-3.1766238582,-3.4215740889,-3.5506553973,-2.9010652331,-3.7659408369,-2.3001258321,-3.4570859233,-3.2352152969,-3.4370811344,-2.2193366512,-3.0935605407,-3.0335986089,-3.5914065858,-2.54369204,-3.3902345656,-3.5323878508,-3.1468864846,-2.7718003244,-3.3825768358,-3.2086411947,-3.0639553547,-2.5149755792,-3.0561661633,-2.9997044689,-3.207546061,-3.2300633864,-3.2743911249,-2.9696561724,-3.40513464,-3.4589512714,-2.8793876843
-0.8820976979,-3.1181042107,-1.1483561701,-2.9755013914,-0.9431398702,-3.4391772587,-1.4085359747,-2.9030006131,-1.3850173612,-3.179291389,-1.8704114583,-3.0470865943,-1.9048750387,-4.0038483946,-1.6817649655,-2.791251434,-2.0459397043,-3.5358015531,-2.0056123579,-2.7337100073,-2.324406308,-3.4979644204,-1.7829918094,-3.4823674963,-2.0068040765,-3.7608939307,-1.9017146112,-3.2588827666,-1.6417406052,-3.2449433704,-2.3250974975,-2.9381441991,-2.0964318515,-3.2634106838,-2.6941524963,-3.4571706091,-3.2331037318,-2.8624633118,-2.4993946547,-3.2226660489
-0.8806592859,-3.447073998,-0.9451013913,-3.1931174306,-1.6987246327,-3.9489117957,-1.3300786844,-3.6907431256,-1.1306964321,-2.9706779069,-2.1098174627,-4.1016849047,-2.1821687037,-3.7971118838,-1.5781479233,-3.5737329388,-2.5844302833,-3.9019316052,-1.4344698049,-2.9846470037,-1.6569521701,-3.2873114103,-2.1627069682,-3.4969727809,-1.909632435,-3.8576805312,-2.4361393364,-3.537475958,-1.9060199878,-3.5846713089,-2.766868385,-3.2434063252,-2.9785947165,-3.7664350152,-2.1203605575,-3.2482352355,-2.3630226164,-3.2030845336,-2.712514587,-3.5867765208
-0.6559372354,-3.1840607606,-0.8818969579,-2.937899526,-1.54741391,-3.7060468028,-1.4188687543,-3.3544698649,-1.1741759734,-3.2075826532,-2.2230276983,-3.9571417629,-1.8393974839,-3.8752291802,-1.2843585589,-2.9450316488,-1.877854388,-3.3033501312,-1.5251203573,-2.6911353165,-2.0078409097,-3.4861065243,-1.6270106434,-3.0203125777,-2.6109924511,-3.9475672119,-1.7941847751,-3.5830389555,-2.4841037793,-3.6784588769,-2.4017410528,-3.0667952337,-2.5227023789,-3.4166099439,-2.2018919351,-3.6590393369,-2.0132965178,-2.9932759185,-2.2230802242,-3.3981318633
-0.6821760746,-3.5233288103,-1.1868971864,-3.7539633021,-1.2618304499,-3.4632095504,-0.9313902262,-3.4852185305,-0.849347214,-3.1439878867,-1.7746856322,-3.9741594748,-2.0685555504,-4.1582693504,-1.5185951555,-3.6984419896,-2.3307228285,-3.6926134809,-1.175013607,-3.0761984223,-2.387554642,-3.9560254343,-1.6481644827,-3.4308213487,-2.061657616,-3.8896313698,-1.6228179481,-3.138211019,-2.0653917597,-3.620030983,-2.4999283105,-3.1895529882,-2.8682197273,-3.8671714323,-1.906684527,-3.3465812993,-2.2565751375,-3.3811047917,-2.6342099828,-3.603776851
-1.4702979022,-3.4098426672,-1.6078243787,-3.1038541799,-2.3656081968,-4.0851180168,-2.0370390156,-3.7881677198,-1.2822401268,-3.0695464564,-2.8336316977,-4.0759348096,-2.4462303237,-3.8256551813,-1.8439941136,-3.3633331121,-3.2096396792,-3.8445801213,-1.9674241056,-2.9426535315,-2.1502577304,-3.5080423105,-2.1842236546,-3.2041700442,-2.8750181695,-3.8158541013,-2.5907563068,-3.6238461764,-2.5040599773,-3.4087216095,-2.4473596092,-3.0636188196,-3.3289130069,-3.5531567798,-2.9522836389,-3.5790119925,-2.6645932844,-3.19739098,-2.9184844002,-3.3245181847
-1.0287061674,-3.297472703,-1.2557533372,-3.1361846003,-1.5530445439,-3.6191149533,-1.8473877707,-3.6116728815,-1.1241516376,-2.8149050762,-2.1461708773,-3.4693267928,-2.3583643894,-3.5651487432,-1.5232156897,-3.2274257514,-2.4633511426,-3.3787606384,-1.4781150362,-2.8309912967,-2.4801719483,-3.9038335058,-1.827410552,-3.2739153551,-2.1735161621,-4.0502107432,-1.9109602889,-2.994815101,-2.2367090486,-3.7824961511,-2.6833672259,-3.1960126559,-2.5983147053,-3.6794600204,-2.8461750932,-3.8017731614,-2.2506920693,-3.0563630713,-2.8099142844,-3.5060457259
-0.7276490853,-3.4785026096,-0.4878553067,-3.1553781096,-1.4150894652,-3.864129607,-1.8197815048,-3.9450298665,-0.8679833889,-3.179158562,-2.297698622,-3.9799778557,-1.6911586494,-3.6551852677,-1.2691344909,-3.520465735,-2.6331117089,-3.9745373282,-1.1183874961,-2.9455530066,-2.0633504535,-3.820855932,-1.3869107445,-3.2361849862,-2.0377811399,-3.3472125485,-1.7226788082,-3.3412155912,-2.0400160635,-3.5891778334,-1.5557265954,-2.9480124266,-2.7687596834,-3.6811968325,-2.4222701537,-3.6765094348,-1.8824285312,-3.037666937,-2.3316315959,-3.4056906545
-1.3968944212,-3.2055652119,-1.6928905925,-3.1344714107,-1.2864171687,-3.5214482727,-1.9725743527,-3.6594646991,-1.9015607786,-2.8689508941,-1.8725117516,-3.3798108648,-2.6131005409,-3.9407871365,-2.1506623465,-3.1427392019,-2.2535794439,-3.4689970533,-2.8169645926,-2.8068306082,-2.3406813079,-3.6995625918,-2.4621750995,-3.0398713623,-2.6474690764,-3.6689230606,-2.5086354796,-3.3371438324,-3.0124520199,-3.9930670968,-3.2651907367,-2.9079450146,-3.0531428249,-3.718850103,-2.7897907105,-3.1993269532,-2.7928809495,-3.4221500493,-3.075096341,-3.4187427144
-0.7288976396,-3.4093771971,-0.924847657,-3.1490464036,-1.367394987,-3.497535455,-1.0376072386,-3.5759701477,-1.3580282771,-3.7514099494,-2.0105077189,-4.0364324709,-1.6967016315,-3.8698925017,-1.3153280869,-3.2040063111,-2.1637733138,-3.5752520681,-1.2934011603,-2.8695820021,-1.6080589318,-3.550397084,-1.5882964168,-3.0863525548,-1.8345549515,-3.3276398703,-2.2951883568,-3.9937744788,-2.4123618433,-3.4595129395,-1.8864638752,-3.5646108762,-2.1670014119,-3.3388650266,-2.4155516035,-3.7231715291,-2.1554062768,-3.768816705,-2.6730596455,-3.9616434164
-1.1202612337,-3.1417687296,-1.129336407,-3.4158525714,-1.4480332696,-3.4820269312,-1.4107234386,-3.1476518968,-1.7347638513,-2.7531978535,-2.1813956014,-3.6683585772,-2.0708227147,-3.9133115991,-1.6886853825,-3.0892705286,-2.3899434267,-3.9213579687,-2.1071167858,-2.6874083858,-2.0145185845,-3.3669296739,-2.039567162,-2.9976899689,-2.3617193782,-3.5355679158,-2.2645580883,-3.194403208,-2.5988469509,-3.6718524549,-2.4450613726,-2.9230459083,-2.8236504089,-3.6436814988,-2.5743402085,-3.3753693729,-3.2691716681,-2.8879860805,-2.7760621517,-3.3266064114
-0.8081090296,-3.8454717832,-1.1367940872,-4.023950709,-1.5931412665,-4.1673692028,-1.1298050835,-3.7162790228,-0.8433183538,-3.5084842005,-2.3303135415,-4.3536792034,-2.2234293727,-4.5979799277,-1.4798301716,-3.8320946384,-2.6903603226,-4.3403551523,-1.1504305421,-3.3273608071,-1.8833236016,-4.3298822576,-1.4025222435,-3.5220664822,-2.0506334353,-4.1142235954,-1.8320743775,-3.8426472357,-2.4031852348,-4.1340701137,-1.69763572,-3.4511635168,-2.8441586912,-4.0563578087,-2.3168231639,-3.9156584645,-2.0125822093,-3.5722346016,-2.35151935,-3.6779847019
-0.8092129145,-3.8838446023,-0.9624776992,-3.6871093104,-1.6970249525,-4.4856675683,-1.2859731025,-4.2555279491,-1.0319183499,-3.2766936968,-2.0216591106,-4.3053809192,-2.0614862463,-4.5749320599,-1.4617041648,-3.9881623559,-2.5552573716,-4.4458209412,-1.2681702516,-3.4180832961,-1.7274130706,-4.2087000921,-1.32956137,-3.7003789944,-2.2056160913,-4.3035104596,-1.5718334741,-3.4595567298,-1.8692839451,-4.0003395196,-1.6532827724,-3.7230378604,-2.8280265252,-4.2520525173,-2.1431160193,-3.9869528415,-1.9639725295,-3.671035058,-2.4609783336,-4.1323340483
-0.6873479393,-3.3990780883,-0.4498792038,-3.0705338297,-1.2531589689,-3.7384045396,-1.7829814927,-3.8177140128,-0.8133757541,-3.0807623326,-2.3480314931,-3.9463413797,-2.0511592535,-3.7704885318,-1.3277218401,-3.3876132542,-2.4284626125,-3.4342667436,-1.1096054773,-2.9208999424,-1.6764943324,-3.5062138195,-1.4299635269,-3.0430657098,-2.718153088,-3.6567998538,-2.075015113,-3.488685004,-2.170699769,-3.2367137745,-1.9610550794,-2.9079275169,-2.9652272456,-3.44509493,-2.3507706217,-3.6827816436,-1.8089895383,-3.2159679231,-2.6576254576,-3.3615788814
-0.7225443658,-3.8332251636,-0.9969398339,-3.7007608148,-1.6651268192,-4.237864128,-1.7249146729,-3.9427158646,-0.9443407539,-3.3680932122,-2.6470328942,-3.9662712837,-2.3572617603,-4.0477451326,-1.3190464364,-3.7832690053,-2.160079555,-3.6174684564,-2.0207589199,-3.1210774454,-2.3140789521,-3.7535621799,-1.390159524,-3.457292763,-2.7398576881,-3.7199903498,-1.7840136015,-3.6811226691,-2.0997086595,-3.9268658067,-1.617334889,-3.1912939265,-3.0380885077,-3.5616289297,-1.9031637982,-3.4384170357,-2.2765211411,-3.3110097525,-2.6038409654,-3.4538721843
-0.9319298569,-3.2441227418,-1.3504470443,-3.4534959391,-1.9121728725,-3.6494357649,-1.5271844879,-3.1968608723,-1.2153418324,-2.918073904,-2.6503612213,-3.6321729641,-2.8705585901,-3.7444045325,-1.8795482167,-3.2812656751,-3.0380774372,-3.3522250386,-1.7107039925,-2.8440228104,-2.5153783442,-3.8588481879,-1.978198206,-2.9622408608,-2.8358378405,-3.5035891215,-2.2737902148,-3.5726983721,-2.5008677671,-3.4548726874,-2.4087579069,-2.9452274312,-2.7871388054,-3.2629667944,-2.2584861424,-3.2679218342,-3.1688907972,-3.1338934223,-2.5345423203,-3.2407581488
-2.0797128263,-3.3925381662,-2.3217065669,-3.1742797282,-2.1892593766,-3.7007406381,-2.8496492421,-4.0729452898,-2.6120076037,-3.4647690296,-3.1841639141,-3.8400418381,-3.3117280707,-4.1629697101,-2.9426935452,-3.8222718544,-2.9520208155,-3.4294600382,-2.7404819686,-3.1889135013,-3.0108032801,-3.6354570305,-3.001342163,-3.1858276857,-3.4537624,-3.9350983351,-3.2094369561,-3.3862839852,-3.6911297426,-3.7989809891,-3.2838141699,-3.0365664003,-3.7402164997,-3.5550969618,-3.8068053357,-4.0360800754,-3.5208174414,-3.245901335,-3.4272611376,-3.6472167394
-1.038427125,-3.3633260847,-1.330547502,-3.3008848318,-1.6034348179,-3.7734201212,-2.0680518624,-3.4277713327,-1.5277487462,-2.9826258854,-2.7918440602,-3.8174046012,-2.1171113565,-3.7578816743,-1.7320104455,-3.4672110259,-2.4454963609,-3.7978373818,-3.060268367,-3.0322474701,-1.8111646847,-3.1872098662,-2.0855895299,-3.06033857,-2.6631508333,-3.5433182012,-2.4077589521,-3.4086620237,-2.8979167944,-3.5555070176,-2.4306661214,-3.0541176517,-3.2695416875,-3.4373040826,-2.9680965915,-3.2905265406,-2.631694612,-3.2229469146,-3.3104397996,-3.1205290669
-1.4510201457,-3.3714295959,-1.690287739,-3.1494640338,-2.6037616366,-3.7637789166,-2.1771490557,-3.6836660413,-2.1934784262,-3.0475767184,-3.0472994643,-3.7035235532,-2.4412542641,-3.4808391437,-2.1753340425,-3.3455346052,-3.4680816941,-3.4434297834,-2.4461356169,-3.1024436438,-2.7472285094,-3.4890643306,-2.6508904767,-3.2040486759,-3.142775721,-3.4972413082,-3.1288960605,-3.2506219709,-3.4393526167,-3.1930115472,-2.8854070861,-3.1840049723,-3.7306957382,-3.0970309286,-3.23625022,-3.0408164012,-3.274538246,-2.8124271452,-3.5009597419,-2.8987838107
-1.2860390127,-3.538821683,-1.6293829898,-3.281661044,-1.9776508577,-3.8414293055,-1.7107828628,-3.5886694033,-1.9073012298,-3.1173405779,-2.4390342807,-3.7691338779,-2.705854287,-4.0051040619,-2.0291951556,-3.4450066729,-2.8449908256,-3.7797771289,-2.2416308496,-2.881617519,-2.4584861183,-4.0185549768,-2.2773560087,-3.1918096307,-2.3397510925,-3.4954776027,-2.5557023263,-3.198083052,-2.6373198145,-3.5151469115,-3.2385578614,-2.8995191361,-3.1459501942,-3.8610673387,-2.8851775651,-3.4629952943,-2.8808602843,-3.1923362544,-3.1250585193,-3.5229781453
-1.1782368632,-3.7679123859,-1.3625497998,-3.3207790757,-1.5062376457,-3.944966866,-1.7918539939,-3.7315467148,-1.0492257793,-3.3049428399,-2.3667786033,-3.9340603991,-2.0993562503,-3.7914796964,-1.4886644522,-3.5948713059,-2.8245785069,-3.904682165,-1.6792581909,-3.0062649075,-1.7709855035,-3.4006176528,-1.9803773449,-3.1024070509,-2.6004967288,-3.6261586182,-2.1145564922,-3.4901951164,-2.3400218744,-3.5852447045,-2.4895636617,-3.1180990331,-2.8989330011,-3.6017304704,-3.1194092502,-3.2365171486,-2.7695345569,-3.2479150977,-2.3460216597,-3.3288674567
-1.0172215854,-3.5334332221,-0.7509878854,-3.2470435026,-1.6513509355,-3.7933129375,-1.3440331567,-3.7812880877,-1.0386285476,-3.169284345,-2.4045898648,-3.9726968561,-2.2448381262,-4.2043608699,-1.3438936289,-3.4547029399,-2.7552261157,-3.9691121728,-1.3081871692,-2.9848133559,-1.9355510002,-3.9895696633,-1.5927574828,-3.2857590314,-2.1009414426,-3.790651211,-1.8279833169,-3.5117663829,-2.3988016149,-3.7191468463,-1.6225945275,-2.9586377318,-2.8305557324,-3.6702903141,-2.1132254934,-3.4838670638,-1.9175892356,-3.1757444385,-2.4604758916,-3.4753097916
-0.6701061342,-3.6866583968,-0.4890121087,-3.4404972163,-1.6226133738,-4.3059344098,-1.0540936209,-4.003056656,-0.7280912883,-3.235174774,-1.773711846,-3.7859304002,-1.6443452743,-4.0292577137,-1.2362909657,-3.732478887,-2.6080242909,-3.956419308,-1.2292026716,-3.0925707321,-1.4588692642,-3.7502966632,-1.0175711132,-3.4620930311,-2.4355159539,-4.2082347046,-1.6211366701,-3.4715640797,-2.1195307121,-4.0131443404,-1.3011914743,-3.4014896233,-2.8180739901,-3.7106532992,-2.0892072492,-3.695290082,-2.2988957972,-3.3828910614,-2.4319270425,-3.7104401721
-1.1758114815,-3.6749582292,-1.2699023376,-3.3562246526,-2.0427471824,-4.0549003241,-1.6438495182,-3.880865058,-1.599114784,-3.4598925732,-2.7110221136,-4.2877850295,-2.4800694087,-3.9955062744,-1.9120793668,-3.7040044533,-3.0582843423,-4.0318354514,-1.7852393202,-3.1255999676,-2.2255815932,-3.7307411085,-1.9943336058,-3.3989602721,-3.0325672386,-4.3169336659,-2.7277851553,-3.9865049912,-2.7690229242,-3.7420135376,-2.2953879857,-3.3042945352,-3.3673631432,-3.8694525473,-2.6039310186,-3.3858512688,-2.5157136407,-3.6540267473,-2.9853839269,-3.7572169069
-1.7613079817,-3.1755709083,-2.1304874816,-2.9824919134,-2.2132835219,-3.6493082006,-2.0817389442,-3.3054848063,-2.4900150776,-2.975861646,-2.7978355659,-3.68724386,-2.9621862331,-3.8973889308,-2.4154948904,-3.2439720845,-2.5142509329,-3.5291380888,-2.8111314055,-3.1733348204,-3.5543731561,-3.5198600916,-2.579814023,-3.7780627089,-3.0038344355,-3.361899248,-3.3118406657,-3.6240628705,-3.3924768972,-3.2898465959,-2.8799116487,-3.4574146009,-3.1034069839,-3.1902646233,-3.1828890639,-3.3984812737,-3.0877905757,-3.5872551868,-3.356169392,-3.0259179935
-1.1138762164,-3.3304428195,-1.3573545651,-3.1134120182,-1.9759417586,-3.8978581988,-1.605870318,-3.4051226372,-1.6719052735,-3.0272854735,-1.9365082378,-3.5974070634,-2.5440614182,-3.822828047,-2.030161255,-3.2836041819,-2.5220790146,-3.3081508593,-2.0443420719,-2.8893292917,-2.9414848326,-3.7674757739,-2.3220373293,-3.4894776985,-3.0173602075,-3.3385762622,-2.5890481639,-3.5423731989,-2.9781599737,-3.5495194425,-3.0335365319,-3.134896058,-2.7752681398,-3.327323059,-2.2871155757,-3.1134968323,-3.2428979394,-2.922148918,-3.3089472701,-3.2291570652
-0.9723964973,-3.6632326609,-1.5108790643,-3.6685237867,-1.803301542,-4.1527404474,-1.8020785162,-3.8235517281,-1.4436430699,-3.9258405424,-2.1451872255,-4.3478653679,-2.8177123601,-4.2030629535,-1.684123478,-3.4696199874,-3.0082186013,-3.9588621417,-1.6338287829,-3.1337382755,-2.5166946872,-4.2943266833,-1.9471763183,-3.5190837864,-2.7533425171,-3.6400546924,-2.2660724594,-4.073729127,-2.7391580014,-3.920255025,-2.5094955379,-3.312620668,-2.5462287578,-3.805780844,-2.5524698615,-4.057218094,-2.2410762322,-3.5464363643,-2.2739864198,-3.8486661927
-0.8272808348,-3.849551884,-1.0214624126,-3.6265636156,-1.4742572793,-4.1687169106,-1.3416941586,-3.8630628198,-1.2892344237,-3.4071617996,-1.9395221642,-3.9990763022,-2.0031524598,-4.2778933172,-1.5425744383,-3.6335559736,-2.7211740515,-4.168308337,-1.6124149868,-3.2770029708,-1.8975480126,-3.7009829322,-1.916485073,-3.3764018643,-2.2808895823,-4.0092055281,-2.334551369,-3.6104688505,-2.5718165739,-3.8993402481,-2.2640530366,-3.2523988453,-2.9469352399,-3.5638674311,-2.6556653181,-3.6317883949,-2.5637705201,-3.3168990796,-3.193017133,-3.7726829822
-1.7281129192,-3.216025414,-2.1903694663,-2.9395785614,-2.3726614639,-3.6231994466,-2.0951744027,-3.6524929338,-2.0964764312,-3.236953862,-2.8762592048,-4.0579323213,-2.784056693,-3.5549891196,-2.3949746495,-3.3078015576,-3.0068095878,-3.8189682892,-2.5523321655,-3.0331049817,-2.6487956241,-3.7773379151,-2.6993939204,-3.2724234946,-3.0119892309,-3.5403054178,-2.9207380468,-3.2231680735,-3.3156440087,-2.8460176429,-3.2241535024,-3.0844549587,-3.4227652634,-3.569588742,-3.3207550697,-3.8233723984,-3.1578845184,-3.316001072,-3.4200136655,-3.316309575
-0.2502657631,-3.0742637083,-0.5769111947,-3.0133444647,-1.3143395954,-3.5069782402,-0.9294918082,-3.302203649,-0.8412882092,-2.7409747428,-2.2077217666,-3.7533342892,-1.8707562275,-3.698132307,-1.1335543283,-2.9947093232,-2.2359380239,-3.1705423232,-2.0176215517,-2.872550292,-1.6090855807,-3.3656389871,-1.4574506763,-2.8432977643,-2.6301619812,-3.7384183688,-1.7387723475,-3.0655976529,-1.9711132483,-3.4124805834,-3.0385425986,-3.1345343724,-2.6005844066,-3.2446994684,-2.7716593305,-3.426565372,-2.189682011,-3.3851496773,-2.4149315131,-3.4949888501
-1.3877815896,-3.4610175185,-1.6126278736,-3.2725957813,-1.9487857313,-3.7660132485,-2.2639404723,-3.7004417494,-1.3662114498,-3.0062729236,-2.8218982887,-3.6724490897,-2.7366502655,-3.9295179473,-1.9657950741,-3.3981925693,-2.8963945646,-3.4592942053,-1.9422251058,-3.0091876724,-2.5376202855,-3.6705742018,-2.3145185433,-2.9843529483,-3.423887974,-3.6282809933,-2.5314590834,-3.4148911612,-3.0894459703,-3.5864845394,-2.263440201,-3.2702701015,-3.4382101337,-3.3627649737,-2.9209767519,-3.230191284,-2.6288027242,-3.1596629088,-3.2087473057,-3.1866170195
