id,x[m],y[m],z[m],t[s]
1,2.7839973038,3.2366594287,0.5,1
1,2.8119706372,3.2080676009,0.5,2
1,2.7726730814,3.2155309852,0.5,3
1,2.7334498544,3.2233756306,0.5,4
1,2.694058512,3.230327044,0.5,5
1,2.6553755305,3.2405067759,0.5,6
1,2.6164632819,3.249771597,0.5,7
1,2.5781963267,3.2614180617,0.5,8
1,2.5396777659,3.2722032587,0.5,9
1,2.50095789,3.282241745,0.5,10
1,2.4619111951,3.2909225064,0.5,11
1,2.4226548587,3.2985997489,0.5,12
1,2.3843296904,3.310053197,0.5,13
1,2.3448831729,3.3166843553,0.5,14
1,2.3057905078,3.3251556914,0.5,15
1,2.2666938214,3.333608449,0.5,16
1,2.2271810784,3.339832848,0.5,17
1,2.1880969812,3.3483436261,0.5,18
1,2.1488212515,3.3559210304,0.5,19
1,2.1090720937,3.3603936641,0.5,20
1,2.0690823036,3.3612973748,0.5,21
1,2.0291790039,3.3640770639,0.5,22
1,1.9894430794,3.3686657787,0.5,23
1,1.9498393773,3.3742824306,0.5,24
1,1.910375995,3.367752388,0.5,25
1,1.8706464255,3.3631089723,0.5,26
1,1.8321992264,3.3520720852,0.5,27
1,1.7933751285,3.3424445506,0.5,28
1,1.7542303767,3.334217254,0.5,29
1,1.7148145401,3.3274060994,0.5,30
1,1.6754305192,3.3204133249,0.5,31
1,1.6371727976,3.3087365644,0.5,32
1,1.5973605519,3.3048655057,0.5,33
1,1.5587177663,3.2945342368,0.5,34
1,1.519690183,3.2857679521,0.5,35
1,1.4803818342,3.278361623,0.5,36
1,1.4410898511,3.2708689556,0.5,37
1,1.4033158806,3.2577111764,0.5,38
1,1.3641541686,3.2495649927,0.5,39
1,1.3265219649,3.2360070707,0.5,40
1,1.2934549527,3.2134999006,0.5,41
1,1.2644691725,3.1859349855,0.5,42
1,1.2359170531,3.1579211233,0.5,43
1,1.2061319592,3.1312219063,0.5,44
1,1.1793437171,3.1015168548,0.5,45
1,1.1487235952,3.0757795641,0.5,46
1,1.1152864503,3.0538260372,0.5,47
1,1.0821610453,3.0314048968,0.5,48
1,1.0491644902,3.0087945595,0.5,49
1,1.0162149176,2.9861158103,0.5,50
1,0.9839577491,2.9624625846,0.5,51
1,0.9526587425,2.937555313,0.5,52
1,0.9220348248,2.9118225387,0.5,53
1,0.8941272537,2.8831665189,0.5,54
1,0.867983426,2.8528927633,0.5,55
1,0.8403469983,2.8239751586,0.5,56
1,0.8099474212,2.7979777412,0.5,57
1,0.777551401,2.77451505,0.5,58
1,0.7431961938,2.7540279873,0.5,59
1,0.7071670851,2.7366526219,0.5,60
1,0.6697949415,2.7223934885,0.5,61
1,0.6317908263,2.7099160199,0.5,62
1,0.5928766391,2.7006593446,0.5,63
1,0.5540522609,2.6910329404,0.5,64
1,0.5148637252,2.6830167899,0.5,65
1,0.4753613377,2.6767270062,0.5,66
1,0.4355535906,2.6728099569,0.5,67
1,0.3956213703,2.6704823447,0.5,68
1,0.3556255943,2.6710636379,0.5,69
1,0.3159833575,2.676401527,0.5,70
1,0.2778614963,2.688514483,0.5,71
1,0.2405963867,2.703051044,0.5,72
1,0.2015077406,2.7115409052,0.5,73
1,0.1624659664,2.7202437708,0.5,74
1,0.1232235044,2.7279916203,0.5,75
1,0.0850299158,2.739876476,0.5,76
1,0.0459462571,2.7483892675,0.5,77
1,0.0059706774,2.7497867772,0.5,78
1,-0.033886785,2.753160601,0.5,79
1,-0.0730489842,2.7450167597,0.5,80
1,-0.1129710927,2.7425217141,0.5,81
2,2.6160194997,2.6880900373,0.5,1
2,2.5961366216,2.7227984103,0.5,2
2,2.5734757379,2.7557602724,0.5,3
2,2.5474283739,2.7861170645,0.5,4
2,2.5102515503,2.8008779515,0.5,5
2,2.4915188465,2.7655355434,0.5,6
2,2.4539841802,2.7793612016,0.5,7
2,2.4939750715,2.7802147904,0.5,8
2,2.4541027281,2.7770216364,0.5,9
2,2.4886513847,2.7971807615,0.5,10
2,2.4491157359,2.8032579709,0.5,11
2,2.4872550397,2.7912000478,0.5,12
2,2.4524462148,2.8109065369,0.5,13
2,2.4215973991,2.836369266,0.5,14
2,2.3819429156,2.8416154009,0.5,15
2,2.4164171686,2.8619015015,0.5,16
2,2.3765590445,2.8652674997,0.5,17
2,2.3856109312,2.9042298322,0.5,18
2,2.3456716165,2.9064323633,0.5,19
2,2.3376930428,2.9456285667,0.5,20
2,2.3010335662,2.9616311533,0.5,21
2,2.2760030005,2.9928316465,0.5,22
2,2.3134987332,3.0067625485,0.5,23
2,2.2739826721,3.0129658473,0.5,24
2,2.2382999575,3.0310419053,0.5,25
2,2.2441705625,3.0706087601,0.5,26
2,2.2717776265,3.099554399,0.5,27
2,2.2319694889,3.1034674765,0.5,28
2,2.1929151456,3.1121137632,0.5,29
2,2.1549687,3.1247655323,0.5,30
2,2.1183463363,3.1408528714,0.5,31
2,2.0812454775,3.1558036666,0.5,32
2,2.0427868143,3.1668005401,0.5,33
2,2.0044747545,3.1782977602,0.5,34
2,1.9655277558,3.1874153967,0.5,35
2,1.9256185551,3.1901090373,0.5,36
2,1.8856192797,3.1903498051,0.5,37
2,1.8456248032,3.1896850867,0.5,38
2,1.8056397944,3.1907801071,0.5,39
2,1.7656403729,3.1909952217,0.5,40
2,1.7261554944,3.1845964426,0.5,41
2,1.6872718956,3.1752121074,0.5,42
2,1.6756332487,3.1369427737,0.5,43
2,1.6377087959,3.1496603159,0.5,44
2,1.5980882973,3.1551572321,0.5,45
2,1.5581468161,3.1573201201,0.5,46
2,1.5181488056,3.1569211842,0.5,47
2,1.4782811897,3.1601728309,0.5,48
2,1.4383022382,3.1614703057,0.5,49
2,1.3986257538,3.1665473698,0.5,50
2,1.3588640034,3.1709066369,0.5,51
2,1.3208005603,3.1586113413,0.5,52
2,1.2818367967,3.1495656169,0.5,53
2,1.2429934786,3.1400159237,0.5,54
2,1.2044528028,3.1293100229,0.5,55
2,1.1645862712,3.1260451105,0.5,56
2,1.1259652322,3.1156328413,0.5,57
2,1.0860850633,3.1125389565,0.5,58
2,1.0461341079,3.1105587624,0.5,59
2,1.0064685745,3.1053968389,0.5,60
2,0.9670719874,3.0984752112,0.5,61
2,0.9277587951,3.0910946349,0.5,62
2,0.8884048376,3.0839346045,0.5,63
2,0.8492193502,3.0759035662,0.5,64
2,0.8100822741,3.0676398336,0.5,65
2,0.7711902574,3.058290447,0.5,66
2,0.7325137723,3.0480860604,0.5,67
2,0.6943708926,3.036039454,0.5,68
2,0.6586759952,3.0179874652,0.5,69
2,0.6255880014,2.9955111518,0.5,70
2,0.5956369085,2.9689982862,0.5,71
2,0.6349885373,2.9761711039,0.5,72
2,0.5960102329,2.9671882434,0.5,73
2,0.5597210646,2.9503627785,0.5,74
2,0.5336573576,2.920020017,0.5,75
2,0.5039853332,2.893195197,0.5,76
2,0.4770569993,2.8636170829,0.5,77
2,0.4525282336,2.8320205696,0.5,78
2,0.4252567403,2.8027585524,0.5,79
2,0.3876368247,2.7891665712,0.5,80
2,0.3526670026,2.7697472112,0.5,81
3,2.9750955034,2.6981355839,0.5,1
3,3.001063377,2.7285604017,0.5,2
3,3.0209501272,2.7632665563,0.5,3
3,3.0337011071,2.8011797798,0.5,4
3,3.0435723437,2.8399426317,0.5,5
3,3.0501056545,2.8794054731,0.5,6
3,3.053607517,2.9192518902,0.5,7
3,3.0556484385,2.9591997893,0.5,8
3,3.0544609094,2.9991821576,0.5,9
3,3.0522916319,3.0391232922,0.5,10
3,3.0491230309,3.0789975943,0.5,11
3,3.0463529404,3.1189015615,0.5,12
3,3.0423216124,3.1586978979,0.5,13
3,3.0358366905,3.1981687199,0.5,14
3,3.0300007697,3.2377407053,0.5,15
3,3.0208785016,3.2766866194,0.5,16
3,3.0128159,3.3158656247,0.5,17
3,3.0028149286,3.3545952074,0.5,18
3,2.9933301461,3.3934544263,0.5,19
3,2.9781872921,3.4304773108,0.5,20
3,2.9647308798,3.4681459313,0.5,21
3,2.9487406578,3.5048108027,0.5,22
3,2.9239357246,3.5361909762,0.5,23
3,2.8896868743,3.5568553478,0.5,24
3,2.8497501029,3.5546071719,0.5,25
3,2.8123986719,3.5402938703,0.5,26
3,2.7724031691,3.5408936638,0.5,27
3,2.7365499834,3.5586291953,0.5,28
3,2.7010287161,3.5770204859,0.5,29
3,2.661042132,3.5780563869,0.5,30
3,2.6210687449,3.5795152661,0.5,31
3,2.5810797606,3.5804539523,0.5,32
3,2.54108002,3.580309886,0.5,33
3,2.5013556639,3.5849976927,0.5,34
3,2.4623857697,3.5940169688,0.5,35
3,2.4232151044,3.602119992,0.5,36
3,2.3834433038,3.5978533923,0.5,37
3,2.3438209491,3.603336914,0.5,38
3,2.3043229043,3.5970199163,0.5,39
3,2.2648479945,3.5905599245,0.5,40
3,2.2249477067,3.5877373313,0.5,41
3,2.185156724,3.5836534975,0.5,42
3,2.145497694,3.5784418438,0.5,43
3,2.1059308241,3.5725713408,0.5,44
3,2.0666117799,3.5652220029,0.5,45
3,2.0274649813,3.5570044511,0.5,46
3,1.9876499723,3.5608469833,0.5,47
3,1.9490798864,3.550247527,0.5,48
3,1.9092220431,3.5468782046,0.5,49
3,1.8692241896,3.5464638263,0.5,50
3,1.8293170599,3.5491879776,0.5,51
3,1.7894311629,3.5461688354,0.5,52
3,1.7495518941,3.543063369,0.5,53
3,1.7097099754,3.5395106915,0.5,54
3,1.6697145027,3.540112493,0.5,55
3,1.6297295804,3.5412106676,0.5,56
3,1.6562131609,3.511233677,0.5,57
3,1.6916365075,3.4926544812,0.5,58
3,1.7146507912,3.4599383882,0.5,59
3,1.6746681465,3.4611165736,0.5,60
3,1.6972364535,3.4280912573,0.5,61
3,1.6996584908,3.388164653,0.5,62
3,1.6875919619,3.350028071,0.5,63
3,1.677975606,3.3112012028,0.5,64
3,1.653165627,3.2798250184,0.5,65
3,1.6262837762,3.2502046522,0.5,66
3,1.5960019023,3.2240702283,0.5,67
3,1.5611695013,3.2044054416,0.5,68
3,1.5222129798,3.1953285788,0.5,69
3,1.4824566693,3.1909199768,0.5,70
3,1.4424630037,3.1902081388,0.5,71
3,1.4026170479,3.1937152471,0.5,72
3,1.3635953417,3.2025076552,0.5,73
3,1.3245094585,3.2110102278,0.5,74
3,1.2851556017,3.2181708108,0.5,75
3,1.2455275614,3.2236130918,0.5,76
3,1.205716777,3.2274991503,0.5,77
3,1.1657596075,3.2293497195,0.5,78
3,1.1257714388,3.2303225307,0.5,79
3,1.0857847557,3.2313546039,0.5,80
3,1.0457863157,3.2317078657,0.5,81
4,2.7746586923,2.3649232331,0.5,1
4,2.8121643457,2.3788274037,0.5,2
4,2.8405392597,2.4070207407,0.5,3
4,2.8587559468,2.442631867,0.5,4
4,2.8786760905,2.4773188656,0.5,5
4,2.898153275,2.5122565141,0.5,6
4,2.9051192965,2.5516452758,0.5,7
4,2.9223237417,2.5877563138,0.5,8
4,2.920528908,2.6277160256,0.5,9
4,2.9290572175,2.6667963012,0.5,10
4,2.9265037914,2.7067147182,0.5,11
4,2.9389447895,2.744730788,0.5,12
4,2.9194603371,2.7796643838,0.5,13
4,2.9013429598,2.815326137,0.5,14
4,2.8725439373,2.8430861137,0.5,15
4,2.8688110727,2.8829115543,0.5,16
4,2.8435879827,2.9139566139,0.5,17
4,2.8365400511,2.9533308017,0.5,18
4,2.8063273614,2.9795451753,0.5,19
4,2.7965474919,3.0183311798,0.5,20
4,2.7682774803,3.0466297035,0.5,21
4,2.741690583,3.0765150996,0.5,22
4,2.7776840677,3.0939641414,0.5,23
4,2.7384391606,3.1016995964,0.5,24
4,2.712663914,3.071111418,0.5,25
4,2.7513397246,3.0609044756,0.5,26
4,2.728438684,3.0936999378,0.5,27
4,2.692329752,3.1109088026,0.5,28
4,2.6540665356,3.1225675448,0.5,29
4,2.6140863245,3.121309484,0.5,30
4,2.5741933597,3.1242337547,0.5,31
4,2.5379935458,3.1412506134,0.5,32
4,2.5005829665,3.155408599,0.5,33
4,2.4623736187,3.1672426912,0.5,34
4,2.4253831669,3.182464599,0.5,35
4,2.3855613017,3.1862354142,0.5,36
4,2.3460461175,3.1800265319,0.5,37
4,2.3065554212,3.1863893066,0.5,38
4,2.2718024699,3.1665844491,0.5,39
4,2.2337965625,3.179056458,0.5,40
4,2.1995926798,3.1583177404,0.5,41
4,2.1597922669,3.1543268589,0.5,42
4,2.1228575613,3.1389701821,0.5,43
4,2.0834842894,3.1319171362,0.5,44
4,2.0453143283,3.119956615,0.5,45
4,2.0053229918,3.1207890858,0.5,46
4,1.9656018312,3.1160742796,0.5,47
4,1.9256068137,3.1167056093,0.5,48
4,1.8864821385,3.1083833627,0.5,49
4,1.8467846482,3.1132934818,0.5,50
4,1.808590886,3.1014091841,0.5,51
4,1.7685975322,3.1021383238,0.5,52
4,1.7286299776,3.1037490945,0.5,53
4,1.6897863609,3.0942006161,0.5,54
4,1.6561288586,3.1158147906,0.5,55
4,1.6217493,3.0953686186,0.5,56
4,1.5842821499,3.0813610255,0.5,57
4,1.544895391,3.0743836892,0.5,58
4,1.5056756179,3.0665217936,0.5,59
4,1.4665571873,3.0748733435,0.5,60
4,1.4280192248,3.0641576798,0.5,61
4,1.3886785693,3.0569249192,0.5,62
4,1.3489995819,3.0518674533,0.5,63
4,1.3103144048,3.0416960684,0.5,64
4,1.2722331526,3.0294560428,0.5,65
4,1.2343270579,3.0166838859,0.5,66
4,1.1978427281,3.0002859081,0.5,67
4,1.162954301,2.9807206928,0.5,68
4,1.1289330574,2.9596837019,0.5,69
4,1.0973490161,2.9351388789,0.5,70
4,1.0673116984,2.9087237403,0.5,71
4,1.0573947045,2.8699725696,0.5,72
4,1.0384583728,2.8347388451,0.5,73
4,1.0165205216,2.8012914135,0.5,74
4,0.9972366988,2.7662466681,0.5,75
4,0.9782282601,2.7310517926,0.5,76
4,0.9597814601,2.6955593206,0.5,77
4,0.9467112253,2.6577549695,0.5,78
4,0.908290768,2.6466253487,0.5,79
4,0.8858597817,2.6797440874,0.5,80
4,0.8458814871,2.6810616474,0.5,81
5,3.0456251418,1.9407219323,0.5,1
5,3.049227394,1.9805593993,0.5,2
5,3.0555101715,2.0200629017,0.5,3
5,3.0634998194,2.0592568493,0.5,4
5,3.072979608,2.0981172869,0.5,5
5,3.0839489827,2.1365838024,0.5,6
5,3.095428584,2.1749011452,0.5,7
5,3.1081733042,2.2128164733,0.5,8
5,3.1162599725,2.2519905182,0.5,9
5,3.1184489055,2.2919305805,0.5,10
5,3.1237240281,2.3315812183,0.5,11
5,3.1135470518,2.3702649249,0.5,12
5,3.0913728842,2.4035561593,0.5,13
5,3.1048321548,2.4412237586,0.5,14
5,3.1159380941,2.479651068,0.5,15
5,3.0873133015,2.5075906681,0.5,16
5,3.0680659127,2.5426554371,0.5,17
5,3.0912514059,2.5752504199,0.5,18
5,3.0645057004,2.604993776,0.5,19
5,3.0439469325,2.6393061217,0.5,20
5,3.0294709352,2.6765947996,0.5,21
5,3.0600169004,2.7024200588,0.5,22
5,3.0200373781,2.7036998254,0.5,23
5,2.9938786765,2.6734389211,0.5,24
5,3.0338726856,2.6741311919,0.5,25
5,3.0115872137,2.707348021,0.5,26
5,3.0265824756,2.7444309298,0.5,27
5,3.0261693642,2.7844287965,0.5,28
5,3.0207378825,2.8240583184,0.5,29
5,3.0098166979,2.8625385435,0.5,30
5,3.0048415164,2.9022279321,0.5,31
5,2.993096079,2.9404646252,0.5,32
5,2.9798464523,2.9782064772,0.5,33
5,2.964984124,3.0153428637,0.5,34
5,2.9519301906,3.0531528468,0.5,35
5,2.9327824398,3.0882721241,0.5,36
5,2.9208214675,3.1264419439,0.5,37
5,2.9005282742,3.1609120223,0.5,38
5,2.8818158135,3.1962651525,0.5,39
5,2.8631395438,3.2316374149,0.5,40
5,2.8451769099,3.2673773615,0.5,41
5,2.8249985002,3.3019147584,0.5,42
5,2.8054588418,3.3368175054,0.5,43
5,2.7870150521,3.3723115418,0.5,44
5,2.7614734537,3.4030950885,0.5,45
5,2.7355625592,3.4335684465,0.5,46
5,2.7032298693,3.4571183332,0.5,47
5,2.6676865121,3.4754668962,0.5,48
5,2.6318330893,3.4932019482,0.5,49
5,2.5926653067,3.5013188937,0.5,50
5,2.5531463471,3.5075037004,0.5,51
5,2.513848568,3.5149659091,0.5,52
5,2.4748530879,3.5238739129,0.5,53
5,2.4360609671,3.5336294941,0.5,54
5,2.3961465132,3.5362441393,0.5,55
5,2.3569847172,3.5443899194,0.5,56
5,2.3173349796,3.5391080342,0.5,57
5,2.2773376271,3.539568241,0.5,58
5,2.2386682921,3.5293367927,0.5,59
5,2.1999616796,3.519247286,0.5,60
5,2.1745775089,3.5501607762,0.5,61
5,2.1565584038,3.5144492675,0.5,62
5,2.1232694837,3.5366269093,0.5,63
5,2.098262068,3.5054078581,0.5,64
5,2.0712550978,3.534914189,0.5,65
5,2.041617959,3.508050831,0.5,66
5,2.0071788332,3.528396509,0.5,67
5,1.9957538537,3.4900628444,0.5,68
5,2.0148116827,3.5252309997,0.5,69
5,2.0371664898,3.4920607933,0.5,70
5,2.0607414174,3.459746357,0.5,71
5,2.1000433614,3.4671865987,0.5,72
5,2.1113706654,3.4288239582,0.5,73
5,2.1236777936,3.3907643392,0.5,74
5,2.1264499772,3.3508605174,0.5,75
5,2.1216673094,3.3111474705,0.5,76
5,2.1116459497,3.2724231584,0.5,77
5,2.0951475323,3.2359841378,0.5,78
5,2.0717402143,3.2035480859,0.5,79
5,2.0383381781,3.1815411783,0.5,80
5,1.999533782,3.1718345393,0.5,81
6,2.5498052574,1.9409614203,0.5,1
6,2.5577629212,1.9801618742,0.5,2
6,2.5681337381,2.0187940649,0.5,3
6,2.5795214506,2.0571388168,0.5,4
6,2.5923289691,2.0950329783,0.5,5
6,2.6067533702,2.1323416455,0.5,6
6,2.6228222399,2.1689721168,0.5,7
6,2.6388496389,2.2056207523,0.5,8
6,2.6560426368,2.2417372419,0.5,9
6,2.6663659356,2.2803821575,0.5,10
6,2.670889151,2.3201255912,0.5,11
6,2.631805476,2.3116128743,0.5,12
6,2.6366373189,2.3513199681,0.5,13
6,2.6743944492,2.3381139424,0.5,14
6,2.6380915213,2.3549096985,0.5,15
6,2.5992457188,2.3644492809,0.5,16
6,2.6360739597,2.3488390062,0.5,17
6,2.6212310957,2.3859831765,0.5,18
6,2.5815314494,2.3810905205,0.5,19
6,2.5520731224,2.4081498437,0.5,20
6,2.590516493,2.4192000587,0.5,21
6,2.5595689063,2.4445426488,0.5,22
6,2.5339168611,2.413851077,0.5,23
6,2.501287166,2.390714461,0.5,24
6,2.5370290203,2.4086732987,0.5,25
6,2.5640751636,2.4381437268,0.5,26
6,2.5737669997,2.4769518227,0.5,27
6,2.5704221378,2.5168117261,0.5,28
6,2.5658168598,2.5565457344,0.5,29
6,2.557778614,2.595729744,0.5,30
6,2.5562359381,2.6356999848,0.5,31
6,2.5453558584,2.6741918523,0.5,32
6,2.5130790527,2.6978182743,0.5,33
6,2.5490819219,2.7152479447,0.5,34
6,2.5160301395,2.7377774738,0.5,35
6,2.550931262,2.7573200336,0.5,36
6,2.5110874844,2.7608518013,0.5,37
6,2.5504263142,2.7680944849,0.5,38
6,2.5277033385,2.8010135732,0.5,39
6,2.5664140417,2.8110873737,0.5,40
6,2.5354483286,2.8364078123,0.5,41
6,2.5341468656,2.8763866341,0.5,42
6,2.5566662848,2.9094453056,0.5,43
6,2.5178099065,2.9189417189,0.5,44
6,2.5025118513,2.9559007436,0.5,45
6,2.4629665636,2.9619149124,0.5,46
6,2.4281348857,2.98158098,0.5,47
6,2.4007107935,3.0107000316,0.5,48
6,2.3618506008,3.0201808237,0.5,49
6,2.3277518743,3.0410919894,0.5,50
6,2.2896493867,3.0532657499,0.5,51
6,2.2572496734,3.0767233409,0.5,52
6,2.2203860842,3.0922499565,0.5,53
6,2.1806224009,3.0965915568,0.5,54
6,2.1451982049,3.115169133,0.5,55
6,2.1053622511,3.1187880813,0.5,56
6,2.0654465185,3.116193031,0.5,57
6,2.0263796234,3.1076036358,0.5,58
6,2.0103623678,3.0709505661,0.5,59
6,1.9836185973,3.1006956622,0.5,60
6,2.0028024497,3.0655960923,0.5,61
6,2.0420136125,3.0735008196,0.5,62
6,2.067372097,3.0425662554,0.5,63
6,2.0625562238,3.0822752892,0.5,64
6,2.0666347639,3.0424837635,0.5,65
6,2.0400806361,3.07239828,0.5,66
6,2.0130564736,3.0429076944,0.5,67
6,1.9770189589,3.0602656186,0.5,68
6,1.9370748936,3.0623802454,0.5,69
6,1.8996922135,3.0481487581,0.5,70
6,1.860156325,3.0542244074,0.5,71
6,1.8227495431,3.068392423,0.5,72
6,1.7828376909,3.0710464866,0.5,73
6,1.7428388903,3.0713562512,0.5,74
6,1.7031766099,3.0765431113,0.5,75
6,1.6653300714,3.0894906793,0.5,76
6,1.6277117696,3.1030871262,0.5,77
6,1.5884179518,3.1105701659,0.5,78
6,1.5491448985,3.1181614297,0.5,79
6,1.5122025327,3.1334996699,0.5,80
6,1.4727549313,3.1401243771,0.5,81
1,-0.1129710927,2.7425217141,0.5,82
1,-0.1529368535,2.7441763936,0.5,83
1,-0.1928818072,2.7420786156,0.5,84
1,-0.2325154877,2.7366775631,0.5,85
1,-0.2717674046,2.7289777567,0.5,86
1,-0.3116548847,2.7319759122,0.5,87
1,-0.3506801577,2.7231993486,0.5,88
1,-0.3885194136,2.7102305125,0.5,89
1,-0.4246889983,2.6931494956,0.5,90
1,-0.4613431095,2.6771346232,0.5,91
1,-0.4919079385,2.6513316926,0.5,92
1,-0.5262600533,2.6308394451,0.5,93
1,-0.559436495,2.6084938926,0.5,94
1,-0.5901906264,2.5829168834,0.5,95
1,-0.6207550791,2.557113507,0.5,96
1,-0.6439661087,2.5245367038,0.5,97
1,-0.6707140469,2.4947953555,0.5,98
1,-0.6936952432,2.4620560119,0.5,99
1,-0.7151564773,2.4283007837,0.5,100
1,-0.7344154937,2.3932423997,0.5,101
1,-0.752549373,2.3575890349,0.5,102
1,-0.7671693643,2.320356578,0.5,103
1,-0.781377949,2.282965187,0.5,104
1,-0.7912675502,2.2442070163,0.5,105
1,-0.7992052226,2.2050025095,0.5,106
1,-0.8085489151,2.1661091243,0.5,107
1,-0.8146479538,2.1265768372,0.5,108
1,-0.8174993842,2.0866785998,0.5,109
1,-0.8208610951,2.0468201139,0.5,110
1,-0.8206088454,2.0068209093,0.5,111
1,-0.8208968819,1.9668219464,0.5,112
1,-0.8211811036,1.9268229561,0.5,113
1,-0.8219739708,1.8868308149,0.5,114
1,-0.8227567416,1.8468384748,0.5,115
1,-0.8240323099,1.8068588184,0.5,116
1,-0.8252920484,1.76687866,0.5,117
1,-0.8270261133,1.726916265,0.5,118
1,-0.828718719,1.6869520924,0.5,119
1,-0.830863078,1.6470096123,0.5,120
1,-0.8299305816,1.6070204831,0.5,121
1,-0.8324855763,1.5671021665,0.5,122
1,-0.8320313186,1.5271047459,0.5,123
1,-0.8320341421,1.487104746,0.5,124
1,-0.8320369032,1.4471047461,0.5,125
1,-0.8324767661,1.4071071647,0.5,126
1,-0.8329118742,1.3671095313,0.5,127
1,-0.8337699642,1.3271187363,0.5,128
1,-0.834618978,1.2871277476,0.5,129
1,-0.8358775157,1.2471475515,0.5,130
1,-0.837110262,1.2071665518,0.5,131
1,-0.8387524648,1.1672002764,0.5,132
1,-0.8404647962,1.1272369442,0.5,133
1,-0.8371827568,1.0873718188,0.5,134
1,-0.8339837851,1.0474999418,0.5,135
1,-0.8273576542,1.0080525795,0.5,136
1,-0.8193823453,0.9688557117,0.5,137
1,-0.8066145938,0.930948133,0.5,138
1,-0.7893560789,0.8948629052,0.5,139
1,-0.7748130413,0.8576003227,0.5,140
1,-0.7602635149,0.8203402733,0.5,141
1,-0.7522112693,0.7811591383,0.5,142
1,-0.7413923432,0.7426500375,0.5,143
1,-0.7331133299,0.7035161911,0.5,144
1,-0.7288225512,0.6637469917,0.5,145
1,-0.7291935546,0.6237487123,0.5,146
1,-0.7278117229,0.5837725877,0.5,147
1,-0.7255704254,0.5438354297,0.5,148
1,-0.7234121787,0.5038936975,0.5,149
1,-0.7219059109,0.4639220681,0.5,150
1,-0.7203026296,0.4239542124,0.5,151
1,-0.727463985,0.3846004961,0.5,152
1,-0.7238632568,0.3447628913,0.5,153
1,-0.7160887842,0.305525695,0.5,154
1,-0.7109168553,0.2658614648,0.5,155
1,-0.6976220141,0.2281355162,0.5,156
1,-0.6898837483,0.1888911632,0.5,157
1,-0.6781917589,0.150638093,0.5,158
1,-0.6609820972,0.1145295408,0.5,159
1,-0.6377256128,0.0819851721,0.5,160
1,-0.6176996543,0.0473591561,0.5,161
2,0.3535003684,2.7652912833,0.5,82
2,0.314410744,2.7568059274,0.5,83
2,0.2757534366,2.7465291291,0.5,84
2,0.237092703,2.7362652275,0.5,85
2,0.1981449563,2.7271507871,0.5,86
2,0.1583624604,2.7229850916,0.5,87
2,0.1185969845,2.7186599408,0.5,88
2,0.0791954631,2.7117664577,0.5,89
2,0.0393597307,2.7081450728,0.5,90
2,-0.0003081839,2.7030014795,0.5,91
2,-0.0401967859,2.7000182891,0.5,92
2,-0.0794999099,2.6925842832,0.5,93
2,-0.1182466003,2.6826497986,0.5,94
2,-0.1092090771,2.7216154652,0.5,95
2,-0.1489940981,2.7174739556,0.5,96
2,-0.1886612161,2.7123242225,0.5,97
2,-0.228432031,2.7080484444,0.5,98
2,-0.2679585638,2.7019122233,0.5,99
2,-0.307478193,2.6957316971,0.5,100
2,-0.3464401347,2.6866781285,0.5,101
2,-0.3849990755,2.6760381999,0.5,102
2,-0.4232050098,2.6641930918,0.5,103
2,-0.461112762,2.6514258555,0.5,104
2,-0.4986954123,2.6377311704,0.5,105
2,-0.5368454889,2.6257073751,0.5,106
2,-0.5740609213,2.6110441015,0.5,107
2,-0.6100397468,2.5935648534,0.5,108
2,-0.6459838294,2.5760142714,0.5,109
2,-0.6796479638,2.554410428,0.5,110
2,-0.7120789305,2.5309960649,0.5,111
2,-0.7421306102,2.5045972666,0.5,112
2,-0.7699332785,2.4758394567,0.5,113
2,-0.7967002721,2.4461152568,0.5,114
2,-0.8210142723,2.4143531821,0.5,115
2,-0.8422991377,2.3804864653,0.5,116
2,-0.8621678615,2.3457699878,0.5,117
2,-0.88019194,2.310060989,0.5,118
2,-0.8959018474,2.2732751383,0.5,119
2,-0.907965108,2.2351375224,0.5,120
2,-0.9187285567,2.1966128787,0.5,121
2,-0.9257965637,2.1572422897,0.5,122
2,-0.9300003869,2.1174638047,0.5,123
2,-0.9306118339,2.0774684783,0.5,124
2,-0.9279917848,2.0375543788,0.5,125
2,-0.9233836306,1.997820704,0.5,126
2,-0.9163507237,1.9584438298,0.5,127
2,-0.9078062202,1.9193670917,0.5,128
2,-0.8982053512,1.880536391,0.5,129
2,-0.888151115,1.8418206018,0.5,130
2,-0.8775898902,1.8032400299,0.5,131
2,-0.8669586138,1.7646787026,0.5,132
2,-0.8559635827,1.7262195127,0.5,133
2,-0.8446826781,1.6878432024,0.5,134
2,-0.8330778045,1.6495636137,0.5,135
2,-0.8220358856,1.6111178594,0.5,136
2,-0.811792529,1.5724516772,0.5,137
2,-0.8024537791,1.5335571049,0.5,138
2,-0.7941249759,1.4944338249,0.5,139
2,-0.78638833,1.4551891525,0.5,140
2,-0.7798096022,1.4157338571,0.5,141
2,-0.7748067057,1.3760479524,0.5,142
2,-0.7694496945,1.3364082951,0.5,143
2,-0.7660450402,1.2965534544,0.5,144
2,-0.762113242,1.2567471614,0.5,145
2,-0.7573129804,1.2170362374,0.5,146
2,-0.7552466283,1.1770896456,0.5,147
2,-0.7528150602,1.1371636206,0.5,148
2,-0.7482912515,1.0974202544,0.5,149
2,-0.7463477131,1.0574674991,0.5,150
2,-0.7409581549,1.0178322539,0.5,151
2,-0.7312568016,0.9790265359,0.5,152
2,-0.7235841664,0.9397692988,0.5,153
2,-0.7189595371,0.9000375381,0.5,154
2,-0.7198570239,0.8600476079,0.5,155
2,-0.7169657582,0.8201522375,0.5,156
2,-0.7116943271,0.7805011087,0.5,157
2,-0.7039953065,0.7412490377,0.5,158
2,-0.7040455497,0.7012490692,0.5,159
2,-0.7032222188,0.6612575435,0.5,160
2,-0.701372692,0.6213003258,0.5,161
3,1.0454581843,3.2369050976,0.5,82
3,1.0054587898,3.2366850162,0.5,83
3,0.9654634667,3.2360733503,0.5,84
3,0.9254860461,3.2347295348,0.5,85
3,0.8855275259,3.2329083644,0.5,86
3,0.8456295657,3.2300530581,0.5,87
3,0.8058450868,3.2259063437,0.5,88
3,0.7664879255,3.2187639453,0.5,89
3,0.7282421363,3.2070481609,0.5,90
3,0.6927235549,3.1886516836,0.5,91
3,0.6601932972,3.1653754654,0.5,92
3,0.6316584326,3.1373440277,0.5,93
3,0.6070773568,3.1057881928,0.5,94
3,0.5847928363,3.0725707253,0.5,95
3,0.5613110105,3.040188572,0.5,96
3,0.5370953393,3.0083514667,0.5,97
3,0.5143939704,2.9754174744,0.5,98
3,0.4901580077,2.9435958134,0.5,99
3,0.4631092994,2.9141277394,0.5,100
3,0.4344073732,2.8862673836,0.5,101
3,0.4054224038,2.8587016158,0.5,102
3,0.3748804584,2.8328716028,0.5,103
3,0.3438703922,2.8076055032,0.5,104
3,0.3173740602,2.7776397828,0.5,105
3,0.3025156827,2.7405018155,0.5,106
3,0.2909927688,2.7021974756,0.5,107
3,0.2841007898,2.6627956911,0.5,108
3,0.2713187669,2.6248929222,0.5,109
3,0.2533287873,2.5891667324,0.5,110
3,0.2276817788,2.5584709517,0.5,111
3,0.1949821062,2.535433343,0.5,112
3,0.1560159667,2.526397859,0.5,113
3,0.1162213595,2.5304462215,0.5,114
3,0.0769849092,2.5382244583,0.5,115
3,0.0370361027,2.5362013769,0.5,116
3,-0.0026186041,2.5309569295,0.5,117
3,-0.0426182791,2.5311181766,0.5,118
3,-0.0824866863,2.5278762464,0.5,119
3,-0.1219191692,2.5211621354,0.5,120
3,-0.1617991556,2.5180658978,0.5,121
3,-0.2008989869,2.5096276994,0.5,122
3,-0.2406341921,2.50503276,0.5,123
3,-0.2806042134,2.5034844076,0.5,124
3,-0.3202238709,2.4979814319,0.5,125
3,-0.3586620496,2.48691317,0.5,126
3,-0.3975606889,2.4775913754,0.5,127
3,-0.4352892791,2.4643040324,0.5,128
3,-0.4716497386,2.4476331902,0.5,129
3,-0.5051158868,2.4257239016,0.5,130
3,-0.5362248886,2.4005797173,0.5,131
3,-0.5640976822,2.3718898692,0.5,132
3,-0.5868535817,2.3389935315,0.5,133
3,-0.6065044641,2.3041532843,0.5,134
3,-0.6221476638,2.2673390167,0.5,135
3,-0.6316042056,2.2284729155,0.5,136
3,-0.6359520969,2.1887099197,0.5,137
3,-0.6424762204,2.1492455584,0.5,138
3,-0.6393597057,2.1093671515,0.5,139
3,-0.6454489859,2.06983336,0.5,140
3,-0.6443633754,2.0298480946,0.5,141
3,-0.6427422287,1.9898809596,0.5,142
3,-0.6372754237,1.950256295,0.5,143
3,-0.6419298388,1.9105280126,0.5,144
3,-0.6385667158,1.8706696458,0.5,145
3,-0.6381014073,1.8306723523,0.5,146
3,-0.636818643,1.7906929262,0.5,147
3,-0.6380325666,1.7507113505,0.5,148
3,-0.6346037138,1.7108585844,0.5,149
3,-0.6336764356,1.6708693339,0.5,150
3,-0.6278597727,1.6312945132,0.5,151
3,-0.6280965085,1.5912952138,0.5,152
3,-0.6269996511,1.5513102553,0.5,153
3,-0.6243058019,1.5114010687,0.5,154
3,-0.620263896,1.4716058052,0.5,155
3,-0.6186450696,1.4316385761,0.5,156
3,-0.6153731611,1.391772618,0.5,157
3,-0.6104533969,1.3520763219,0.5,158
3,-0.6002776606,1.3133922892,0.5,159
3,-0.6044695179,1.2736125414,0.5,160
3,-0.5950164014,1.234745607,0.5,161
4,0.8459680879,2.6919210671,0.5,82
4,0.8108270409,2.7110288356,0.5,83
4,0.7708328389,2.7103478061,0.5,84
4,0.7310760413,2.7059435981,0.5,85
4,0.6911646676,2.7032823487,0.5,86
4,0.651560947,2.7088988701,0.5,87
4,0.6115792801,2.7076879548,0.5,88
4,0.5721415423,2.7010047789,0.5,89
4,0.5330332833,2.6926057271,0.5,90
4,0.4947351343,2.6810622534,0.5,91
4,0.4578048683,2.6656949033,0.5,92
4,0.4228335365,2.6462782621,0.5,93
4,0.3888149567,2.6252369639,0.5,94
4,0.3588512602,2.5987383433,0.5,95
4,0.324403578,2.5784071557,0.5,96
4,0.2876028526,2.5627321242,0.5,97
4,0.2477830616,2.5589394682,0.5,98
4,0.208070137,2.5541557851,0.5,99
4,0.1682043028,2.5574292022,0.5,100
4,0.128213841,2.5565557235,0.5,101
4,0.0882290557,2.5554525689,0.5,102
4,0.0482603591,2.5538703894,0.5,103
4,0.0084807788,2.5580638351,0.5,104
4,-0.0315140716,2.5574220064,0.5,105
4,-0.0712185171,2.5622755623,0.5,106
4,-0.1097895915,2.5728714211,0.5,107
4,-0.148265115,2.5838091579,0.5,108
4,-0.185339222,2.5988261682,0.5,109
4,-0.2232491023,2.6115870838,0.5,110
4,-0.2615312874,2.6231833895,0.5,111
4,-0.3005127362,2.6321525954,0.5,112
4,-0.3404661846,2.6340818335,0.5,113
4,-0.3804005095,2.631790613,0.5,114
4,-0.4197484531,2.6245976067,0.5,115
4,-0.4586050438,2.6151020629,0.5,116
4,-0.4967471725,2.6030530787,0.5,117
4,-0.5344321466,2.5896425334,0.5,118
4,-0.5717852524,2.5753336029,0.5,119
4,-0.6096086201,2.562318502,0.5,120
4,-0.6472806983,2.5488717729,0.5,121
4,-0.6846975684,2.5347304209,0.5,122
4,-0.7222307709,2.5209007893,0.5,123
4,-0.7584005658,2.5038202175,0.5,124
4,-0.7936565113,2.4849252894,0.5,125
4,-0.8277409812,2.463990894,0.5,126
4,-0.8609091882,2.4416331203,0.5,127
4,-0.8925496978,2.4171611332,0.5,128
4,-0.9229744442,2.3911931759,0.5,129
4,-0.9505759494,2.3622422362,0.5,130
4,-0.9743777593,2.3300945481,0.5,131
4,-0.9973686905,2.2973620401,0.5,132
4,-1.01719222,2.2626197362,0.5,133
4,-1.032385315,2.2256174409,0.5,134
4,-1.0410276616,2.1865622255,0.5,135
4,-1.0458504158,2.1468540268,0.5,136
4,-1.0505030138,2.1071255316,0.5,137
4,-1.0502385617,2.0671264058,0.5,138
4,-1.0542269494,2.027325743,0.5,139
4,-1.0529484666,1.9873461797,0.5,140
4,-1.0513324246,1.9473788379,0.5,141
4,-1.0493791688,1.9074265565,0.5,142
4,-1.0521219277,1.8675207013,0.5,143
4,-1.0504346703,1.8275563026,0.5,144
4,-1.0441979166,1.7880455079,0.5,145
4,-1.0484343307,1.7482704806,0.5,146
4,-1.052983149,1.7085299691,0.5,147
4,-1.0481429016,1.668823899,0.5,148
4,-1.0529559491,1.6291145226,0.5,149
4,-1.0482409827,1.5893933809,0.5,150
4,-1.047924034,1.5493946367,0.5,151
4,-1.0469382724,1.5094067851,0.5,152
4,-1.0453066574,1.469440076,0.5,153
4,-1.0427059109,1.4295247141,0.5,154
4,-1.034969862,1.390279924,0.5,155
4,-1.0343323098,1.3502850053,0.5,156
4,-1.0324032024,1.3103315505,0.5,157
4,-1.0288967092,1.2704855406,0.5,158
4,-1.0233521584,1.23087168,0.5,159
4,-1.0169820371,1.191382168,0.5,160
4,-0.9983931869,1.1559638868,0.5,161
5,1.9992509533,3.175043195,0.5,82
5,1.959687824,3.1809388542,0.5,83
5,1.9198042966,3.1839891406,0.5,84
5,1.8802558553,3.1899825359,0.5,85
5,1.8407132265,3.1960141618,0.5,86
5,1.8015742854,3.2042690564,0.5,87
5,1.7632476619,3.2157176343,0.5,88
5,1.7246416451,3.2261854643,0.5,89
5,1.6859894116,3.2364813299,0.5,90
5,1.647034644,3.2455657165,0.5,91
5,1.6077429218,3.2530597517,0.5,92
5,1.5681876294,3.2590077637,0.5,93
5,1.5283580929,3.2626966684,0.5,94
5,1.488435569,3.2651850586,0.5,95
5,1.4484356844,3.2652811567,0.5,96
5,1.4084693377,3.2636406906,0.5,97
5,1.3685944039,3.2604800491,0.5,98
5,1.3289378784,3.2552493718,0.5,99
5,1.2895360027,3.248357914,0.5,100
5,1.2504490645,3.2398601927,0.5,101
5,1.2114969748,3.2307643309,0.5,102
5,1.1728486254,3.2204538947,0.5,103
5,1.134917445,3.2077564322,0.5,104
5,1.0974966749,3.1936254038,0.5,105
5,1.0605369481,3.1783290448,0.5,106
5,1.0239955983,3.1620585271,0.5,107
5,0.9887810778,3.1430865069,0.5,108
5,0.9539294248,3.1234558604,0.5,109
5,0.9200299977,3.10222313,0.5,110
5,0.8867846788,3.0799801811,0.5,111
5,0.8563198707,3.0540592346,0.5,112
5,0.8291124582,3.0247376265,0.5,113
5,0.8042930795,2.993368877,0.5,114
5,0.7767839418,2.9643301556,0.5,115
5,0.751686275,2.9331836129,0.5,116
5,0.7233540707,2.9049473561,0.5,117
5,0.6951369203,2.8765961229,0.5,118
5,0.6682422972,2.8469873531,0.5,119
5,0.6411475,2.8175616507,0.5,120
5,0.6122065992,2.7899496196,0.5,121
5,0.5829099958,2.7627152841,0.5,122
5,0.5533502787,2.7357667568,0.5,123
5,0.52377965,2.7088302032,0.5,124
5,0.4949819863,2.681068817,0.5,125
5,0.4657935053,2.6537186327,0.5,126
5,0.4414970423,2.6219431408,0.5,127
5,0.4162633805,2.5909066734,0.5,128
5,0.3907237094,2.5601215277,0.5,129
5,0.3679549702,2.5272340754,0.5,130
5,0.3421730556,2.496651517,0.5,131
5,0.3095089365,2.4735635261,0.5,132
5,0.2714601081,2.4859039742,0.5,133
5,0.2356038308,2.5036332545,0.5,134
5,0.2068241239,2.5314132557,0.5,135
5,0.1714787679,2.5501403967,0.5,136
5,0.1344629278,2.5653004621,0.5,137
5,0.0954523611,2.5741421637,0.5,138
5,0.0569390531,2.5849461032,0.5,139
5,0.0174266066,2.5911723839,0.5,140
5,-0.022572463,2.5914451945,0.5,141
5,-0.0625240606,2.5894780011,0.5,142
5,-0.102445053,2.5869651612,0.5,143
5,-0.1421478935,2.5820984932,0.5,144
5,-0.1821362101,2.5811317788,0.5,145
5,-0.2217462509,2.5755600044,0.5,146
5,-0.260737006,2.5666313419,0.5,147
5,-0.2998961246,2.5584727003,0.5,148
5,-0.3390586389,2.5503303743,0.5,149
5,-0.3775620228,2.5394911202,0.5,150
5,-0.4144009732,2.5239061361,0.5,151
5,-0.4502009847,2.5060635135,0.5,152
5,-0.4842663093,2.4850979785,0.5,153
5,-0.5163176897,2.461166639,0.5,154
5,-0.5463955378,2.4347976599,0.5,155
5,-0.5737720608,2.4056338812,0.5,156
5,-0.5974402991,2.3733877265,0.5,157
5,-0.6196849729,2.3401435618,0.5,158
5,-0.6383645402,2.3047730406,0.5,159
5,-0.6535094218,2.2677509856,0.5,160
5,-0.6646934385,2.2293463274,0.5,161
6,1.4729750355,3.1518384523,0.5,82
6,1.4352959995,3.1652656726,0.5,83
6,1.3961962081,3.1737040559,0.5,84
6,1.357211877,3.1826607253,0.5,85
6,1.3179094663,3.1900985014,0.5,86
6,1.2790490239,3.1995782702,0.5,87
6,1.2401643143,3.2089580016,0.5,88
6,1.2008575771,3.2163728791,0.5,89
6,1.1614526913,3.2232471048,0.5,90
6,1.122064073,3.2302139369,0.5,91
6,1.0827318204,3.2374922541,0.5,92
6,1.0435300388,3.2454433751,0.5,93
6,1.0046087246,3.2546700376,0.5,94
6,0.9664595169,3.2666965894,0.5,95
6,0.9286732497,3.2798190133,0.5,96
6,0.8904017809,3.2914506372,0.5,97
6,0.8511922818,3.2993636128,0.5,98
6,0.8114461228,3.303862818,0.5,99
6,0.7714497921,3.3044045994,0.5,100
6,0.7317908064,3.299192608,0.5,101
6,0.6956320309,3.2820887208,0.5,102
6,0.6736861127,3.2486465816,0.5,103
6,0.6550005665,3.2132792186,0.5,104
6,0.634656683,3.1788390327,0.5,105
6,0.6152887108,3.1438407235,0.5,106
6,0.5908169333,3.1122000518,0.5,107
6,0.5623410666,3.0841086827,0.5,108
6,0.5343763323,3.0555084443,0.5,109
6,0.5076804939,3.0257203223,0.5,110
6,0.4776875902,2.9992547649,0.5,111
6,0.4451867058,2.9759375499,0.5,112
6,0.4113359666,2.9546272835,0.5,113
6,0.3758400871,2.9361870412,0.5,114
6,0.3404327643,2.9175773263,0.5,115
6,0.3040858076,2.9008770644,0.5,116
6,0.266860902,2.8862378569,0.5,117
6,0.2296772327,2.8714942231,0.5,118
6,0.1912350232,2.860439969,0.5,119
6,0.1533890002,2.847490894,0.5,120
6,0.1155960927,2.8343876067,0.5,121
6,0.0768135974,2.8245938299,0.5,122
6,0.0383473891,2.8136233781,0.5,123
6,-0.0003140807,2.8033622497,0.5,124
6,-0.0398150449,2.7970635331,0.5,125
6,-0.0398139584,2.7570635331,0.5,126
6,-0.0684287318,2.7291136718,0.5,127
6,-0.0909733058,2.6960721497,0.5,128
6,-0.0917284131,2.6560792777,0.5,129
6,-0.1207070462,2.6285068489,0.5,130
6,-0.1518981973,2.6034646427,0.5,131
6,-0.1918936484,2.6028614111,0.5,132
6,-0.2316493368,2.6072756197,0.5,133
6,-0.2714041599,2.6028536244,0.5,134
6,-0.3113748923,2.6043835111,0.5,135
6,-0.3513741853,2.6046213276,0.5,136
6,-0.3910200416,2.599310388,0.5,137
6,-0.4287521986,2.5860331772,0.5,138
6,-0.4654049994,2.570015306,0.5,139
6,-0.5011264219,2.5520158624,0.5,140
6,-0.5353000286,2.5312272933,0.5,141
6,-0.5681609627,2.5084202985,0.5,142
6,-0.59980901,2.4839580602,0.5,143
6,-0.6308730187,2.458758311,0.5,144
6,-0.659508979,2.4308301571,0.5,145
6,-0.6875828567,2.4023370458,0.5,146
6,-0.7143632916,2.3726249555,0.5,147
6,-0.7398866839,2.341826312,0.5,148
6,-0.7647783467,2.3105148904,0.5,149
6,-0.7884971477,2.278305909,0.5,150
6,-0.8118384956,2.245822352,0.5,151
6,-0.8334303189,2.2121505067,0.5,152
6,-0.8542594122,2.1780015847,0.5,153
6,-0.8739563715,2.1431873664,0.5,154
6,-0.8923215436,2.1076525884,0.5,155
6,-0.9090216605,2.0713055651,0.5,156
6,-0.9250401327,2.034653027,0.5,157
6,-0.9387262424,1.9970672531,0.5,158
6,-0.9524363911,1.9594902412,0.5,159
6,-0.9628539342,1.9208706245,0.5,160
6,-0.9715942007,1.8818372063,0.5,161
